Concurso;Data;D1;D2;D3;D4;D5;D6
1;06/11/2001;7;15;24;41;48;50
2;09/11/2001;4;9;11;32;38;42
3;13/11/2001;11;34;42;44;45;47
4;16/11/2001;29;38;43;44;46;50
5;20/11/2001;7;12;16;25;32;40
6;23/11/2001;9;13;14;16;31;41
7;27/11/2001;6;9;17;23;24;32
8;30/11/2001;11;24;29;32;38;39
9;04/12/2001;10;18;22;37;42;44
10;07/12/2001;17;19;31;34;39;44
11;11/12/2001;2;4;8;27;36;43
12;14/12/2001;12;21;28;29;45;48
13;18/12/2001;1;3;31;33;37;46
14;21/12/2001;6;7;33;38;39;47
15;28/12/2001;4;30;32;40;43;44
16;04/01/2002;19;21;25;26;41;46
17;08/01/2002;3;5;14;43;44;47
18;11/01/2002;15;27;28;35;41;50
19;15/01/2002;5;10;19;25;33;34
20;18/01/2002;7;13;16;26;45;49
21;22/01/2002;6;14;17;30;37;44
22;25/01/2002;2;17;27;29;34;42
23;29/01/2002;8;9;10;11;22;42
24;01/02/2002;19;24;25;26;42;44
25;04/02/2002;6;15;30;35;42;46
26;08/02/2002;2;4;8;17;23;38
27;15/02/2002;5;7;19;29;32;35
28;19/02/2002;1;10;13;22;26;38
29;22/02/2002;1;12;19;23;39;50
30;26/02/2002;8;18;21;33;36;46
31;01/03/2002;5;19;20;29;32;43
32;05/03/2002;18;20;24;30;39;47
33;08/03/2002;11;16;17;19;24;32
34;12/03/2002;1;7;29;40;41;45
35;15/03/2002;1;2;6;26;30;45
36;19/03/2002;9;12;14;17;22;50
37;22/03/2002;11;25;33;45;47;48
38;26/03/2002;2;18;19;31;39;46
39;02/04/2002;3;12;15;37;44;50
40;05/04/2002;4;9;15;21;23;32
41;09/04/2002;15;22;25;32;34;47
42;12/04/2002;5;6;14;39;42;48
43;17/04/2002;1;10;32;34;39;43
44;19/04/2002;3;9;15;28;35;45
45;23/04/2002;2;19;23;28;44;47
46;26/04/2002;1;9;14;26;29;41
47;30/04/2002;3;13;21;26;34;37
48;03/05/2002;16;23;32;41;42;43
49;07/05/2002;2;15;21;33;41;45
50;10/05/2002;7;8;26;33;36;40
51;14/05/2002;4;7;11;12;22;28
52;17/05/2002;3;17;26;39;42;48
53;21/05/2002;4;5;20;23;29;42
54;24/05/2002;4;5;23;27;34;36
55;28/05/2002;4;27;33;43;44;45
56;31/05/2002;3;10;18;33;40;47
57;04/06/2002;1;18;23;35;38;46
58;07/06/2002;14;23;25;32;33;42
59;11/06/2002;2;16;28;33;38;46
60;14/06/2002;12;15;29;35;36;43
61;18/06/2002;1;9;18;28;32;36
62;21/06/2002;4;8;23;28;38;43
63;25/06/2002;5;9;10;16;40;47
64;28/06/2002;10;11;12;26;37;42
65;02/07/2002;1;5;8;14;29;44
66;05/07/2002;6;17;19;31;33;47
67;09/07/2002;34;35;40;43;46;48
68;12/07/2002;3;12;15;21;24;28
69;16/07/2002;2;9;14;18;37;47
70;19/07/2002;17;23;25;26;29;46
71;23/07/2002;15;25;33;36;45;47
72;26/07/2002;8;14;34;37;39;47
73;30/07/2002;6;17;21;33;40;45
74;02/08/2002;7;12;15;16;28;46
75;06/08/2002;7;11;13;22;30;43
76;09/08/2002;11;21;31;36;41;48
77;13/08/2002;11;23;29;31;39;50
78;16/08/2002;6;8;21;41;42;45
79;20/08/2002;2;4;8;18;26;33
80;23/08/2002;19;23;27;33;41;45
81;27/08/2002;4;16;31;32;38;39
82;30/08/2002;15;18;23;32;35;39
83;03/09/2002;6;8;13;15;41;48
84;06/09/2002;4;11;27;31;34;42
85;10/09/2002;9;19;25;27;28;32
86;13/09/2002;14;23;25;32;33;48
87;17/09/2002;1;19;23;39;42;47
88;20/09/2002;18;20;30;42;46;50
89;24/09/2002;4;8;14;31;39;42
90;27/09/2002;7;28;36;39;40;50
91;01/10/2002;11;15;19;33;34;43
92;04/10/2002;1;28;31;34;35;38
93;08/10/2002;1;22;25;28;33;44
94;11/10/2002;21;25;26;32;36;43
95;15/10/2002;19;27;29;31;38;42
96;18/10/2002;7;9;11;13;22;50
97;22/10/2002;4;5;16;17;19;21
98;25/10/2002;11;15;17;20;27;33
99;29/10/2002;12;21;30;38;43;45
100;01/11/2002;9;11;22;26;33;47
101;05/11/2002;3;19;25;37;39;49
102;08/11/2002;5;19;26;30;35;40
103;12/11/2002;7;15;33;37;41;45
104;15/11/2002;8;24;28;29;30;38
105;19/11/2002;2;6;23;27;43;50
106;22/11/2002;1;6;11;31;46;49
107;26/11/2002;17;19;31;33;36;40
108;29/11/2002;6;10;14;16;18;34
109;03/12/2002;26;32;41;44;45;46
110;06/12/2002;14;20;27;34;38;43
111;10/12/2002;6;7;16;47;48;49
112;13/12/2002;14;16;37;45;46;47
113;17/12/2002;21;30;31;42;45;50
114;20/12/2002;14;28;29;30;33;39
115;27/12/2002;3;8;23;26;38;44
116;03/01/2003;5;8;10;34;38;47
117;07/01/2003;13;14;26;28;44;46
118;10/01/2003;3;5;16;18;33;49
119;14/01/2003;11;20;27;36;38;45
120;17/01/2003;29;34;36;38;40;50
121;21/01/2003;7;9;12;15;31;39
122;24/01/2003;3;9;17;18;22;38
123;28/01/2003;12;32;35;38;39;49
124;31/01/2003;11;28;36;37;46;47
125;04/02/2003;7;8;11;15;41;46
126;07/02/2003;1;4;25;42;43;47
127;11/02/2003;1;16;17;31;42;44
128;14/02/2003;4;12;21;22;28;42
129;18/02/2003;3;11;14;27;33;49
130;21/02/2003;1;4;16;18;39;45
131;25/02/2003;4;23;29;30;40;47
132;28/02/2003;4;7;19;37;44;46
133;07/03/2003;3;27;29;38;41;47
134;11/03/2003;19;21;22;25;29;31
135;14/03/2003;2;3;12;13;26;44
136;18/03/2003;6;10;20;26;38;47
137;21/03/2003;14;18;29;31;42;48
138;25/03/2003;1;2;3;11;24;42
139;28/03/2003;13;19;29;42;44;48
140;01/04/2003;4;8;43;44;46;47
141;04/04/2003;15;27;32;33;42;43
142;08/04/2003;5;6;20;36;38;45
143;11/04/2003;1;6;19;32;44;49
144;15/04/2003;8;21;35;42;45;49
145;18/04/2003;12;15;19;29;43;47
146;22/04/2003;8;11;14;34;42;47
147;25/04/2003;5;9;33;34;40;44
148;29/04/2003;9;27;28;32;48;49
149;02/05/2003;18;31;37;39;41;50
150;06/05/2003;3;5;10;13;27;50
151;09/05/2003;12;20;22;27;37;41
152;13/05/2003;8;24;25;42;47;49
153;16/05/2003;3;8;15;21;38;41
154;20/05/2003;1;2;4;13;17;19
155;23/05/2003;3;7;22;25;31;37
156;27/05/2003;8;19;21;32;37;46
157;30/05/2003;9;22;27;35;36;45
158;03/06/2003;2;10;14;20;29;38
159;06/06/2003;3;12;21;28;37;42
160;10/06/2003;6;19;27;34;37;38
161;13/06/2003;9;24;26;29;35;44
162;17/06/2003;31;38;39;40;43;44
163;20/06/2003;15;19;20;25;34;46
164;24/06/2003;4;23;40;41;45;47
165;27/06/2003;6;11;16;26;44;49
166;01/07/2003;27;36;39;40;41;47
167;04/07/2003;11;12;14;17;21;33
168;08/07/2003;7;14;17;20;21;29
169;11/07/2003;1;12;22;23;38;46
170;15/07/2003;4;16;29;33;42;49
171;18/07/2003;16;21;25;31;35;43
172;22/07/2003;6;11;25;34;42;47
173;25/07/2003;3;14;22;25;27;44
174;29/07/2003;9;11;12;19;29;34
175;01/08/2003;2;15;28;44;45;48
176;05/08/2003;9;19;21;22;29;46
177;08/08/2003;13;20;23;31;33;36
178;12/08/2003;7;8;10;14;21;44
179;15/08/2003;13;15;18;21;29;33
180;19/08/2003;2;9;20;35;38;42
181;22/08/2003;3;19;25;30;33;49
182;26/08/2003;3;17;26;42;45;49
183;29/08/2003;21;24;26;39;42;49
184;02/09/2003;8;19;39;44;46;47
185;05/09/2003;10;31;42;44;46;49
186;09/09/2003;1;14;15;22;30;36
187;12/09/2003;4;9;10;11;26;37
188;16/09/2003;2;6;9;24;33;49
189;19/09/2003;1;3;17;18;25;33
190;23/09/2003;2;11;29;36;43;45
191;26/09/2003;3;31;34;35;37;43
192;30/09/2003;2;9;19;21;23;31
193;03/10/2003;6;16;40;41;46;47
194;07/10/2003;2;6;12;13;18;19
195;10/10/2003;5;20;30;32;34;42
196;14/10/2003;23;28;32;42;43;45
197;17/10/2003;3;12;13;18;31;40
198;21/10/2003;7;30;35;38;39;43
199;24/10/2003;1;11;25;33;40;48
200;28/10/2003;4;6;8;23;29;36
201;31/10/2003;8;31;32;43;44;49
202;04/11/2003;1;3;5;18;38;41
203;07/11/2003;12;24;36;37;40;44
204;11/11/2003;2;6;28;34;39;40
205;14/11/2003;8;28;33;35;45;48
206;18/11/2003;7;8;16;21;26;45
207;21/11/2003;12;15;16;27;36;43
208;25/11/2003;9;10;18;38;39;46
209;28/11/2003;2;10;23;30;36;47
210;02/12/2003;4;20;29;38;39;42
211;05/12/2003;10;13;25;28;31;36
212;09/12/2003;8;17;19;29;34;40
213;12/12/2003;4;8;12;13;18;35
214;16/12/2003;12;20;21;22;34;47
215;19/12/2003;8;11;18;25;40;44
216;23/12/2003;15;21;33;39;40;50
217;26/12/2003;2;5;18;26;36;37
218;30/12/2003;7;19;30;34;37;41
219;02/01/2004;3;4;13;21;29;35
220;06/01/2004;5;6;11;19;31;33
221;09/01/2004;16;17;21;33;34;39
222;13/01/2004;11;15;28;35;41;43
223;16/01/2004;3;13;14;26;44;45
224;20/01/2004;1;7;13;26;42;44
225;23/01/2004;13;25;28;45;47;49
226;27/01/2004;3;20;28;35;44;47
227;30/01/2004;1;10;14;19;33;40
228;03/02/2004;3;11;12;14;21;30
229;06/02/2004;5;8;19;28;30;48
230;10/02/2004;5;12;21;26;45;47
231;13/02/2004;4;5;12;26;36;41
232;17/02/2004;12;14;27;44;47;48
233;20/02/2004;5;24;25;27;38;43
234;27/02/2004;4;22;29;35;36;47
235;02/03/2004;13;18;21;22;25;45
236;05/03/2004;16;18;21;25;26;35
237;09/03/2004;14;24;26;28;29;43
238;12/03/2004;6;7;14;24;45;48
239;16/03/2004;1;7;16;37;42;45
240;19/03/2004;17;27;31;34;44;47
241;23/03/2004;3;5;16;18;45;48
242;26/03/2004;3;13;14;16;25;26
243;30/03/2004;3;16;17;31;39;40
244;02/04/2004;17;26;31;41;42;44
245;06/04/2004;2;5;20;40;43;46
246;13/04/2004;11;21;26;27;38;50
247;16/04/2004;2;12;18;24;46;47
248;20/04/2004;10;13;14;22;23;41
249;23/04/2004;4;7;8;11;46;48
250;27/04/2004;14;18;23;28;31;48
251;30/04/2004;1;4;6;35;43;47
252;04/05/2004;5;14;19;31;36;42
253;07/05/2004;3;5;12;13;25;43
254;11/05/2004;14;18;21;29;40;41
255;14/05/2004;24;25;33;37;39;47
256;18/05/2004;7;29;30;34;35;47
257;21/05/2004;5;11;23;33;46;48
258;25/05/2004;19;21;29;32;35;48
259;28/05/2004;10;17;22;28;29;40
260;01/06/2004;5;18;26;35;40;42
261;04/06/2004;15;20;26;27;30;40
262;08/06/2004;9;23;25;36;44;50
263;11/06/2004;11;15;17;30;42;48
264;15/06/2004;4;5;13;30;38;41
265;18/06/2004;3;15;17;21;47;48
266;22/06/2004;9;10;12;16;33;47
267;25/06/2004;3;7;14;24;36;46
268;29/06/2004;17;26;33;34;41;45
269;02/07/2004;4;16;18;29;34;44
270;06/07/2004;1;7;11;31;48;49
271;09/07/2004;12;17;29;30;39;48
272;13/07/2004;9;11;12;13;17;27
273;16/07/2004;14;16;19;30;41;44
274;20/07/2004;11;15;20;27;38;46
275;23/07/2004;5;12;20;31;42;45
276;27/07/2004;1;14;23;26;47;50
277;30/07/2004;2;7;29;35;38;39
278;03/08/2004;8;10;17;21;25;48
279;06/08/2004;18;21;43;46;49;50
280;10/08/2004;20;24;33;40;43;46
281;13/08/2004;5;13;14;27;40;45
282;17/08/2004;23;26;31;32;34;41
283;20/08/2004;4;11;18;26;29;47
284;24/08/2004;8;20;27;34;39;44
285;27/08/2004;5;7;8;9;23;43
286;31/08/2004;3;25;32;38;46;50
287;03/09/2004;1;3;31;34;35;36
288;10/09/2004;5;11;15;25;32;35
289;14/09/2004;12;21;33;36;45;49
290;17/09/2004;4;10;11;24;35;41
291;21/09/2004;6;11;35;37;41;49
292;24/09/2004;2;11;15;34;36;43
293;28/09/2004;7;9;12;40;41;42
294;01/10/2004;2;6;9;16;29;46
295;05/10/2004;5;15;16;21;30;40
296;08/10/2004;2;11;14;22;28;40
297;15/10/2004;8;9;10;40;44;49
298;19/10/2004;4;11;14;20;33;43
299;22/10/2004;2;16;25;36;44;45
300;26/10/2004;2;14;22;37;42;46
301;29/10/2004;1;6;13;33;41;45
302;05/11/2004;12;13;15;31;37;44
303;09/11/2004;24;25;28;32;36;41
304;12/11/2004;8;12;18;24;42;47
305;16/11/2004;2;3;6;19;30;49
306;19/11/2004;26;29;32;36;49;50
307;23/11/2004;5;8;16;26;28;49
308;26/11/2004;1;10;30;31;32;34
309;30/11/2004;2;9;10;20;23;44
310;03/12/2004;14;15;16;29;31;49
311;07/12/2004;9;12;19;28;35;36
312;10/12/2004;15;19;29;35;45;49
313;14/12/2004;7;9;15;18;42;43
314;17/12/2004;17;18;23;32;36;40
315;21/12/2004;4;5;34;39;46;49
316;28/12/2004;4;8;11;20;33;42
317;04/01/2005;14;20;23;32;41;50
318;07/01/2005;14;32;34;41;42;44
319;11/01/2005;6;13;15;23;26;33
320;14/01/2005;6;12;14;45;47;50
321;18/01/2005;6;16;23;29;34;47
322;21/01/2005;3;12;15;23;35;39
323;25/01/2005;5;25;27;40;45;48
324;28/01/2005;9;23;31;35;38;45
325;01/02/2005;1;10;23;25;30;39
326;04/02/2005;17;18;33;38;47;49
327;11/02/2005;5;19;23;26;33;34
328;15/02/2005;7;18;21;25;37;39
329;18/02/2005;3;9;14;21;32;42
330;22/02/2005;4;6;18;30;44;48
331;25/02/2005;6;11;16;29;41;47
332;01/03/2005;14;24;29;31;44;47
333;04/03/2005;1;4;19;27;33;39
334;08/03/2005;18;20;34;38;41;47
335;11/03/2005;8;21;26;32;49;50
336;15/03/2005;11;14;25;27;36;39
337;18/03/2005;1;4;14;20;30;35
338;22/03/2005;6;7;11;30;45;47
339;29/03/2005;1;11;25;28;38;50
340;01/04/2005;8;11;30;39;42;49
341;05/04/2005;3;26;30;33;37;49
342;08/04/2005;17;31;42;44;45;46
343;12/04/2005;8;15;20;28;37;43
344;15/04/2005;7;20;24;28;38;45
345;19/04/2005;4;14;18;37;39;46
346;22/04/2005;17;18;38;47;48;50
347;26/04/2005;11;20;33;35;39;42
348;29/04/2005;1;3;4;15;25;40
349;03/05/2005;8;19;20;22;31;43
350;06/05/2005;1;4;23;28;31;40
351;10/05/2005;14;16;19;27;35;49
352;13/05/2005;10;16;19;24;28;39
353;17/05/2005;4;18;24;26;31;40
354;20/05/2005;4;21;31;38;40;44
355;24/05/2005;1;9;10;26;44;50
356;27/05/2005;17;28;31;36;42;47
357;31/05/2005;11;21;22;40;41;42
358;03/06/2005;7;13;17;21;26;44
359;07/06/2005;13;27;33;42;44;50
360;10/06/2005;6;13;30;33;43;48
361;14/06/2005;20;27;28;30;32;38
362;17/06/2005;1;19;24;33;45;47
363;21/06/2005;9;10;23;36;38;39
364;24/06/2005;1;8;13;14;37;48
365;28/06/2005;15;22;31;34;36;37
366;01/07/2005;3;6;26;35;42;46
367;05/07/2005;4;15;31;40;48;50
368;08/07/2005;5;9;10;25;31;46
369;12/07/2005;1;5;11;25;31;47
370;15/07/2005;6;9;33;39;43;49
371;19/07/2005;6;15;17;22;30;41
372;22/07/2005;19;27;36;42;45;46
373;26/07/2005;10;14;17;29;31;41
374;29/07/2005;3;10;22;37;41;50
375;02/08/2005;8;15;28;33;34;35
376;05/08/2005;15;17;29;32;34;43
377;09/08/2005;8;15;31;34;40;43
378;12/08/2005;8;17;19;25;30;43
379;16/08/2005;6;8;9;13;25;44
380;20/08/2005;12;36;39;40;41;45
381;23/08/2005;8;13;20;31;39;41
382;26/08/2005;14;30;35;38;47;50
383;30/08/2005;12;15;20;23;32;37
384;02/09/2005;9;27;40;43;45;48
385;06/09/2005;5;6;15;23;37;50
386;09/09/2005;9;10;15;19;24;38
387;13/09/2005;11;15;23;26;33;46
388;16/09/2005;3;9;15;16;32;42
389;20/09/2005;22;34;35;40;47;49
390;23/09/2005;5;14;19;21;28;35
391;27/09/2005;4;26;28;37;38;42
392;30/09/2005;16;17;32;33;38;43
393;04/10/2005;2;3;16;27;43;48
394;07/10/2005;3;13;22;27;34;46
395;11/10/2005;1;2;29;31;40;47
396;14/10/2005;1;8;12;18;29;33
397;18/10/2005;10;20;24;25;48;49
398;21/10/2005;8;9;10;21;33;34
399;25/10/2005;4;7;10;12;15;48
400;28/10/2005;11;32;40;44;49;50
401;01/11/2005;12;18;20;22;30;31
402;04/11/2005;1;8;11;16;32;41
403;08/11/2005;11;19;30;34;37;46
404;11/11/2005;3;18;29;37;41;46
405;18/11/2005;3;5;18;19;26;33
406;22/11/2005;7;19;30;34;45;49
407;25/11/2005;15;16;20;23;31;34
408;29/11/2005;22;23;33;35;45;50
409;02/12/2005;10;26;39;41;44;46
410;06/12/2005;7;15;19;21;23;37
411;09/12/2005;11;14;28;32;47;48
412;13/12/2005;1;23;24;25;34;44
413;16/12/2005;19;22;31;32;45;48
414;20/12/2005;19;33;35;39;42;45
415;23/12/2005;1;10;12;34;38;45
416;27/12/2005;10;20;28;31;35;48
417;30/12/2005;5;7;10;12;43;47
418;03/01/2006;2;8;24;32;36;50
419;06/01/2006;15;16;17;27;30;43
420;10/01/2006;3;14;31;37;42;46
421;13/01/2006;4;6;7;9;31;46
422;17/01/2006;2;16;27;30;40;43
423;20/01/2006;9;12;23;34;42;43
424;24/01/2006;6;16;24;44;45;46
425;27/01/2006;9;20;25;33;41;47
426;31/01/2006;16;19;26;32;39;50
427;03/02/2006;1;2;8;16;19;43
428;07/02/2006;12;13;28;40;47;48
429;10/02/2006;3;5;6;26;31;42
430;14/02/2006;8;9;18;37;39;50
431;17/02/2006;13;32;35;36;43;49
432;21/02/2006;11;12;19;21;42;44
433;24/02/2006;4;20;21;33;38;42
434;03/03/2006;7;16;20;21;37;44
435;07/03/2006;4;13;17;24;25;37
436;10/03/2006;5;13;25;29;30;50
437;14/03/2006;2;8;11;40;41;47
438;17/03/2006;2;6;8;17;28;34
439;21/03/2006;4;8;20;21;40;44
440;24/03/2006;1;31;33;37;38;48
441;28/03/2006;13;17;25;26;42;47
442;31/03/2006;4;13;19;23;28;35
443;04/04/2006;22;23;25;35;41;47
444;07/04/2006;6;18;21;27;29;38
445;11/04/2006;15;20;29;33;38;48
446;18/04/2006;12;20;32;34;40;47
447;25/04/2006;8;16;20;22;38;42
448;28/04/2006;10;14;15;26;28;39
449;02/05/2006;4;11;15;22;35;48
450;05/05/2006;9;11;18;21;22;39
451;09/05/2006;5;14;28;35;39;49
452;12/05/2006;16;23;24;25;40;49
453;16/05/2006;13;17;21;31;43;45
454;19/05/2006;11;25;28;40;44;49
455;23/05/2006;2;3;5;11;41;49
456;26/05/2006;5;9;11;30;35;36
457;30/05/2006;5;11;15;20;39;45
458;02/06/2006;1;21;23;34;44;46
459;06/06/2006;1;8;12;32;38;41
460;09/06/2006;6;13;17;20;36;42
461;13/06/2006;2;3;5;32;42;44
462;16/06/2006;19;25;29;31;44;45
463;20/06/2006;3;28;30;36;37;44
464;23/06/2006;3;20;33;35;44;47
465;27/06/2006;19;22;24;30;31;45
466;30/06/2006;6;9;13;28;46;50
467;04/07/2006;6;27;38;39;46;48
468;07/07/2006;1;3;6;8;16;19
469;11/07/2006;21;22;24;32;34;47
470;14/07/2006;3;9;11;20;44;48
471;18/07/2006;8;9;15;33;37;50
472;21/07/2006;4;13;33;34;36;37
473;25/07/2006;1;28;31;32;42;43
474;28/07/2006;1;18;24;29;30;33
475;01/08/2006;14;22;30;43;49;50
476;04/08/2006;1;8;9;10;39;46
477;08/08/2006;1;6;7;9;12;30
478;11/08/2006;5;9;25;26;36;37
479;15/08/2006;9;15;17;28;38;50
480;18/08/2006;19;31;36;41;48;49
481;22/08/2006;2;11;18;30;47;48
482;25/08/2006;1;12;20;23;38;40
483;29/08/2006;8;21;27;40;44;47
484;01/09/2006;7;13;21;24;38;42
485;05/09/2006;7;17;20;30;31;38
486;08/09/2006;2;12;14;24;39;44
487;12/09/2006;12;16;24;36;37;50
488;15/09/2006;5;8;18;22;27;43
489;19/09/2006;10;13;15;28;43;44
490;22/09/2006;1;3;7;29;38;41
491;26/09/2006;18;24;29;32;35;49
492;29/09/2006;8;31;34;36;38;39
493;03/10/2006;2;3;17;24;27;35
494;06/10/2006;16;21;28;35;46;47
495;10/10/2006;6;12;24;29;39;49
496;13/10/2006;4;22;24;26;36;37
497;17/10/2006;1;5;28;29;38;39
498;21/10/2006;1;5;14;24;39;46
499;24/10/2006;6;14;24;33;35;43
500;27/10/2006;12;13;14;20;27;44
501;31/10/2006;1;3;27;43;49;50
502;03/11/2006;6;13;17;27;31;34
503;07/11/2006;17;24;25;29;40;44
504;10/11/2006;12;28;32;34;37;47
505;14/11/2006;10;13;24;30;33;45
506;17/11/2006;9;10;15;21;23;45
507;21/11/2006;8;21;23;26;30;48
508;24/11/2006;10;11;14;15;21;31
509;28/11/2006;3;6;25;31;46;48
510;01/12/2006;12;18;27;31;38;39
511;05/12/2006;4;10;18;22;23;34
512;08/12/2006;4;29;38;42;46;47
513;12/12/2006;2;4;8;15;25;29
514;15/12/2006;5;23;29;37;39;47
515;19/12/2006;9;12;18;30;33;49
516;22/12/2006;2;5;12;38;42;48
517;26/12/2006;2;7;10;27;34;49
518;29/12/2006;4;7;9;11;37;48
519;02/01/2007;2;3;12;24;25;49
520;05/01/2007;1;2;3;8;46;50
521;09/01/2007;5;13;24;30;39;41
522;12/01/2007;4;6;20;22;43;49
523;16/01/2007;4;5;18;19;31;32
524;19/01/2007;6;16;26;28;42;47
525;23/01/2007;5;6;19;20;25;27
526;26/01/2007;7;12;14;15;32;44
527;30/01/2007;6;7;13;18;23;37
528;02/02/2007;2;12;16;38;46;50
529;06/02/2007;19;25;32;35;42;44
530;09/02/2007;16;19;30;31;37;49
531;13/02/2007;2;17;18;21;30;45
532;16/02/2007;5;10;18;26;28;43
533;23/02/2007;6;12;21;33;38;48
534;27/02/2007;8;14;28;30;37;47
535;02/03/2007;3;7;11;18;20;45
536;06/03/2007;11;22;23;24;28;50
537;09/03/2007;12;22;29;30;44;46
538;13/03/2007;1;5;29;36;46;48
539;16/03/2007;4;13;30;34;36;42
540;20/03/2007;2;28;31;37;38;49
541;23/03/2007;5;12;16;21;28;33
542;27/03/2007;4;8;22;38;43;50
543;30/03/2007;11;21;25;35;37;38
544;03/04/2007;11;13;21;26;32;43
545;07/04/2007;12;17;21;25;30;45
546;10/04/2007;18;19;20;29;33;44
547;13/04/2007;6;17;20;26;30;46
548;17/04/2007;10;17;29;47;49;50
549;20/04/2007;1;7;32;38;40;41
550;24/04/2007;7;9;29;34;39;50
551;27/04/2007;11;36;37;42;49;50
552;02/05/2007;15;25;26;38;42;49
553;04/05/2007;9;13;18;26;41;43
554;08/05/2007;2;8;16;28;40;45
555;11/05/2007;1;8;20;28;46;50
556;15/05/2007;6;7;16;34;44;45
557;18/05/2007;10;12;20;36;39;45
558;22/05/2007;2;10;20;29;31;34
559;25/05/2007;9;11;20;28;30;33
560;29/05/2007;2;7;15;23;29;37
561;01/06/2007;8;11;17;18;20;21
562;05/06/2007;10;13;18;31;32;37
563;08/06/2007;4;22;34;39;40;47
564;12/06/2007;2;25;36;41;45;47
565;15/06/2007;11;15;21;27;43;49
566;19/06/2007;2;4;11;26;27;44
567;22/06/2007;11;12;13;22;45;49
568;26/06/2007;9;11;27;34;40;48
569;29/06/2007;1;10;19;20;26;30
570;03/07/2007;16;31;37;38;39;42
571;06/07/2007;1;15;21;33;47;48
572;10/07/2007;1;2;15;33;35;37
573;13/07/2007;3;10;34;35;49;50
574;17/07/2007;15;26;30;34;46;49
575;20/07/2007;14;22;42;46;48;49
576;24/07/2007;4;7;17;24;26;39
577;27/07/2007;4;12;14;25;45;47
578;31/07/2007;3;5;27;28;32;48
579;03/08/2007;16;17;21;29;31;35
580;07/08/2007;8;21;23;29;43;46
581;10/08/2007;2;6;19;26;39;49
582;14/08/2007;8;20;24;41;43;49
583;17/08/2007;3;8;13;14;32;36
584;21/08/2007;12;23;32;38;46;50
585;24/08/2007;2;3;7;25;44;49
586;28/08/2007;10;15;16;21;34;39
587;31/08/2007;3;10;15;19;21;49
588;04/09/2007;12;13;33;38;40;44
589;08/09/2007;5;8;25;35;41;46
590;11/09/2007;7;9;14;31;33;39
591;14/09/2007;4;6;21;30;33;35
592;18/09/2007;11;16;20;22;25;33
593;21/09/2007;9;16;17;26;33;46
594;25/09/2007;1;11;32;47;48;50
595;28/09/2007;4;7;22;33;35;47
596;02/10/2007;14;17;26;37;39;46
597;05/10/2007;3;5;20;25;39;47
598;09/10/2007;4;8;9;10;17;46
599;13/10/2007;2;5;9;24;25;36
600;16/10/2007;26;27;34;38;43;44
601;19/10/2007;8;13;17;18;39;46
602;23/10/2007;11;16;19;28;35;48
603;26/10/2007;7;12;17;29;39;43
604;30/10/2007;2;6;9;13;26;48
605;03/11/2007;1;20;28;30;42;48
606;06/11/2007;10;17;19;24;29;46
607;09/11/2007;6;11;16;20;46;47
608;13/11/2007;18;27;35;40;45;47
609;16/11/2007;6;12;16;19;39;44
610;21/11/2007;2;7;23;36;38;46
611;23/11/2007;2;4;14;26;30;42
612;27/11/2007;14;21;22;26;34;38
613;30/11/2007;13;17;25;31;44;47
614;04/12/2007;6;20;36;40;49;50
615;07/12/2007;3;15;23;25;41;48
616;11/12/2007;7;16;23;33;46;48
617;14/12/2007;4;12;16;27;32;41
618;18/12/2007;9;13;16;28;32;42
619;21/12/2007;26;27;28;34;36;50
620;28/12/2007;16;22;23;46;49;50
621;04/01/2008;7;10;15;16;17;36
622;08/01/2008;8;14;27;32;37;45
623;11/01/2008;10;13;26;33;45;46
624;15/01/2008;6;24;30;33;37;41
625;18/01/2008;3;21;22;38;42;43
626;22/01/2008;4;8;14;15;19;45
627;25/01/2008;5;6;11;13;20;33
628;29/01/2008;1;2;14;24;27;32
629;01/02/2008;20;30;32;38;46;49
630;08/02/2008;1;4;16;19;27;42
631;12/02/2008;1;19;27;30;36;47
632;15/02/2008;5;7;9;21;38;40
633;19/02/2008;2;8;16;17;34;49
634;22/02/2008;29;31;33;42;47;48
635;26/02/2008;8;9;10;17;20;42
636;29/02/2008;10;26;30;32;37;43
637;04/03/2008;7;9;14;31;39;43
638;07/03/2008;7;29;35;44;45;50
639;11/03/2008;4;6;7;12;32;33
640;14/03/2008;3;13;15;18;19;30
641;18/03/2008;21;31;32;36;38;40
642;25/03/2008;3;7;10;13;36;38
643;28/03/2008;7;9;14;16;29;41
644;01/04/2008;4;11;13;23;35;49
645;04/04/2008;10;35;36;42;43;50
646;08/04/2008;2;10;30;31;46;47
647;11/04/2008;1;18;20;32;35;49
648;15/04/2008;5;6;10;14;24;48
649;18/04/2008;1;10;11;14;27;40
650;22/04/2008;7;12;16;20;40;43
651;25/04/2008;18;23;30;32;41;42
652;29/04/2008;4;17;26;33;42;48
653;02/05/2008;8;11;16;30;42;48
654;06/05/2008;8;11;12;25;37;44
655;09/05/2008;1;2;4;8;16;33
656;13/05/2008;6;15;28;34;43;47
657;16/05/2008;9;20;21;34;39;50
658;20/05/2008;15;28;30;32;47;50
659;23/05/2008;14;20;25;36;43;44
660;27/05/2008;3;13;25;33;41;47
661;30/05/2008;4;7;17;19;24;46
662;03/06/2008;2;14;27;28;33;48
663;06/06/2008;4;21;31;37;44;45
664;10/06/2008;1;2;23;27;38;42
665;13/06/2008;1;9;14;23;27;29
666;17/06/2008;4;10;13;28;29;47
667;20/06/2008;14;24;25;34;36;38
668;24/06/2008;1;7;19;26;28;35
669;27/06/2008;16;23;30;33;42;43
670;01/07/2008;7;10;29;32;43;44
671;04/07/2008;1;14;32;34;39;46
672;08/07/2008;10;15;19;32;39;41
673;11/07/2008;6;16;32;33;43;47
674;15/07/2008;5;7;21;34;39;45
675;18/07/2008;6;17;25;30;34;37
676;22/07/2008;17;33;34;39;43;45
677;25/07/2008;3;9;15;20;41;45
678;29/07/2008;1;4;26;28;36;46
679;01/08/2008;5;10;18;21;44;49
680;05/08/2008;1;19;34;36;39;45
681;08/08/2008;2;7;23;32;35;36
682;12/08/2008;27;28;33;36;41;50
683;15/08/2008;3;12;19;42;47;50
684;19/08/2008;2;6;12;20;38;48
685;22/08/2008;3;6;10;22;35;36
686;26/08/2008;5;16;21;27;38;46
687;29/08/2008;6;7;12;21;34;45
688;02/09/2008;3;12;22;32;33;48
689;05/09/2008;6;19;37;38;41;42
690;09/09/2008;8;26;34;35;44;50
691;12/09/2008;19;24;29;38;46;47
692;16/09/2008;2;8;30;31;37;40
693;19/09/2008;4;10;24;28;29;32
694;23/09/2008;1;9;15;27;28;29
695;26/09/2008;1;8;10;17;18;37
696;30/09/2008;3;9;20;26;37;43
697;03/10/2008;3;12;18;20;24;29
698;07/10/2008;2;7;15;27;46;49
699;10/10/2008;2;9;13;18;31;41
700;14/10/2008;5;18;24;39;41;47
701;17/10/2008;3;10;12;16;33;46
702;21/10/2008;7;16;18;29;31;44
703;24/10/2008;2;6;10;12;42;44
704;28/10/2008;3;8;30;45;49;50
705;31/10/2008;3;5;7;30;31;32
706;04/11/2008;3;6;7;17;34;44
707;07/11/2008;1;5;15;16;36;39
708;11/11/2008;16;20;25;27;33;34
709;14/11/2008;3;12;17;25;34;36
710;18/11/2008;3;18;25;32;36;40
711;21/11/2008;1;15;29;33;47;48
712;25/11/2008;11;13;21;30;36;39
713;28/11/2008;6;11;14;22;26;35
714;02/12/2008;1;20;28;34;40;45
715;05/12/2008;5;14;21;30;32;41
716;09/12/2008;11;14;18;19;31;32
717;12/12/2008;5;13;21;37;41;45
718;16/12/2008;2;27;30;43;46;47
719;19/12/2008;6;23;24;25;26;50
720;23/12/2008;5;8;13;18;33;36
721;26/12/2008;4;9;16;20;25;34
722;30/12/2008;6;24;25;27;32;39
723;02/01/2009;3;8;11;28;31;50
724;06/01/2009;3;6;9;14;26;44
725;09/01/2009;10;18;19;28;40;50
726;13/01/2009;17;24;39;42;44;45
727;16/01/2009;2;9;20;24;40;47
728;20/01/2009;1;2;6;12;42;44
729;23/01/2009;1;3;4;6;16;30
730;27/01/2009;3;4;31;33;44;48
731;30/01/2009;11;17;27;35;44;46
732;03/02/2009;13;32;33;40;44;50
733;06/02/2009;4;12;18;23;27;50
734;10/02/2009;4;8;15;19;21;49
735;13/02/2009;7;10;29;36;39;49
736;17/02/2009;18;20;23;40;41;47
737;20/02/2009;11;14;22;27;39;50
738;27/02/2009;3;6;7;13;21;35
739;03/03/2009;8;9;10;17;35;39
740;06/03/2009;7;20;22;42;45;50
741;10/03/2009;13;18;20;33;39;45
742;13/03/2009;11;16;18;25;47;50
743;17/03/2009;5;12;19;30;34;47
744;20/03/2009;17;20;22;23;34;50
745;24/03/2009;1;6;19;25;35;40
746;27/03/2009;5;21;22;28;42;45
747;31/03/2009;2;14;17;24;40;50
748;03/04/2009;6;14;21;40;42;46
749;07/04/2009;8;9;22;40;46;50
750;15/04/2009;10;17;31;35;40;44
751;17/04/2009;21;24;26;33;39;49
752;22/04/2009;3;6;11;20;25;36
753;24/04/2009;7;12;20;27;29;50
754;28/04/2009;10;28;35;38;40;41
755;02/05/2009;7;28;33;34;39;45
756;05/05/2009;10;13;14;29;32;33
757;08/05/2009;6;14;19;22;35;49
758;12/05/2009;4;11;19;24;34;45
759;15/05/2009;1;6;10;20;29;31
760;19/05/2009;9;15;21;25;36;48
761;22/05/2009;8;12;18;20;21;28
762;26/05/2009;11;12;28;34;35;45
763;29/05/2009;31;33;40;41;49;50
764;02/06/2009;4;25;32;41;46;50
765;05/06/2009;4;7;11;20;24;42
766;09/06/2009;9;17;38;39;41;50
767;12/06/2009;8;9;13;17;23;28
768;16/06/2009;1;2;5;6;21;25
769;19/06/2009;7;15;30;35;38;45
770;23/06/2009;1;20;24;33;34;50
771;26/06/2009;4;7;18;24;29;32
772;30/06/2009;4;13;21;30;32;42
773;03/07/2009;6;9;17;18;20;33
774;07/07/2009;5;7;12;25;45;48
775;10/07/2009;7;16;35;37;38;47
776;14/07/2009;4;36;37;39;40;49
777;17/07/2009;1;6;22;23;36;48
778;21/07/2009;6;14;29;32;34;38
779;24/07/2009;13;23;34;36;45;46
780;28/07/2009;21;24;29;33;39;50
781;31/07/2009;2;17;20;40;41;50
782;04/08/2009;11;22;32;34;37;47
783;07/08/2009;1;3;7;25;41;50
784;11/08/2009;8;18;23;28;38;45
785;14/08/2009;1;17;20;24;40;41
786;18/08/2009;4;14;19;32;44;50
787;21/08/2009;1;5;11;19;23;40
788;25/08/2009;13;21;25;32;37;46
789;28/08/2009;5;32;34;43;47;50
790;01/09/2009;12;14;24;31;39;49
791;04/09/2009;4;6;14;21;24;29
792;08/09/2009;5;8;18;35;42;50
793;11/09/2009;2;7;8;14;33;41
794;15/09/2009;6;11;18;35;38;47
795;18/09/2009;17;20;30;33;40;43
796;22/09/2009;1;11;29;36;37;49
797;25/09/2009;8;16;19;29;49;50
798;29/09/2009;2;22;25;29;45;49
799;02/10/2009;11;17;38;42;47;49
800;06/10/2009;5;7;30;37;39;40
801;09/10/2009;5;17;35;39;43;48
802;13/10/2009;6;10;35;37;44;48
803;16/10/2009;5;12;20;31;32;37
804;20/10/2009;16;22;23;35;38;44
805;23/10/2009;3;9;14;16;19;42
806;27/10/2009;8;11;16;20;30;33
807;30/10/2009;6;11;13;29;36;37
808;03/11/2009;8;9;12;15;27;50
809;06/11/2009;8;10;29;34;49;50
810;10/11/2009;18;30;32;34;42;45
811;13/11/2009;6;9;10;20;37;45
812;17/11/2009;9;22;26;27;40;48
813;20/11/2009;3;9;13;38;45;50
814;24/11/2009;2;24;29;38;49;50
815;27/11/2009;9;22;28;35;39;46
816;01/12/2009;31;36;40;43;45;50
817;04/12/2009;5;7;9;18;24;48
818;08/12/2009;29;39;41;44;45;50
819;11/12/2009;4;11;21;28;32;34
820;15/12/2009;1;4;11;35;42;44
821;18/12/2009;1;7;10;17;19;34
822;22/12/2009;12;14;20;25;32;40
823;26/12/2009;1;22;28;39;45;48
824;29/12/2009;6;10;12;30;36;41
825;02/01/2010;13;17;19;20;34;36
826;05/01/2010;2;18;29;39;44;50
827;09/01/2010;6;15;23;30;36;49
828;12/01/2009;5;9;20;24;32;39
829;15/01/2010;12;23;36;38;39;44
830;19/01/2010;1;7;21;28;29;49
831;22/01/2010;1;8;12;20;27;46
832;26/01/2010;10;23;27;33;46;49
833;29/01/2010;8;17;24;30;34;40
834;02/02/2010;11;21;30;37;40;43
835;05/02/2010;6;12;15;21;22;50
836;09/02/2010;6;13;20;21;33;45
837;12/02/2010;7;11;14;15;30;36
838;17/02/2010;10;28;30;31;41;50
839;19/02/2010;2;3;6;22;25;26
840;23/02/2010;2;6;7;24;48;50
841;26/02/2010;5;14;24;30;36;39
842;02/03/2010;10;17;26;37;49;50
843;05/03/2010;10;13;18;31;37;42
844;09/03/2010;2;4;5;24;26;40
845;12/03/2010;36;39;40;41;43;49
846;16/03/2010;1;11;24;44;45;48
847;19/03/2010;11;32;36;38;47;49
848;23/03/2010;4;20;21;27;43;49
849;26/03/2010;10;15;23;36;37;42
850;30/03/2010;10;19;21;25;45;50
851;03/04/2010;2;7;10;17;40;42
852;06/04/2010;6;14;24;36;48;50
853;09/04/2010;3;7;10;27;29;50
854;13/04/2010;4;11;12;25;30;47
855;16/04/2010;5;10;17;29;31;50
856;20/04/2010;3;21;22;28;32;39
857;23/04/2010;1;2;21;42;43;44
858;27/04/2010;3;4;8;11;34;48
859;30/04/2010;5;7;12;27;28;31
860;04/05/2010;1;3;9;24;34;41
861;07/05/2010;11;25;30;40;41;49
862;11/05/2010;4;6;10;30;37;50
863;14/05/2010;3;7;30;38;40;46
864;18/05/2010;4;16;24;28;32;46
865;21/05/2010;11;17;21;38;41;46
866;25/05/2010;4;9;23;37;40;47
867;28/05/2010;7;8;11;19;20;46
868;01/06/2010;6;15;18;30;31;34
869;04/06/2010;6;16;18;22;30;42
870;08/06/2010;4;8;10;22;35;37
871;11/06/2010;4;9;14;16;23;49
872;15/06/2010;18;29;31;33;34;36
873;18/06/2010;2;5;8;9;46;47
874;22/06/2010;4;7;19;20;38;42
875;25/06/2010;7;8;10;12;18;40
876;29/06/2010;2;15;19;24;44;47
877;02/07/2010;14;18;28;30;33;41
878;06/07/2010;1;28;30;36;43;48
879;09/07/2010;13;17;19;22;45;49
880;13/07/2010;6;18;19;27;33;42
881;16/07/2010;21;23;29;33;36;49
882;20/07/2010;12;14;19;21;31;45
883;23/07/2010;1;6;12;32;38;50
884;27/07/2010;9;14;23;27;43;47
885;30/07/2010;1;9;11;13;19;46
886;03/08/2010;8;11;21;27;29;35
887;06/08/2010;11;17;24;25;31;40
888;10/08/2010;7;9;11;28;40;41
889;13/08/2010;15;21;22;25;45;49
890;17/08/2010;3;5;18;19;33;49
891;20/08/2010;6;13;15;21;36;48
892;24/08/2010;5;8;19;36;42;43
893;27/08/2010;12;14;22;24;29;38
894;31/08/2010;1;6;37;45;47;50
895;03/09/2010;20;23;26;29;34;47
896;08/09/2010;4;28;29;35;43;45
897;10/09/2010;3;4;10;26;32;34
898;14/09/2010;7;37;42;43;44;46
899;17/09/2010;9;23;37;39;42;43
900;21/09/2010;9;17;27;35;38;40
901;24/09/2010;2;5;11;40;45;46
902;28/09/2010;3;6;7;19;33;40
903;01/10/2010;3;8;27;33;37;49
904;05/10/2010;3;14;29;36;44;47
905;08/10/2010;5;15;22;26;34;35
906;13/10/2010;15;17;18;29;30;40
907;15/10/2010;4;5;13;25;29;37
908;19/10/2010;14;27;36;37;44;45
909;22/10/2010;3;16;20;30;33;49
910;26/10/2010;8;15;16;19;30;50
911;29/10/2010;1;6;27;28;35;47
912;03/11/2010;3;14;28;29;40;42
913;05/11/2010;17;27;28;32;33;40
914;09/11/2010;1;2;26;41;45;47
915;12/11/2010;8;13;19;24;34;35
916;16/11/2010;6;14;36;38;39;48
917;19/11/2010;1;26;30;38;39;44
918;23/11/2010;1;19;21;24;26;42
919;26/11/2010;8;11;28;30;36;45
920;30/11/2010;10;12;22;29;30;40
921;03/12/2010;2;8;11;30;32;49
922;07/12/2010;3;12;20;34;39;44
923;10/12/2010;10;30;33;45;46;47
924;14/12/2010;1;4;21;38;41;44
925;17/12/2010;22;23;36;38;39;48
926;21/12/2010;1;6;19;32;35;44
927;24/12/2010;1;9;20;39;48;50
928;28/12/2010;4;5;9;16;22;46
929;31/12/2010;6;25;33;34;35;44
930;04/01/2011;9;11;34;37;39;49
931;07/01/2011;2;3;4;16;43;47
932;11/01/2011;2;15;17;26;39;40
933;14/01/2011;11;13;19;26;32;49
934;18/01/2011;3;6;23;35;45;50
935;21/01/2011;1;25;28;36;47;48
936;25/01/2011;16;23;25;43;49;50
937;28/01/2011;9;15;18;33;35;41
938;01/02/2011;10;13;20;31;37;47
939;04/02/2011;6;12;15;23;34;47
940;08/02/2011;9;10;14;17;40;41
941;11/02/2011;4;11;13;22;29;31
942;15/02/2011;2;15;20;29;39;47
943;18/02/2011;7;23;25;32;41;43
944;22/02/2011;6;9;20;25;30;45
945;25/02/2011;1;17;20;25;26;41
946;01/03/2011;12;18;26;31;32;46
947;04/03/2011;7;9;15;20;23;46
948;09/03/2011;6;10;11;26;28;31
949;11/03/2011;8;14;17;24;28;36
950;15/03/2011;2;7;12;19;39;47
951;18/03/2011;2;14;15;16;21;45
952;22/03/2011;22;23;33;36;39;49
953;25/03/2011;3;30;32;34;40;45
954;29/03/2011;16;19;23;42;47;49
955;01/04/2011;5;17;29;40;48;49
956;05/04/2011;25;27;32;34;35;42
957;08/04/2011;8;10;31;41;49;50
958;12/04/2011;2;8;17;31;32;40
959;15/04/2011;4;9;20;21;46;47
960;19/04/2011;2;10;11;19;36;41
961;23/04/2011;16;23;32;35;36;47
962;26/04/2011;2;6;13;24;40;50
963;29/04/2011;5;10;11;13;37;39
964;03/05/2011;2;12;14;34;37;47
965;06/05/2011;4;5;9;28;29;35
966;10/05/2011;3;19;21;43;47;48
967;13/05/2011;9;22;27;28;33;48
968;17/05/2011;13;14;19;23;43;46
969;20/05/2011;8;19;21;26;28;36
970;24/05/2011;9;13;14;22;30;34
971;27/05/2011;5;19;37;45;47;48
972;31/05/2011;4;11;19;34;45;47
973;03/06/2011;4;9;28;33;45;47
974;07/06/2011;2;3;21;23;37;48
975;10/06/2011;1;13;23;24;40;49
976;14/06/2011;4;5;10;16;30;47
977;17/06/2011;3;7;10;18;29;47
978;21/06/2011;2;11;16;22;32;37
979;24/06/2011;8;14;15;30;35;39
980;28/06/2011;1;4;12;17;28;44
981;01/07/2011;10;12;15;19;44;47
982;05/07/2011;5;10;23;25;33;38
983;08/07/2011;7;11;12;36;48;50
984;12/07/2011;1;11;14;22;41;50
985;15/07/2011;8;10;18;24;27;36
986;19/07/2011;4;7;12;16;34;41
987;22/07/2011;4;22;23;26;38;49
988;26/07/2011;6;12;23;29;31;32
989;29/07/2011;5;29;33;35;47;49
990;02/08/2011;7;12;33;36;49;50
991;05/08/2011;3;6;24;34;43;47
992;09/08/2011;11;14;22;25;36;39
993;12/08/2011;2;3;16;26;38;49
994;16/08/2011;1;4;20;28;39;44
995;19/08/2011;3;5;21;43;46;50
996;23/08/2011;14;21;30;31;33;36
997;26/08/2011;8;14;20;39;47;48
998;30/08/2011;2;5;11;13;18;40
999;02/09/2011;4;20;23;27;30;36
1000;06/09/2011;7;9;18;42;45;46
1001;09/09/2011;23;26;29;34;39;46
1002;13/09/2011;12;19;29;35;40;43
1003;16/09/2011;6;18;19;30;37;48
1004;20/09/2011;5;19;31;37;45;46
1005;23/09/2011;12;23;29;33;40;49
1006;27/09/2011;19;24;32;36;48;49
1007;30/09/2011;24;26;28;29;32;43
1008;04/10/2011;27;28;32;46;48;50
1009;07/10/2011;7;16;19;28;35;36
1010;11/10/2011;4;7;23;37;38;42
1011;14/10/2011;9;10;18;32;39;47
1012;18/10/2011;8;24;31;38;42;47
1013;21/10/2011;7;18;28;36;42;45
1014;25/10/2011;6;7;21;37;44;50
1015;28/10/2011;6;7;14;25;31;33
1016;01/11/2011;1;4;10;12;15;46
1017;04/11/2011;5;14;25;34;45;47
1018;08/11/2011;1;10;12;35;40;41
1019;11/11/2011;9;10;27;38;39;46
1020;16/11/2011;16;19;27;29;31;38
1021;18/11/2011;1;3;10;18;44;50
1022;22/11/2011;4;11;25;32;33;35
1023;25/11/2011;14;15;18;39;44;49
1024;29/11/2011;12;14;20;31;39;50
1025;02/12/2011;8;12;28;30;39;42
1026;06/12/2011;4;12;29;31;34;43
1027;09/12/2011;1;8;11;13;16;43
1028;13/12/2011;7;9;13;17;25;47
1029;16/12/2011;16;19;22;25;30;45
1030;20/12/2011;7;15;16;25;32;38
1031;23/12/2011;2;3;26;35;42;43
1032;27/12/2011;6;8;11;21;45;48
1033;30/12/2011;19;20;22;24;28;45
1034;03/01/2012;4;10;16;20;25;35
1035;06/01/2012;9;15;20;29;31;45
1036;10/01/2012;4;20;24;27;31;32
1037;13/01/2012;6;18;21;26;27;48
1038;17/01/2012;10;15;18;22;38;48
1039;20/01/2012;3;7;8;10;13;23
1040;24/01/2012;1;2;8;12;14;22
1041;27/01/2012;5;9;12;14;28;36
1042;31/01/2012;4;14;21;32;41;45
1043;03/02/2012;4;15;20;23;25;46
1044;07/02/2012;1;10;12;18;35;45
1045;10/02/2012;1;8;13;19;38;47
1046;14/02/2012;9;15;17;18;37;42
1047;17/02/2012;3;28;31;37;42;49
1048;22/02/2012;11;21;22;30;40;43
1049;24/02/2012;2;14;33;44;46;49
1050;28/02/2012;1;6;15;30;32;46
1051;02/03/2012;1;3;15;29;36;50
1052;06/03/2012;13;14;24;36;39;47
1053;09/03/2012;5;10;12;22;25;40
1054;13/03/2012;4;9;20;22;33;42
1055;16/03/2012;1;15;23;34;40;45
1056;20/03/2012;8;9;22;26;30;43
1057;23/03/2012;2;4;5;7;8;25
1058;27/03/2012;9;25;36;37;38;44
1059;30/03/2012;7;27;37;40;45;49
1060;03/04/2012;7;32;34;35;37;47
1061;05/04/2012;2;8;17;18;24;37
1062;10/04/2012;2;5;24;25;26;38
1063;13/04/2012;8;11;15;16;38;43
1064;17/04/2012;6;7;16;21;32;44
1065;20/04/2012;3;14;27;35;36;47
1066;24/04/2012;5;25;29;31;35;50
1067;27/04/2012;4;8;15;36;37;50
1068;30/04/2012;2;6;11;18;43;46
1069;04/05/2012;9;17;18;28;37;49
1070;08/05/2012;1;7;12;20;28;39
1071;11/05/2012;6;12;14;21;31;44
1072;15/05/2012;14;17;20;21;31;32
1073;18/05/2012;3;18;21;29;32;48
1074;22/05/2012;7;16;23;37;38;40
1075;25/05/2012;4;5;14;15;23;35
1076;29/05/2012;1;10;18;28;41;45
1077;01/06/2012;3;14;19;21;25;31
1078;05/06/2012;15;18;19;28;39;41
1079;08/06/2012;9;10;12;15;17;39
1080;12/06/2012;26;27;37;40;47;48
1081;15/06/2012;6;7;11;26;37;48
1082;19/06/2012;15;18;23;31;39;49
1083;22/06/2012;5;9;13;32;37;38
1084;26/06/2012;16;26;32;39;49;50
1085;29/06/2012;16;19;32;34;38;39
1086;03/07/2012;5;15;24;27;33;47
1087;06/07/2012;1;4;16;25;36;42
1088;10/07/2012;12;13;28;41;42;47
1089;13/07/2012;23;27;28;30;41;42
1090;17/07/2012;3;9;15;28;29;38
1091;20/07/2012;1;7;27;35;40;48
1092;24/07/2012;4;10;22;23;33;40
1093;27/07/2012;25;32;37;40;44;50
1094;31/07/2012;5;15;21;26;43;50
1095;03/08/2012;9;22;23;43;49;50
1096;07/08/2012;5;31;35;39;44;48
1097;10/08/2012;7;14;18;41;42;43
1098;14/08/2012;8;10;26;29;32;43
1099;17/08/2012;15;20;25;40;46;48
1100;21/08/2012;10;15;21;23;39;40
1101;24/08/2012;12;17;30;31;36;45
1102;28/08/2012;1;17;30;33;34;37
1103;31/08/2012;2;18;20;28;35;42
1104;04/09/2012;10;13;25;31;36;45
1105;06/09/2012;5;17;24;26;34;46
1106;11/09/2012;4;8;9;37;42;45
1107;14/09/2012;2;6;16;31;43;45
1108;18/09/2012;20;22;33;35;40;46
1109;21/09/2012;13;15;18;19;27;31
1110;25/09/2012;3;7;10;13;46;48
1111;28/09/2012;1;3;18;26;42;46
1112;02/10/2012;10;16;22;40;45;49
1113;05/10/2012;1;22;24;31;34;39
1114;09/10/2012;9;24;30;35;45;48
1115;11/10/2012;6;11;17;18;39;50
1116;16/10/2012;2;14;27;35;37;48
1117;19/10/2012;7;20;34;43;45;46
1118;23/10/2012;1;20;21;25;27;38
1119;26/10/2012;2;3;7;9;13;19
1120;30/10/2012;14;16;28;31;39;47
1121;01/11/2012;3;17;19;24;34;38
1122;06/11/2012;6;13;22;26;34;41
1123;09/11/2012;5;6;20;34;40;45
1124;13/11/2012;8;18;28;29;44;49
1125;16/11/2012;9;17;22;31;35;47
1126;20/11/2012;11;16;27;29;47;50
1127;23/11/2012;8;12;17;22;37;48
1128;27/11/2012;6;9;10;31;42;43
1129;30/11/2012;6;15;18;23;39;47
1130;04/12/2012;10;15;26;37;38;47
1131;07/12/2012;1;5;19;22;24;35
1132;11/12/2012;27;31;36;38;46;49
1133;14/12/2012;8;28;35;42;44;50
1134;18/12/2012;4;7;13;36;41;49
1135;21/12/2012;8;9;12;17;23;40
1136;24/12/2012;20;21;24;27;33;43
1137;28/12/2012;6;14;24;34;43;49
1138;31/12/2012;4;5;14;23;32;41
1139;04/01/2013;20;21;22;26;33;50
1140;08/01/2013;5;10;16;20;37;38
1141;11/01/2013;15;19;22;25;28;37
1142;15/01/2013;14;24;26;33;45;49
1143;18/01/2013;23;32;45;46;47;49
1144;22/01/2013;1;5;21;35;46;47
1145;25/01/2013;4;12;16;24;35;39
1146;29/01/2013;2;10;18;25;35;40
1147;01/02/2013;7;20;22;29;39;42
1148;05/02/2013;3;11;18;23;33;35
1149;08/02/2013;5;13;17;30;33;45
1150;13/02/2013;2;3;10;24;30;37
1151;15/02/2013;9;10;13;18;21;44
1152;19/02/2013;1;11;13;21;32;33
1153;22/02/2013;8;25;28;34;36;43
1154;26/02/2013;10;11;28;31;41;47
1155;01/03/2013;9;15;19;26;44;47
1156;05/03/2013;10;11;23;25;28;33
1157;08/03/2013;17;22;24;44;49;50
1158;12/03/2013;4;17;45;46;48;50
1159;15/03/2013;4;18;19;28;40;42
1160;19/03/2013;5;8;13;14;41;49
1161;22/03/2013;11;14;16;27;32;44
1162;26/03/2013;4;15;17;25;42;44
1163;30/03/2013;19;20;24;37;43;49
1164;02/04/2013;6;7;8;10;11;32
1165;05/04/2013;3;4;13;30;38;41
1166;09/04/2013;3;9;35;38;41;44
1167;12/04/2013;5;16;19;25;26;43
1168;16/04/2013;4;26;27;31;37;41
1169;19/04/2013;18;20;26;28;37;50
1170;23/04/2013;3;14;19;29;39;43
1171;26/04/2013;19;22;26;32;43;44
1172;30/04/2013;13;16;25;40;41;46
1173;03/05/2013;1;11;21;26;35;44
1174;07/05/2013;4;9;10;26;42;47
1175;10/05/2013;5;6;19;22;28;35
1176;14/05/2013;14;17;26;39;47;50
1177;17/05/2013;7;8;16;21;32;34
1178;21/05/2013;11;17;25;33;39;46
1179;24/05/2013;20;22;26;41;44;48
1180;28/05/2013;4;6;11;21;40;46
1181;31/05/2013;10;13;22;23;34;44
1182;04/06/2013;1;11;20;35;46;47
1183;07/06/2013;3;12;17;25;27;35
1184;11/06/2013;3;6;7;13;23;42
1185;14/06/2013;19;23;27;28;31;36
1186;18/06/2013;15;19;26;35;39;45
1187;21/06/2013;12;13;30;33;38;43
1188;25/06/2013;13;21;25;30;33;36
1189;28/06/2013;15;20;31;35;42;49
1190;02/07/2013;3;16;27;39;45;49
1191;05/07/2013;7;11;13;15;45;46
1192;09/07/2013;10;16;23;24;45;46
1193;12/07/2013;11;14;22;37;45;50
1194;16/07/2013;3;4;8;29;38;43
1195;19/07/2013;10;14;15;16;36;41
1196;23/07/2013;2;10;29;39;44;48
1197;26/07/2013;1;8;12;30;36;44
1198;30/07/2013;16;18;27;33;40;47
1199;02/08/2013;6;16;18;37;38;42
1200;06/08/2013;2;9;31;41;42;44
1201;09/08/2013;39;42;43;44;45;46
1202;13/08/2013;2;9;18;25;28;40
1203;16/08/2013;6;17;27;29;41;42
1204;20/08/2013;23;28;29;32;38;45
1205;23/08/2013;8;13;14;15;17;47
1206;27/08/2013;3;10;15;18;30;39
1207;30/08/2013;14;24;37;38;42;43
1208;03/09/2013;2;7;12;20;33;40
1209;06/09/2013;5;8;28;33;43;46
1210;10/09/2013;7;11;16;20;40;44
1211;13/09/2013;9;12;19;21;30;38
1212;17/09/2013;4;15;29;32;45;47
1213;20/09/2013;7;9;23;24;30;46
1214;24/09/2013;1;5;8;11;13;30
1215;27/09/2013;3;5;21;23;34;39
1216;01/10/2013;8;20;34;35;38;40
1217;04/10/2013;21;29;38;40;41;42
1218;08/10/2013;9;28;33;44;45;50
1219;11/10/2013;14;16;21;29;36;46
1220;15/10/2013;4;6;33;39;40;48
1221;18/10/2013;13;16;41;42;45;48
1222;22/10/2013;7;9;14;16;20;36
1223;25/10/2013;12;16;22;28;39;43
1224;29/10/2013;2;11;14;20;35;36
1225;01/11/2013;5;11;18;21;40;48
1226;05/11/2013;1;4;19;25;33;41
1227;08/11/2013;2;10;26;27;32;39
1228;12/11/2013;14;18;30;42;49;50
1229;16/11/2013;7;8;11;16;41;43
1230;19/11/2013;8;15;23;29;33;45
1231;22/11/2013;6;11;21;27;35;50
1232;26/11/2013;6;7;24;30;36;45
1233;29/11/2013;4;16;20;28;31;37
1234;03/12/2013;1;4;5;18;28;48
1235;06/12/2013;19;24;25;27;37;41
1236;10/12/2013;12;16;17;20;28;34
1237;13/12/2013;4;6;12;23;31;37
1238;17/12/2013;16;18;21;39;43;50
1239;20/12/2013;1;7;12;20;31;40
1240;24/12/2013;4;15;23;41;46;48
1241;27/12/2013;11;24;25;27;38;47
1242;31/12/2013;3;17;25;40;43;44
1243;03/01/2014;8;17;22;24;40;43
1244;07/01/2014;10;11;16;19;39;40
1245;10/01/2014;3;4;23;29;45;50
1246;14/01/2014;11;22;26;31;46;48
1247;17/01/2014;1;17;19;25;30;38
1248;21/01/2014;12;15;28;34;46;50
1249;24/01/2014;14;18;23;34;43;49
1250;28/01/2014;7;18;28;38;42;46
1251;31/01/2014;3;17;32;35;36;46
1252;04/02/2014;2;11;18;41;43;48
1253;07/02/2014;2;13;21;23;34;39
1254;11/02/2014;5;10;13;20;23;32
1255;14/02/2014;4;7;14;27;32;41
1256;18/02/2014;15;20;25;38;42;43
1257;21/02/2014;12;18;27;31;36;42
1258;25/02/2014;5;8;10;23;31;43
1259;28/02/2014;5;13;15;44;45;50
1260;05/03/2014;8;18;23;26;28;44
1261;07/03/2014;4;16;17;26;43;47
1262;11/03/2014;3;9;19;34;39;40
1263;14/03/2014;3;4;11;35;48;50
1264;18/03/2014;8;15;29;34;43;48
1265;21/03/2014;3;28;32;34;43;44
1266;25/03/2014;7;14;22;25;42;43
1267;28/03/2014;9;12;15;36;49;50
1268;01/04/2014;4;6;10;12;20;27
1269;04/04/2014;3;12;14;19;28;33
1270;08/04/2014;4;5;11;13;16;20
1271;11/04/2014;1;3;30;33;39;49
1272;15/04/2014;1;2;17;27;29;30
1273;17/04/2014;13;19;25;34;44;46
1274;22/04/2014;12;18;19;43;44;47
1275;25/04/2014;1;15;39;42;44;47
1276;29/04/2014;14;17;27;32;42;45
1277;02/05/2014;14;31;35;40;45;49
1278;06/05/2014;4;8;13;31;38;45
1279;09/05/2014;22;24;31;38;40;45
1280;13/05/2014;22;25;34;37;41;46
1281;16/05/2014;19;26;34;35;40;46
1282;20/05/2014;11;18;20;31;39;45
1283;23/05/2014;14;17;26;34;41;45
1284;27/05/2014;4;18;23;26;29;50
1285;30/05/2014;5;17;24;31;36;40
1286;03/06/2014;20;27;28;36;38;50
1287;06/06/2014;5;24;25;33;43;45
1288;10/06/2014;3;4;20;29;40;41
1289;13/06/2014;14;27;28;31;37;39
1290;17/06/2014;2;22;25;26;34;40
1291;20/06/2014;15;16;22;38;42;44
1292;24/06/2014;6;7;8;14;27;35
1293;27/06/2014;9;14;17;24;37;46
1294;01/07/2014;8;10;19;22;36;43
1295;04/07/2014;1;4;11;23;37;45
1296;08/07/2014;5;16;20;31;37;43
1297;11/07/2014;6;10;13;21;34;45
1298;15/07/2014;8;11;20;26;27;44
1299;18/07/2014;3;11;33;37;42;49
1300;22/07/2014;9;12;19;20;29;32
1301;25/07/2014;1;8;10;14;27;45
1302;29/07/2014;7;13;15;27;48;49
1303;01/08/2014;2;12;15;22;30;43
1304;05/08/2014;7;27;38;41;42;49
1305;08/08/2014;9;23;28;31;32;41
1306;12/08/2014;2;11;13;19;39;49
1307;15/08/2014;4;22;35;36;40;48
1308;19/08/2014;6;10;18;24;30;32
1309;22/08/2014;7;9;14;20;26;40
1310;26/08/2014;2;3;19;25;29;33
1311;29/08/2014;1;4;15;31;38;42
1312;02/09/2014;6;33;43;46;48;50
1313;05/09/2014;4;17;19;25;29;42
1315;12/09/2014;3;4;8;13;40;45
1316;16/09/2014;2;14;29;35;49;50
1317;19/09/2014;3;12;14;29;42;49
1318;23/09/2014;3;9;18;38;46;47
1319;26/09/2014;5;11;21;24;42;45
1320;30/09/2014;6;23;24;35;41;43
1321;03/10/2014;6;10;32;39;43;47
1322;07/10/2014;2;31;41;42;47;50
1323;10/10/2014;4;5;9;28;29;41
1324;14/10/2014;9;10;15;23;26;33
1325;17/10/2014;4;6;9;25;39;45
1326;21/10/2014;7;9;15;20;26;33
1327;24/10/2014;19;24;30;33;41;50
1328;28/10/2014;3;5;16;36;45;46
1329;31/10/2014;1;10;13;24;36;50
1330;04/11/2014;10;12;13;32;38;50
1331;07/11/2014;1;12;28;31;36;38
1332;11/11/2014;5;19;22;28;37;45
1333;14/11/2014;6;12;15;25;36;47
1334;18/11/2014;16;24;29;39;44;46
1335;21/11/2014;2;10;20;27;40;48
1336;25/11/2014;12;18;24;28;30;41
1337;28/11/2014;4;17;20;21;29;48
1338;02/12/2014;1;7;9;39;42;45
1339;05/12/2014;2;4;13;16;31;39
1340;09/12/2014;21;24;26;33;34;36
1341;12/12/2014;14;26;32;35;39;50
1342;16/12/2014;5;7;16;24;27;50
1343;19/12/2014;3;9;12;14;47;48
1344;23/12/2014;7;19;23;24;37;39
1345;26/12/2014;4;14;15;31;33;49
1346;30/12/2014;1;21;25;29;42;49
1347;02/01/2015;11;31;38;46;49;50
1348;06/01/2015;21;23;30;32;33;35
1349;09/01/2015;9;16;18;24;33;42
1350;13/01/2015;2;30;35;39;42;48
1351;16/01/2015;2;11;20;31;35;44
1352;20/01/2015;1;7;8;29;33;50
1353;23/01/2015;4;8;11;25;29;30
1354;27/01/2015;12;22;25;30;41;44
1355;30/01/2015;4;10;22;24;32;38
1356;03/02/2015;4;16;21;45;46;47
1357;06/02/2015;6;15;20;30;35;50
1358;10/02/2015;5;9;21;33;43;47
1359;13/02/2015;1;5;7;11;21;42
1360;18/02/2015;14;19;21;27;44;49
1361;20/02/2015;14;15;19;25;44;47
1362;24/02/2015;2;8;23;39;42;46
1363;27/02/2015;2;3;20;44;45;50
1364;03/03/2015;3;31;37;40;43;49
1365;06/03/2015;2;10;19;41;45;47
1366;10/03/2015;7;14;20;21;39;41
1367;13/03/2015;7;28;39;44;45;49
1368;17/03/2015;10;13;17;39;43;48
1369;20/03/2015;15;23;26;30;33;39
1370;24/03/2015;15;28;38;43;45;49
1371;27/03/2015;15;21;23;31;32;35
1372;31/03/2015;23;33;35;41;46;48
1373;02/04/2015;5;15;40;42;47;50
1374;07/04/2015;4;13;26;32;45;49
1375;10/04/2015;2;3;12;34;44;47
1376;14/04/2015;1;5;19;29;39;49
1377;17/04/2015;6;15;21;27;38;48
1378;22/04/2015;4;13;14;24;28;36
1379;24/04/2015;8;10;30;39;46;49
1380;28/04/2015;1;9;13;28;30;31
1381;30/04/2015;1;2;12;25;39;42
1382;05/05/2015;6;15;34;37;40;49
1383;08/05/2015;15;19;21;31;36;42
1384;12/05/2015;21;23;35;41;45;50
1385;15/05/2015;2;27;28;36;46;47
1386;19/05/2015;1;13;18;25;28;38
1387;22/05/2015;7;18;23;27;39;42
1388;26/05/2015;7;14;19;32;44;45
1389;29/05/2015;2;14;15;36;37;46
1390;02/06/2015;10;15;17;35;39;47
1391;05/06/2015;23;25;27;34;38;49
1392;09/06/2015;1;6;11;15;24;40
1393;12/06/2015;3;8;11;19;29;35
1394;16/06/2015;4;13;30;32;40;47
1395;19/06/2015;15;22;27;29;42;47
1396;23/06/2015;3;21;26;27;31;46
1397;26/06/2015;2;3;6;25;30;44
1398;30/06/2015;6;17;20;41;43;48
1399;03/07/2015;1;31;33;34;42;49
1400;07/07/2015;2;8;11;27;37;45
1401;10/07/2015;8;21;25;34;44;47
1402;14/07/2015;1;2;19;23;36;41
1403;17/07/2015;6;8;25;27;30;36
1404;21/07/2015;8;27;28;34;40;48
1405;24/07/2015;10;14;26;28;45;46
1406;28/07/2015;12;13;16;23;37;42
1407;31/07/2015;17;34;35;40;46;48
1408;04/08/2015;2;5;14;22;29;42
1409;07/08/2015;12;14;17;18;25;43
1410;11/08/2015;4;16;17;34;36;46
1411;14/08/2015;4;14;19;34;38;48
1412;18/08/2015;3;6;22;24;29;33
1413;21/08/2015;3;12;27;36;43;50
1414;25/08/2015;2;25;29;34;37;45
1415;28/08/2015;13;15;28;35;36;41
1416;01/09/2015;3;16;30;38;43;50
1417;04/09/2015;2;4;20;26;29;48
1418;08/09/2015;14;31;32;33;37;39
1419;11/09/2015;15;17;20;24;31;46
1420;15/09/2015;1;10;22;36;40;45
1421;18/09/2015;3;29;36;39;41;47
1422;22/09/2015;18;24;31;32;36;45
1423;25/09/2015;12;13;21;23;28;43
1424;29/09/2015;14;15;23;28;39;49
1425;02/10/2015;2;12;27;34;35;47
1426;06/10/2015;1;8;11;21;24;26
1427;09/10/2015;13;24;27;33;36;48
1428;13/10/2015;11;19;24;28;31;38
1429;16/10/2015;1;8;22;26;31;44
1430;20/10/2015;2;7;8;12;22;32
1431;23/10/2015;7;10;17;20;30;42
1432;27/10/2015;9;23;27;36;40;46
1433;30/10/2015;5;6;23;30;33;41
1434;03/11/2015;7;15;24;30;32;39
1435;06/11/2015;1;7;33;36;42;46
1436;10/11/2015;5;7;20;29;45;49
1437;13/11/2015;3;18;24;41;43;44
1438;17/11/2015;2;5;26;27;30;46
1439;20/11/2015;2;3;4;9;30;31
1440;24/11/2015;2;3;6;12;16;37
1441;27/11/2015;2;4;11;22;24;45
1442;01/12/2015;2;7;9;20;25;34
1443;04/12/2015;3;12;15;17;18;41
1444;08/12/2015;12;20;35;39;40;42
1445;11/12/2015;20;21;30;37;38;49
1446;15/12/2015;4;11;30;34;35;47
1447;18/12/2015;2;4;14;34;37;40
1448;22/12/2015;10;16;23;43;44;50
1449;26/12/2015;2;3;9;22;42;45
1450;29/12/2015;7;24;34;36;46;47
1451;02/01/2016;3;11;21;27;29;41
1452;05/01/2016;1;8;21;24;41;42
1453;09/01/2016;8;14;20;23;26;45
1454;12/01/2016;3;17;26;41;42;44
1455;15/01/2016;14;18;20;23;36;44
1456;19/01/2016;23;25;26;37;47;49
1457;22/01/2016;13;15;29;31;42;45
1458;26/01/2016;1;14;16;17;29;35
1459;29/01/2016;14;20;24;30;35;44
1460;02/02/2016;12;21;25;36;49;50
1461;05/02/2016;8;10;12;13;33;42
1462;10/02/2016;3;8;24;26;46;47
1463;12/02/2016;11;22;25;29;33;49
1464;16/02/2016;22;24;38;41;42;48
1465;19/02/2016;10;25;27;37;43;48
1466;23/02/2016;22;34;35;36;45;50
1467;26/02/2016;7;10;15;32;36;37
1468;01/03/2016;2;11;14;18;19;41
1469;04/03/2016;5;7;17;23;33;35
1470;08/03/2016;8;18;26;38;44;49
1471;11/03/2016;2;3;19;22;24;43
1472;15/03/2016;4;8;15;30;43;46
1473;18/03/2016;8;9;19;24;30;39
1474;22/03/2016;3;9;22;28;38;47
1475;24/03/2016;14;30;38;39;49;50
1476;29/03/2016;4;12;19;25;33;39
1477;01/04/2016;12;19;23;28;40;46
1478;05/04/2016;1;12;13;19;32;34
1479;08/04/2016;2;20;22;31;33;35
1480;12/04/2016;4;19;20;26;41;49
1481;15/04/2016;8;24;33;39;40;42
1482;19/04/2016;2;11;24;27;32;38
1483;22/04/2016;7;11;29;34;43;49
1484;26/04/2016;4;5;11;20;34;36
1485;28/04/2016;8;18;19;20;36;46
1486;30/04/2016;22;24;30;36;44;48
1487;03/05/2016;12;17;22;23;38;40
1488;05/05/2016;16;18;23;25;29;47
1489;07/05/2016;11;18;22;27;30;32
1490;10/05/2016;3;5;32;33;39;48
1491;12/05/2016;14;20;22;31;43;48
1492;14/05/2016;4;12;16;18;36;45
1493;17/05/2016;1;5;22;35;39;45
1494;19/05/2016;3;26;31;34;47;50
1495;21/05/2016;5;6;40;41;43;47
1496;24/05/2016;1;3;8;13;41;49
1497;28/05/2016;3;4;12;30;32;42
1498;31/05/2016;5;13;19;25;26;44
1499;02/06/2016;24;26;29;34;37;45
1500;04/06/2016;12;14;22;33;36;50
1501;07/06/2016;2;9;15;16;18;38
1502;09/06/2016;2;7;8;12;19;50
1503;11/06/2016;1;6;13;23;24;30
1504;14/06/2016;1;18;20;27;38;47
1505;16/06/2016;3;10;25;26;27;42
1506;18/06/2016;2;4;5;13;28;47
1507;21/06/2016;3;14;30;31;41;45
1508;23/06/2016;12;19;31;33;39;49
1509;25/06/2016;3;9;11;15;21;28
1510;28/06/2016;5;16;18;26;41;50
1511;30/06/2016;13;16;25;28;29;34
1512;02/07/2016;17;22;25;26;32;42
1513;05/07/2016;5;25;31;37;39;41
1514;07/07/2016;11;21;34;41;43;46
1515;09/07/2016;17;26;32;33;40;46
1516;12/07/2016;1;24;26;30;39;49
1517;14/07/2016;16;24;27;35;48;50
1518;16/07/2016;5;10;20;24;25;27
1519;19/07/2016;2;3;17;33;42;49
1520;21/07/2016;2;5;9;44;46;50
1521;23/07/2016;3;19;20;33;39;42
1522;26/07/2016;12;18;25;33;38;42
1523;28/07/2016;4;6;12;20;35;37
1524;30/07/2016;2;7;21;34;35;49
1525;02/08/2016;6;15;17;31;33;47
1526;04/08/2016;3;5;7;15;25;43
1527;06/08/2016;9;10;15;18;27;33
1528;09/08/2016;13;16;23;30;33;34
1529;11/08/2016;12;21;28;33;43;44
1530;13/08/2016;23;24;32;35;41;48
1531;16/08/2016;3;9;13;42;47;48
1532;18/08/2016;15;16;18;22;24;38
1533;20/08/2016;2;4;14;33;34;46
1534;23/08/2016;7;10;24;26;31;36
1535;25/08/2016;12;15;29;39;40;48
1536;27/08/2016;3;8;27;28;39;50
1537;30/08/2016;4;7;16;19;21;37
1538;01/09/2016;13;15;36;39;46;48
1539;03/09/2016;2;9;11;18;30;33
1540;06/09/2016;4;12;19;20;30;41
1541;08/09/2016;3;21;22;28;30;36
1542;10/09/2016;3;4;35;43;47;49
1543;13/09/2016;17;21;23;42;44;45
1544;15/09/2016;6;23;26;33;48;50
1545;17/09/2016;3;4;21;28;32;46
1546;20/09/2016;11;13;22;36;49;50
1547;22/09/2016;4;10;16;33;44;45
1548;24/09/2016;10;11;17;29;44;47
1549;27/09/2016;3;6;17;25;40;42
1550;29/09/2016;2;17;18;20;26;44
1551;01/10/2016;2;18;19;25;30;48
1552;04/10/2016;3;10;16;23;25;35
1553;06/10/2016;7;22;29;30;37;43
1554;08/10/2016;11;26;38;46;48;49
1555;11/10/2016;7;19;32;35;37;40
1556;13/10/2016;20;24;29;33;45;50
1557;15/10/2016;4;10;25;27;41;50
1558;18/10/2016;19;23;29;32;40;45
1559;20/10/2016;14;16;17;18;32;40
1560;22/10/2016;10;14;24;29;31;43
1561;25/10/2016;3;26;37;43;47;49
1562;27/10/2016;1;2;11;24;30;45
1563;29/10/2016;10;34;42;45;47;48
1564;01/11/2016;5;10;18;25;27;28
1565;03/11/2016;11;19;35;39;40;46
1566;05/11/2016;1;2;29;36;46;48
1567;08/11/2016;5;17;25;35;45;46
1568;10/11/2016;7;9;27;39;44;49
1569;12/11/2016;1;14;21;37;41;49
1570;17/11/2016;11;14;17;34;37;40
1571;19/11/2016;8;12;25;37;43;49
1572;22/11/2016;12;14;18;37;41;49
1573;24/11/2016;6;19;25;38;44;49
1574;26/11/2016;4;8;10;14;42;43
1575;29/11/2016;2;6;21;45;49;50
1576;01/12/2016;5;6;7;8;9;20
1577;03/12/2016;2;15;16;31;37;40
1578;06/12/2016;4;16;25;26;27;47
1579;08/12/2016;3;15;17;33;42;47
1580;10/12/2016;6;19;28;33;47;48
1581;13/12/2016;14;17;30;32;33;50
1582;15/12/2016;19;24;34;36;39;47
1583;17/12/2016;2;10;14;27;43;49
1584;20/12/2016;2;5;12;26;33;38
1585;22/12/2016;8;12;13;19;20;45
1586;24/12/2016;7;10;14;25;30;44
1587;27/12/2016;10;13;16;19;42;47
1588;29/12/2016;10;12;17;40;45;49
1589;31/12/2016;3;13;16;18;32;49
1590;03/01/2017;12;18;29;31;42;49
1591;05/01/2017;8;26;27;36;49;50
1592;07/01/2017;19;22;36;41;45;47
1593;10/01/2017;12;14;16;25;27;40
1594;12/01/2017;1;2;8;23;26;49
1595;14/01/2017;11;18;20;28;33;46
1596;17/01/2017;3;5;11;25;26;42
1597;19/01/2017;2;17;18;27;29;32
1598;21/01/2017;1;16;32;38;40;44
1599;24/01/2017;6;7;25;28;41;46
1600;26/01/2017;11;15;20;25;29;31
1601;28/01/2017;1;9;10;11;12;29
1602;31/01/2017;25;31;33;35;48;49
1603;02/02/2017;5;7;22;30;36;40
1604;04/02/2017;20;21;24;35;41;47
1605;07/02/2017;13;15;34;36;45;50
1606;09/02/2017;14;18;25;31;45;47
1607;11/02/2017;3;6;15;19;26;30
1608;14/02/2017;8;14;28;34;36;41
1609;16/02/2017;9;24;29;39;46;49
1610;18/02/2017;8;11;12;27;41;50
1611;21/02/2017;6;18;23;42;46;47
1612;23/02/2017;15;16;20;26;40;50
1613;25/02/2017;15;17;21;39;41;44
1614;02/03/2017;4;6;10;41;45;50
1615;04/03/2017;3;6;9;12;14;17
1616;07/03/2017;1;6;10;26;28;29
1617;09/03/2017;2;4;9;14;34;41
1618;11/03/2017;5;16;21;25;44;48
1619;14/03/2017;6;9;11;18;31;45
1620;16/03/2017;2;11;19;25;35;44
1621;18/03/2017;8;18;26;35;39;41
1622;21/03/2017;4;7;9;12;30;40
1623;23/03/2017;19;23;30;37;48;49
1624;25/03/2017;2;5;19;21;33;38
1625;28/03/2017;2;4;21;33;39;50
1626;30/03/2017;8;12;14;20;41;45
1627;01/04/2017;3;25;32;38;39;50
1628;04/04/2017;2;5;9;17;36;43
1629;06/04/2017;5;25;34;46;48;49
1630;15/04/2017;5;8;23;26;33;43
1631;18/04/2017;3;16;24;37;40;45
1632;20/04/2017;16;21;22;39;41;49
1633;22/04/2017;9;13;15;18;30;38
1634;25/04/2017;14;23;28;35;40;49
1635;27/04/2017;5;12;14;41;43;45
1636;29/04/2017;11;12;20;27;36;46
1637;02/05/2017;1;16;19;32;42;46
1638;04/05/2017;3;11;19;27;28;44
1639;06/05/2017;8;9;16;26;37;50
1640;09/05/2017;10;12;15;24;25;48
1641;11/05/2017;3;30;32;34;36;42
1642;13/05/2017;12;18;19;23;29;40
1643;16/05/2017;1;21;22;43;47;50
1644;18/05/2017;4;6;31;39;47;49
1645;20/05/2017;2;26;27;28;32;50
1646;23/05/2017;7;18;21;39;41;48
1647;25/05/2017;9;23;38;39;42;49
1648;27/05/2017;3;4;14;21;38;39
1649;30/05/2017;13;16;18;28;34;49
1650;01/06/2017;8;10;19;21;25;48
1651;03/06/2017;32;35;42;46;49;50
1652;06/06/2017;5;26;31;32;47;49
1653;08/06/2017;13;16;20;22;35;41
1654;10/06/2017;10;11;14;16;19;31
1655;13/06/2017;4;23;43;45;47;49
1656;17/06/2017;7;20;24;29;42;47
1657;20/06/2017;12;24;26;32;43;46
1658;22/06/2017;9;16;17;21;23;46
1659;24/06/2017;14;42;43;45;48;49
1660;27/06/2017;10;20;26;30;33;35
1661;29/06/2017;1;3;25;31;46;49
1662;01/07/2017;2;4;19;25;31;49
1663;04/07/2017;2;7;13;14;18;30
1664;06/07/2017;13;18;22;40;46;49
1665;08/07/2017;1;4;18;24;25;32
1666;11/07/2017;10;22;36;40;47;48
1667;13/07/2017;3;13;22;24;35;36
1668;15/07/2017;8;10;14;40;45;50
1669;18/07/2017;2;22;25;33;45;50
1670;20/07/2017;16;20;23;32;35;38
1671;22/07/2017;7;23;25;31;33;36
1672;25/07/2017;3;14;17;23;24;25
1673;27/07/2017;3;9;26;30;38;50
1674;29/07/2017;7;13;18;25;31;49
1675;01/08/2017;6;8;18;19;32;39
1676;03/08/2017;5;39;41;43;44;46
1677;05/08/2017;7;25;28;32;33;46
1678;08/08/2017;1;11;26;39;41;45
1679;10/08/2017;5;8;32;35;43;49
1680;12/08/2017;2;20;21;23;44;45
1681;15/08/2017;9;17;39;42;44;45
1682;17/08/2017;3;5;15;28;44;46
1683;19/08/2017;4;8;31;33;36;40
1684;22/08/2017;14;23;28;36;44;46
1685;24/08/2017;3;24;26;27;29;48
1686;26/08/2017;8;11;13;15;22;40
1687;29/08/2017;1;2;17;30;36;45
1688;31/08/2017;10;31;32;38;41;48
1689;02/09/2017;19;21;34;36;43;50
1690;05/09/2017;4;26;37;38;41;43
1691;09/09/2017;5;16;26;27;29;50
1692;12/09/2017;15;32;37;41;42;46
1693;14/09/2017;1;3;5;7;33;50
1694;16/09/2017;1;9;10;20;41;44
1695;19/09/2017;17;30;38;39;41;49
1696;21/09/2017;11;14;19;28;46;50
1697;23/09/2017;4;9;18;20;30;35
1698;26/09/2017;9;17;22;38;43;48
1699;28/09/2017;1;6;11;20;28;39
1700;30/09/2017;5;7;8;22;24;39
1701;03/10/2017;8;29;30;40;43;48
1702;05/10/2017;8;9;26;31;42;48
1703;07/10/2017;3;13;23;43;44;46
1704;10/10/2017;7;12;20;26;28;42
1705;14/10/2017;4;14;23;35;46;47
1706;17/10/2017;27;37;38;41;43;48
1707;19/10/2017;5;11;38;39;47;50
1708;21/10/2017;5;14;18;22;26;50
1709;24/10/2017;5;9;10;15;18;44
1710;26/10/2017;6;12;14;31;34;36
1711;28/10/2017;8;16;28;40;49;50
1712;31/10/2017;6;12;17;19;20;26
1713;04/11/2017;1;13;24;36;44;50
1714;07/11/2017;1;18;23;27;36;45
1715;09/11/2017;9;10;17;31;41;46
1716;11/11/2017;1;6;13;18;33;36
1717;14/11/2017;3;14;15;23;30;37
1718;16/11/2017;14;29;35;37;46;47
1719;18/11/2017;6;21;23;26;40;41
1720;21/11/2017;9;14;18;23;38;41
1721;23/11/2017;20;23;35;39;44;47
1722;25/11/2017;6;9;16;24;31;44
1723;28/11/2017;7;20;24;25;32;40
1724;30/11/2017;5;6;13;24;35;44
1725;02/12/2017;2;14;23;26;32;43
1726;05/12/2017;6;7;22;25;27;48
1727;07/12/2017;8;20;24;32;33;39
1728;09/12/2017;2;4;15;31;37;45
1729;12/12/2017;3;6;9;15;23;29
1730;14/12/2017;4;13;29;36;42;48
1731;16/12/2017;6;10;13;14;38;50
1732;19/12/2017;2;5;9;24;25;38
1733;21/12/2017;2;3;6;11;28;34
1734;23/12/2017;13;14;22;23;34;40
1735;26/12/2017;14;15;21;26;36;42
1736;28/12/2017;9;17;20;24;26;29
1737;30/12/2017;2;16;25;26;30;40
1738;02/01/2018;1;9;11;20;30;39
1739;04/01/2018;10;11;13;31;32;50
1740;06/01/2018;4;5;17;32;42;50
1741;09/01/2018;18;34;35;39;44;48
1742;11/01/2018;3;11;26;32;33;49
1743;13/01/2018;4;11;18;19;20;25
1744;16/01/2018;4;8;35;38;46;48
1745;18/01/2018;2;20;27;34;38;41
1746;20/01/2018;3;8;31;32;42;47
1747;23/01/2018;17;18;22;29;34;48
1748;25/01/2018;4;11;16;40;43;46
1749;27/01/2018;1;16;25;26;35;39
1750;30/01/2018;14;18;20;28;31;38
1751;01/02/2018;2;6;15;34;45;50
1752;03/02/2018;7;17;19;22;26;49
1753;06/02/2018;3;5;13;24;26;40
1754;08/02/2018;2;16;32;39;43;45
1755;10/02/2018;10;23;25;26;39;46
1756;15/02/2018;13;15;22;36;47;50
1757;17/02/2018;13;17;22;23;24;42
1758;20/02/2018;14;22;28;42;45;49
1759;22/02/2018;12;16;26;34;43;45
1760;24/02/2018;11;14;35;40;41;47
1761;27/02/2018;9;14;32;33;46;47
1762;01/03/2018;5;6;17;18;45;49
1763;03/03/2018;15;16;18;24;37;40
1764;06/03/2018;3;4;13;30;36;47
1765;08/03/2018;5;18;20;27;36;37
1766;10/03/2018;14;29;31;35;37;42
1767;13/03/2018;4;13;17;21;25;34
1768;15/03/2018;11;12;14;27;31;44
1769;17/03/2018;2;10;12;30;32;50
1770;20/03/2018;33;34;38;39;49;50
1771;31/03/2018;3;13;26;27;39;42
1772;03/04/2018;9;16;17;20;30;50
1773;05/04/2018;2;10;13;27;29;36
1774;07/04/2018;8;15;16;32;37;41
1775;10/04/2018;3;4;6;8;26;41
1776;12/04/2018;5;12;31;35;39;42
1777;14/04/2018;6;8;23;24;28;49
1778;17/04/2018;11;19;31;33;36;41
1779;19/04/2018;5;7;18;29;32;37
1780;24/04/2018;16;28;36;37;42;45
1781;26/04/2018;1;3;5;9;41;43
1782;28/04/2018;5;10;14;17;24;35
1783;03/05/2018;1;13;23;29;30;47
1784;05/05/2018;5;22;23;33;39;41
1785;08/05/2018;18;19;34;36;38;43
1786;10/05/2018;21;35;38;43;48;49
1787;12/05/2018;5;9;13;38;41;44
1788;15/05/2018;1;9;19;23;28;42
1789;17/05/2018;6;14;15;16;38;40
1790;19/05/2018;2;7;12;16;26;46
1791;22/05/2018;6;18;27;36;41;46
1792;24/05/2018;10;19;21;22;25;31
1793;26/05/2018;3;13;18;24;29;31
1794;29/05/2018;2;6;33;40;43;46
1795;02/06/2018;11;13;20;28;29;50
1796;05/06/2018;6;8;28;31;39;46
1797;08/06/2018;5;8;9;24;44;48
1798;09/06/2018;5;9;13;16;27;34
1799;12/06/2018;6;13;34;44;45;46
1800;14/06/2018;1;17;20;29;46;50
1801;16/06/2018;15;18;24;36;42;44
1802;19/06/2018;2;3;8;11;23;47
1803;21/06/2018;1;4;18;19;21;25
1804;23/06/2018;13;19;25;30;42;48
1805;26/06/2018;1;23;25;31;36;44
1806;28/06/2018;13;19;25;29;35;45
1807;30/06/2018;3;7;16;17;23;32
1808;03/07/2018;5;19;27;28;37;49
1809;05/07/2018;5;6;24;28;34;41
1810;07/07/2018;1;5;23;25;36;39
1811;10/07/2018;1;3;16;24;28;42
1812;12/07/2018;4;6;24;35;46;49
1813;14/07/2018;3;14;18;23;43;46
1814;17/07/2018;2;8;16;20;29;45
1815;19/07/2018;1;4;7;13;19;29
1816;21/07/2018;5;10;19;22;38;42
1817;24/07/2018;3;18;33;34;37;38
1818;26/07/2018;17;19;21;37;42;43
1819;28/07/2018;2;12;14;28;41;48
1820;31/07/2018;25;29;33;38;39;47
1821;02/08/2018;8;12;14;24;32;50
1822;04/08/2018;13;23;32;44;46;48
1823;07/08/2018;3;19;27;32;36;46
1824;09/08/2018;7;14;25;26;33;39
1825;11/08/2018;27;30;32;36;43;48
1826;14/08/2018;12;22;29;31;33;39
1827;16/08/2018;2;18;22;39;45;50
1828;18/08/2018;1;17;18;21;30;32
1829;21/08/2018;17;27;30;35;40;42
1830;23/08/2018;5;8;20;27;49;50
1831;25/08/2018;13;20;23;35;36;45
1832;28/08/2018;6;17;24;25;44;49
1833;30/08/2018;1;3;26;42;48;49
1834;01/09/2018;3;8;12;22;33;50
1835;04/09/2018;6;7;13;24;27;45
1836;06/09/2018;2;9;12;27;33;42
1837;08/09/2018;6;15;19;26;30;33
1838;11/09/2018;14;19;22;28;34;44
1839;13/09/2018;6;15;29;36;42;48
1840;15/09/2018;12;18;22;31;37;49
1841;18/09/2018;3;6;7;20;33;37
1842;20/09/2018;2;10;15;17;30;33
1843;22/09/2018;5;7;9;34;35;37
1844;25/09/2018;17;23;30;34;43;47
1845;27/09/2018;19;22;26;32;36;42
1846;29/09/2018;14;17;28;37;39;46
1847;02/10/2018;6;9;10;18;34;48
1848;04/10/2018;2;6;18;28;31;32
1849;06/10/2018;2;3;6;39;42;44
1850;09/10/2018;8;9;22;33;38;44
1851;11/10/2018;5;7;11;15;19;21
1852;13/10/2018;10;14;16;20;28;34
1853;16/10/2018;9;18;19;31;36;42
1854;18/10/2018;8;9;16;39;43;46
1855;20/10/2018;5;19;22;40;42;50
1856;23/10/2018;11;15;32;37;41;42
1857;25/10/2018;14;17;23;38;44;50
1858;27/10/2018;4;11;14;22;26;46
1859;30/10/2018;15;36;38;42;43;50
1860;01/11/2018;8;14;32;33;39;47
1861;03/11/2018;12;14;18;30;31;39
1862;06/11/2018;1;5;14;15;30;41
1863;08/11/2018;2;3;10;16;18;47
1864;10/11/2018;8;11;13;20;25;35
1865;13/11/2018;21;27;43;46;48;50
1866;17/11/2018;1;10;14;20;22;30
1867;20/11/2018;1;14;18;36;45;49
1868;22/11/2018;5;7;14;33;35;44
1869;24/11/2018;9;12;28;37;39;49
1870;27/11/2018;2;5;19;21;25;33
1871;29/11/2018;6;15;26;28;35;47
1872;01/12/2018;12;26;28;32;47;49
1873;04/12/2018;4;11;12;28;39;50
1874;06/12/2018;8;18;33;40;41;45
1875;08/12/2018;9;15;20;24;29;49
1876;11/12/2018;21;23;29;33;35;41
1877;13/12/2018;3;4;7;15;31;48
1878;15/12/2018;3;18;20;23;32;35
1879;18/12/2018;5;9;13;21;29;41
1880;20/12/2018;4;5;16;30;31;34
1881;22/12/2018;4;34;37;38;39;47
1882;27/12/2018;10;16;19;38;39;44
1883;29/12/2018;3;7;13;22;35;37
1884;03/01/2019;10;11;18;27;40;44
1885;05/01/2019;8;12;19;31;32;50
1886;08/01/2019;8;25;26;35;42;47
1887;10/01/2019;7;10;17;27;42;45
1888;12/01/2019;8;14;28;29;31;43
1889;15/01/2019;1;2;17;24;33;49
1890;17/01/2019;6;12;17;31;43;45
1891;19/01/2019;1;8;14;24;41;42
1892;22/01/2019;5;22;30;35;36;41
1893;24/01/2019;4;6;10;13;34;40
1894;26/01/2019;10;12;21;31;38;45
1895;29/01/2019;20;29;31;32;34;48
1896;31/01/2019;13;33;37;42;45;46
1897;02/02/2019;4;12;29;31;34;38
1898;05/02/2019;4;19;21;24;36;37
1899;07/02/2019;2;4;18;26;33;38
1900;09/02/2019;10;11;13;20;41;46
1901;12/02/2019;8;11;14;22;24;38
1902;14/02/2019;7;16;20;27;36;41
1903;16/02/2019;6;16;20;25;27;40
1904;20/02/2019;20;21;26;29;42;44
1905;21/02/2019;18;22;23;24;33;39
1906;23/02/2019;6;7;13;31;36;38
1907;26/02/2019;2;17;20;25;27;36
1908;28/02/2019;7;18;29;30;44;49
1909;02/03/2019;2;3;17;39;46;49
1910;07/03/2019;16;18;24;27;39;40
1911;09/03/2019;3;7;24;40;42;50
1912;12/03/2019;3;11;14;18;26;49
1913;14/03/2019;1;16;17;37;43;46
1914;16/03/2019;3;7;8;26;27;41
1915;19/03/2019;5;20;21;41;43;50
1916;21/03/2019;6;9;19;20;39;47
1917;23/03/2019;3;28;31;32;40;47
1918;26/03/2019;10;18;19;25;26;36
1919;28/03/2019;3;4;6;9;11;15
1920;30/03/2019;10;16;17;21;36;49
1921;02/04/2019;17;18;27;29;35;42
1922;04/04/2019;22;24;33;36;42;45
1923;06/04/2019;4;7;29;35;39;47
1924;09/04/2019;18;22;26;30;34;41
1925;20/04/2019;8;17;19;29;44;46
1926;23/04/2019;6;8;26;35;39;44
1927;25/04/2019;18;35;40;43;44;50
1928;27/04/2019;12;16;33;41;47;48
1929;30/04/2019;16;21;31;36;43;46
1930;02/05/2019;1;15;19;25;39;48
1931;04/05/2019;3;5;17;37;39;50
1932;07/05/2019;7;8;16;35;48;49
1933;09/05/2019;12;15;16;21;26;35
1934;11/05/2019;7;10;21;38;42;45
1935;14/05/2019;11;13;16;23;24;39
1936;16/05/2019;5;8;16;22;44;50
1937;18/05/2019;9;10;11;38;41;49
1938;21/05/2019;12;15;27;33;44;47
1939;23/05/2019;4;10;37;43;44;50
1940;25/05/2019;3;28;30;31;32;44
1941;28/05/2019;3;8;10;19;23;38
1942;30/05/2019;2;6;16;31;37;46
1943;01/06/2019;6;8;22;25;38;48
1944;04/06/2019;7;20;21;23;26;29
1945;06/06/2019;6;12;14;15;27;41
1946;08/06/2019;3;20;26;40;42;46
1947;11/06/2019;9;23;30;31;36;40
1948;13/06/2019;6;26;35;39;40;46
1949;15/06/2019;7;14;15;36;42;48
1950;18/06/2019;1;4;12;26;35;47
1951;22/06/2019;5;9;32;37;41;49
1952;25/06/2019;19;28;30;32;34;35
1953;27/06/2019;22;26;33;39;40;48
1954;29/06/2019;9;10;14;39;41;49
1955;02/07/2019;1;7;14;15;41;48
1956;04/07/2019;2;11;19;26;45;49
1957;06/07/2019;4;16;17;23;33;48
1958;09/07/2019;6;24;30;40;44;49
1959;11/07/2019;2;3;12;29;31;39
1960;13/07/2019;25;29;32;34;38;49
1961;16/07/2019;16;17;26;27;28;33
1962;18/07/2019;7;12;17;23;31;46
1963;20/07/2019;7;10;18;21;30;31
1964;23/07/2019;2;3;19;39;46;50
1965;25/07/2019;3;8;28;29;43;50
1966;27/07/2019;6;29;30;33;34;47
1967;30/07/2019;2;5;14;32;40;42
1968;01/08/2019;4;7;24;25;30;31
1969;03/08/2019;3;8;14;21;32;35
1970;06/08/2019;10;19;31;35;39;50
1971;08/08/2019;9;15;17;19;28;42
1972;10/08/2019;2;6;11;14;27;41
1973;13/08/2019;2;5;12;16;38;41
1974;15/08/2019;1;6;10;21;39;45
1975;17/08/2019;1;4;12;14;33;50
1976;20/08/2019;3;13;15;41;45;46
1977;22/08/2019;14;23;26;30;43;49
1978;24/08/2019;6;20;23;24;27;39
1979;27/08/2019;7;28;30;37;45;49
1980;29/08/2019;4;10;18;22;37;46
1981;31/08/2019;3;5;15;31;41;48
1982;03/09/2019;26;36;44;48;49;50
1983;05/09/2019;5;6;15;31;38;40
1984;10/09/2019;7;18;39;40;41;44
1985;12/09/2019;8;27;36;41;46;48
1986;14/09/2019;4;12;22;32;38;46
1987;17/09/2019;4;7;15;20;32;50
1988;19/09/2019;3;20;30;33;38;43
1989;21/09/2019;3;10;13;15;26;45
1990;24/09/2019;19;21;27;34;35;37
1991;26/09/2019;11;16;28;42;43;47
1992;28/09/2019;17;18;22;29;31;40
1993;01/10/2019;5;6;11;24;36;41
1994;03/10/2019;4;11;28;30;47;50
1995;05/10/2019;8;14;24;27;40;45
1996;08/10/2019;2;12;25;29;38;48
1997;10/10/2019;4;7;14;21;24;27
1998;15/10/2019;6;13;17;19;39;44
1999;17/10/2019;4;5;12;25;41;44
2000;19/10/2019;2;10;25;28;38;43
2001;22/10/2019;4;12;17;18;37;38
2002;24/10/2019;1;4;16;21;46;48
2003;26/10/2019;3;9;22;35;37;42
2004;29/10/2019;1;6;19;31;36;50
2005;31/10/2019;11;15;17;28;30;36
2006;01/11/2019;9;27;30;35;40;41
2007;05/11/2019;3;33;35;36;42;45
2008;07/11/2019;5;9;13;24;31;40
2009;09/11/2019;3;5;29;30;37;45
2010;12/11/2019;13;22;34;40;41;48
2011;14/11/2019;22;23;26;28;30;35
2012;16/11/2019;9;10;18;32;43;46
2013;19/11/2019;6;22;24;28;39;41
2014;21/11/2019;10;17;21;32;43;46
2015;23/11/2019;19;33;41;43;47;50
2016;26/11/2019;14;17;22;29;30;43
2017;28/11/2019;5;18;41;43;44;46
2018;30/11/2019;3;14;19;33;49;50
2019;03/12/2019;8;19;29;39;40;41
2020;05/12/2019;1;4;8;21;26;27
2021;07/12/2019;7;15;19;20;29;34
2022;10/12/2019;2;9;10;14;16;30
2023;12/12/2019;10;15;19;31;44;46
2024;14/12/2019;9;13;15;25;37;40
2025;17/12/2019;1;11;16;26;39;40
2026;19/12/2019;1;5;8;22;23;46
2027;21/12/2019;7;9;36;41;46;47
2028;24/12/2019;7;21;31;34;35;36
2029;26/12/2019;2;14;18;31;34;49
2030;28/12/2019;1;4;11;25;34;48
2031;30/12/2019;17;33;36;38;47;49
2032;02/01/2020;6;11;25;32;42;47
2033;04/01/2020;13;17;18;22;37;43
2034;07/01/2020;2;12;13;23;25;43
2035;09/01/2020;5;10;12;14;28;47
2036;11/01/2020;37;38;40;42;47;49
2037;14/01/2020;7;11;17;21;24;45
2038;16/01/2020;19;20;30;35;38;41
2039;18/01/2020;3;5;15;39;42;49
2040;21/01/2020;9;11;13;21;29;44
2041;23/01/2020;23;26;28;44;45;46
2042;25/01/2020;6;12;15;24;25;30
2043;28/01/2020;10;15;19;34;42;43
2044;30/01/2020;3;6;8;14;19;27
2045;01/02/2020;1;14;16;34;35;40
2046;04/02/2020;13;16;17;24;27;31
2047;06/02/2020;3;6;8;19;46;50
2048;08/02/2020;1;17;26;40;41;47
2049;11/02/2020;2;21;24;25;26;48
2050;13/02/2020;1;5;22;35;36;40
2051;15/02/2020;5;8;10;26;36;42
2052;18/02/2020;8;12;41;46;49;50
2053;20/02/2020;3;5;13;23;31;40
2054;22/02/2020;6;18;30;33;38;45
2055;27/02/2020;7;12;21;30;36;38
2056;29/02/2020;12;23;25;32;34;38
2057;03/03/2020;3;4;15;27;33;46
2058;05/03/2020;10;24;30;35;40;47
2059;07/03/2020;10;27;29;45;46;49
2060;11/03/2020;7;12;20;37;44;46
2061;12/03/2020;7;17;18;28;32;44
2062;14/03/2020;1;16;28;32;46;49
2063;17/03/2020;11;17;25;41;42;47
2064;19/03/2020;5;10;11;22;36;37
2065;21/03/2020;4;8;10;13;17;21
2066;24/03/2020;3;6;21;33;34;49
2067;26/03/2020;6;9;26;27;31;48
2068;28/03/2020;7;9;12;37;44;46
2069;31/03/2020;12;13;15;23;30;44
2070;25/04/2020;4;11;32;35;36;50
2071;28/04/2020;6;12;25;30;36;49
2072;30/04/2020;5;6;10;25;27;46
2073;02/05/2020;13;24;34;36;42;47
2074;05/05/2020;10;14;19;22;29;45
2075;07/05/2020;6;18;20;36;44;45
2076;09/05/2020;6;9;15;28;36;43
2077;12/05/2020;2;3;10;12;21;40
2078;14/05/2020;7;10;12;23;25;36
2079;16/05/2020;11;16;28;30;37;38
2080;19/05/2020;11;18;38;44;45;48
2081;21/05/2020;18;26;33;37;41;47
2082;23/05/2020;2;21;25;31;43;47
2083;26/05/2020;5;12;16;31;44;46
2084;28/05/2020;1;16;17;21;30;47
2085;30/05/2020;5;21;28;35;36;39
2086;02/06/2020;9;21;28;32;33;34
2087;04/06/2020;7;8;34;40;41;45
2088;06/06/2020;8;14;35;36;38;48
2089;09/06/2020;18;19;22;33;34;36
2090;12/06/2020;16;28;35;41;42;43
2091;13/06/2020;18;22;24;32;35;47
2092;16/06/2020;4;6;13;24;30;36
2093;18/06/2020;8;9;17;19;31;46
2094;20/06/2020;20;28;33;38;45;49
2095;23/06/2020;8;11;20;40;44;48
2096;25/06/2020;6;11;12;23;30;31
2097;27/06/2020;13;20;25;37;49;50
2098;30/06/2020;11;26;28;30;36;44
2099;02/07/2020;4;9;21;22;40;43
2100;04/07/2020;2;5;7;10;30;45
2101;07/07/2020;5;7;18;32;43;44
2102;09/07/2020;7;14;22;29;33;46
2103;11/07/2020;3;19;30;34;39;50
2104;14/07/2020;4;24;34;35;49;50
2105;16/07/2020;6;10;19;36;39;47
2106;18/07/2020;2;13;14;22;46;50
2107;21/07/2020;15;16;31;39;41;45
2108;23/07/2020;1;19;22;26;37;49
2109;25/07/2020;6;9;15;18;25;32
2110;28/07/2020;9;15;22;25;32;42
2111;30/07/2020;2;7;13;22;27;48
2112;01/08/2020;4;17;19;26;30;41
2113;04/08/2020;16;24;28;37;41;45
2114;06/08/2020;1;5;20;39;41;44
2115;08/08/2020;10;19;35;37;39;47
2116;11/08/2020;30;33;35;41;42;45
2117;13/08/2020;9;11;12;28;31;48
2118;15/08/2020;5;7;16;39;41;49
2119;18/08/2020;7;15;16;25;31;40
2120;20/08/2020;5;6;8;23;36;37
2121;22/08/2020;5;6;20;22;31;50
2122;25/08/2020;3;20;23;24;35;39
2123;27/08/2020;5;9;26;28;43;45
2124;29/08/2020;4;26;27;41;42;46
2125;01/09/2020;5;7;21;25;30;42
2126;03/09/2020;9;11;32;36;41;44
2127;05/09/2020;1;8;14;24;32;44
2128;08/09/2020;1;6;8;13;43;45
2129;10/09/2020;10;13;15;22;24;32
2130;12/09/2020;4;13;25;30;40;44
2131;15/09/2020;9;34;41;42;45;46
2132;17/09/2020;5;7;24;32;33;50
2133;19/09/2020;6;7;13;21;33;47
2134;22/09/2020;1;20;28;29;37;50
2135;24/09/2020;5;12;17;22;29;46
2136;26/09/2020;5;18;19;37;47;49
2137;29/09/2020;15;29;30;32;45;48
2138;01/10/2020;1;6;8;22;24;31
2139;03/10/2020;7;8;13;21;39;50
2140;06/10/2020;6;10;16;26;27;44
2141;08/10/2020;11;20;24;35;36;44
2142;10/10/2020;9;11;12;26;30;46
2143;13/10/2020;22;23;33;37;43;48
2144;15/10/2020;5;14;33;36;37;48
2145;17/10/2020;9;11;14;20;22;34
2146;20/10/2020;1;10;22;32;41;44
2147;22/10/2020;3;9;14;33;37;47
2148;24/10/2020;22;24;30;32;37;39
2149;27/10/2020;6;8;22;25;37;47
2150;29/10/2020;18;20;32;34;40;43
2151;31/10/2020;21;28;32;41;46;48
2152;03/11/2020;8;15;36;43;46;50
2153;05/11/2020;4;8;14;22;34;42
2154;07/11/2020;2;9;31;32;35;37
2155;10/11/2020;17;18;25;27;49;50
2156;12/11/2020;4;9;19;21;30;45
2157;14/11/2020;5;7;16;21;34;46
2158;17/11/2020;9;12;18;30;44;47
2159;19/11/2020;3;4;6;8;15;25
2160;21/11/2020;2;3;13;15;19;41
2161;24/11/2020;7;13;14;18;26;40
2162;26/11/2020;7;10;24;26;37;47
2163;28/11/2020;11;14;27;31;34;39
2164;01/12/2020;6;15;22;24;37;39
2165;03/12/2020;8;16;24;27;29;43
2166;05/12/2020;11;14;18;29;38;45
2167;08/12/2020;2;16;23;27;29;39
2168;10/12/2020;11;12;19;21;36;47
2169;12/12/2020;8;9;10;11;16;25
2170;15/12/2020;4;10;13;21;27;37
2171;17/12/2020;17;18;27;31;40;46
2172;19/12/2020;1;5;6;17;43;48
2173;22/12/2020;4;11;13;22;43;50
2174;24/12/2020;18;20;22;30;49;50
2175;26/12/2020;4;9;16;17;20;41
2176;29/12/2020;5;9;18;44;48;49
2177;31/12/2020;1;2;21;25;43;46
2178;02/01/2021;5;26;35;38;47;48
2179;05/01/2021;4;5;15;21;24;27
2180;07/01/2021;15;27;32;41;44;49
2181;09/01/2021;15;28;38;40;46;49
2182;12/01/2021;15;21;38;46;47;49
2183;14/01/2021;26;31;35;36;38;49
2184;16/01/2021;2;4;5;24;36;43
2185;19/01/2021;23;24;29;31;39;40
2186;21/01/2021;5;10;11;17;21;32
2187;23/01/2021;8;24;28;29;38;43
2188;26/01/2021;6;12;17;18;22;31
2189;28/01/2021;7;9;20;21;28;49
2190;30/01/2021;12;20;26;33;38;46
2191;02/02/2021;17;23;24;31;35;44
2192;04/02/2021;1;2;12;32;39;41
2193;06/02/2021;17;19;21;24;26;44
2194;09/02/2021;10;11;18;34;42;44
2195;11/02/2021;3;9;14;27;28;34
2196;13/02/2021;4;15;24;28;38;44
2197;18/02/2021;5;10;30;33;38;44
2198;20/02/2021;5;6;19;42;45;47
2199;23/02/2021;3;6;16;19;38;49
2200;25/02/2021;1;13;23;39;43;45
2201;27/02/2021;15;16;22;28;41;42
2202;02/03/2021;3;19;24;25;31;36
2203;04/03/2021;5;11;32;39;45;50
2204;06/03/2021;12;22;34;46;47;49
2205;09/03/2021;8;23;30;32;43;48
2206;11/03/2021;5;9;13;29;34;35
2207;13/03/2021;1;4;15;17;46;48
2208;16/03/2021;2;3;14;16;27;47
2209;18/03/2021;4;11;23;26;43;49
2210;20/03/2021;1;10;26;30;35;43
2211;23/03/2021;2;21;30;39;40;49
2212;17/04/2021;14;31;33;42;47;50
2213;20/04/2021;7;12;29;37;41;45
2214;22/04/2021;17;19;26;29;30;36
2215;24/04/2021;12;14;19;24;41;50
2216;27/04/2021;8;10;33;35;40;46
2217;29/04/2021;13;24;26;36;39;44
2218;04/05/2021;2;14;34;36;40;44
2219;06/05/2021;4;11;22;23;27;41
2220;08/05/2021;3;8;20;35;43;44
2221;11/05/2021;11;30;31;35;37;50
2222;13/05/2021;5;13;28;32;43;47
2223;15/05/2021;26;28;36;37;41;43
2224;18/05/2021;8;17;19;30;32;44
2225;20/05/2021;1;10;12;15;38;48
2226;22/05/2021;5;16;27;38;39;50
2227;25/05/2021;4;6;10;34;39;45
2228;27/05/2021;5;13;20;24;26;47
2229;29/05/2021;1;18;26;28;32;39
2230;01/06/2021;2;7;11;23;27;32
2231;05/06/2021;2;5;10;23;29;36
2232;08/06/2021;11;19;20;23;44;46
2233;10/06/2021;1;7;15;28;38;49
2234;12/06/2021;1;9;24;35;36;38
2235;15/06/2021;8;15;20;26;33;41
2236;17/06/2021;4;11;15;26;31;39
2237;19/06/2021;6;9;19;36;47;50
2238;22/06/2021;4;19;20;22;41;50
2239;24/06/2021;7;10;17;24;35;37
2240;26/06/2021;2;9;10;26;27;50
2241;29/06/2021;7;14;18;21;22;50
2242;01/07/2021;19;21;27;33;38;40
2243;03/07/2021;20;25;37;41;46;50
2244;06/07/2021;3;5;9;24;26;48
2245;08/07/2021;9;11;13;38;40;48
2246;10/07/2021;7;12;16;27;43;47
2247;13/07/2021;5;7;27;35;36;47
2248;15/07/2021;31;34;39;44;47;50
2249;17/07/2021;10;15;16;18;38;44
2250;20/07/2021;16;22;29;30;32;33
2251;22/07/2021;10;35;40;42;43;50
2252;24/07/2021;4;6;15;19;21;50
2253;27/07/2021;5;8;26;27;30;43
2254;29/07/2021;12;23;24;27;38;46
2255;31/07/2021;9;17;36;43;47;49
2256;03/08/2021;10;17;21;24;30;48
2257;05/08/2021;11;16;35;40;44;45
2258;07/08/2021;3;10;21;27;30;48
2259;10/08/2021;2;9;14;34;35;49
2260;12/08/2021;18;22;25;29;32;34
2261;14/08/2021;4;23;25;26;33;46
2262;17/08/2021;9;18;23;27;31;33
2263;19/08/2021;6;7;8;22;26;30
2264;21/08/2021;16;30;31;45;46;47
2265;24/08/2021;14;22;37;41;45;50
2266;26/08/2021;5;32;34;38;44;46
2267;28/08/2021;3;6;9;21;39;48
2268;31/08/2021;15;17;23;29;31;34
2269;02/09/2021;5;25;28;29;36;44
2270;04/09/2021;1;9;23;32;36;47
2271;09/09/2021;9;10;15;21;33;40
2272;11/09/2021;14;15;28;33;44;46
2273;14/09/2021;9;12;14;23;38;44
2274;16/09/2021;13;17;18;30;36;37
2275;18/09/2021;5;21;28;33;37;42
2276;21/09/2021;7;10;14;31;40;46
2277;23/09/2021;3;22;29;40;42;48
2278;25/09/2021;9;14;18;28;30;32
2279;28/09/2021;1;20;21;22;28;42
2280;30/09/2021;2;10;13;15;18;49
2281;02/10/2021;20;25;36;46;48;49
2282;05/10/2021;7;10;11;20;22;36
2283;07/10/2021;8;12;30;34;44;49
2284;09/10/2021;4;21;26;30;36;47
2285;14/10/2021;16;21;22;24;28;45
2286;16/10/2021;8;19;21;24;30;37
2287;19/10/2021;7;25;30;35;38;41
2288;21/10/2021;8;11;25;34;44;47
2289;23/10/2021;4;12;19;23;34;35
2290;26/10/2021;5;22;24;27;36;38
2291;28/10/2021;3;12;23;25;33;49
2292;30/10/2021;3;17;33;37;38;47
2293;04/11/2021;2;7;30;31;32;50
2294;06/11/2021;5;8;34;40;44;48
2295;09/11/2021;9;13;35;36;46;49
2296;11/11/2021;4;22;29;30;32;41
2297;13/11/2021;9;16;17;18;21;28
2298;16/11/2021;8;17;30;31;40;48
2299;18/11/2021;1;10;22;29;44;47
2300;20/11/2021;2;7;20;29;30;40
2301;23/11/2021;13;18;23;26;37;40
2302;25/11/2021;1;4;5;24;30;48
2303;27/11/2021;7;18;24;31;42;43
2304;30/11/2021;10;13;30;33;37;41
2305;02/12/2021;17;18;22;34;43;45
2306;04/12/2021;11;12;25;45;46;50
2307;07/12/2021;3;6;24;34;46;47
2308;09/12/2021;9;17;22;32;34;49
2309;11/12/2021;8;10;18;25;30;39
2310;14/12/2021;2;14;23;35;41;45
2311;16/12/2021;9;25;28;31;33;45
2312;18/12/2021;18;24;25;36;38;49
2313;21/12/2021;13;18;22;47;49;50
2314;23/12/2021;8;14;16;29;35;45
2315;28/12/2021;9;20;21;23;34;43
2316;30/12/2021;10;12;14;16;27;35
2317;04/01/2022;2;19;31;38;39;44
2318;06/01/2022;3;16;23;26;46;47
2319;08/01/2022;2;6;8;27;33;48
2320;11/01/2022;6;8;12;16;20;39
2321;13/01/2022;15;25;26;30;44;49
2322;15/01/2022;13;21;25;31;36;41
2323;18/01/2022;10;13;19;32;36;48
2324;20/01/2022;8;13;20;21;33;36
2325;22/01/2022;5;8;17;23;36;49
2326;25/01/2022;1;6;20;23;24;49
2327;27/01/2022;10;22;31;38;43;45
2328;29/01/2022;20;23;28;38;43;44
2329;01/02/2022;8;9;15;24;32;34
2330;03/02/2022;2;7;15;19;35;40
2331;05/02/2022;19;20;26;31;37;45
2332;08/02/2022;7;31;32;38;40;50
2333;10/02/2022;14;35;41;43;48;49
2334;12/02/2022;1;3;11;36;45;49
2335;15/02/2022;19;24;34;35;46;49
2336;17/02/2022;16;31;32;36;46;49
2337;19/02/2022;6;17;22;32;43;49
2338;22/02/2022;1;5;10;34;38;45
2339;24/02/2022;1;5;14;16;32;47
2340;26/02/2022;14;30;41;42;44;47
2341;03/03/2022;5;8;12;20;42;45
2342;05/03/2022;4;5;25;37;41;48
2343;08/03/2022;1;4;11;13;41;44
2344;10/03/2022;7;18;27;31;35;50
2345;12/03/2022;13;16;27;30;33;38
2346;15/03/2022;7;11;25;28;42;44
2347;17/03/2022;25;33;37;41;44;50
2348;19/03/2022;9;22;30;31;32;33
2349;22/03/2022;6;15;18;38;39;41
2350;24/03/2022;4;10;13;36;39;45
2351;26/03/2022;11;23;25;39;44;50
2352;29/03/2022;10;12;20;29;38;50
2353;31/03/2022;10;20;21;29;34;41
2354;02/04/2022;9;25;37;42;46;50
2355;16/04/2022;19;25;32;38;39;42
2356;19/04/2022;8;20;31;36;42;47
2357;23/04/2022;7;10;16;23;29;42
2358;26/04/2022;19;22;27;34;45;46
2359;28/04/2022;5;33;41;44;46;48
2360;30/04/2022;4;18;22;26;39;45
2361;03/05/2022;4;5;6;27;30;42
2362;05/05/2022;3;18;19;42;49;50
2363;07/05/2022;2;6;18;19;20;48
2364;10/05/2022;15;18;30;35;40;49
2365;12/05/2022;9;29;30;31;32;44
2366;14/05/2022;4;9;10;14;32;50
2367;17/05/2022;9;11;19;34;37;47
2368;19/05/2022;2;3;17;31;33;46
2369;21/05/2022;16;19;24;32;34;42
2370;24/05/2022;1;5;7;14;29;47
2371;26/05/2022;4;5;10;13;36;38
2372;28/05/2022;3;6;16;29;32;48
2373;31/05/2022;15;17;27;34;35;43
2374;02/06/2022;3;12;15;16;22;30
2375;04/06/2022;2;31;32;34;35;42
2376;07/06/2022;3;11;12;30;33;39
2377;09/06/2022;3;19;20;28;39;50
2378;11/06/2022;2;18;24;30;39;40
2379;14/06/2022;7;9;21;29;34;36
2380;18/06/2022;4;11;15;26;33;46
2381;21/06/2022;4;10;15;18;35;41
2382;23/06/2022;6;15;24;34;36;46
2383;25/06/2022;11;12;14;21;23;39
2384;28/06/2022;1;8;28;30;34;38
2385;30/06/2022;1;15;24;25;30;33
2386;02/07/2022;1;6;8;22;26;29
2387;05/07/2022;12;16;27;35;37;39
2388;07/07/2022;2;7;34;42;44;50
2389;09/07/2022;16;20;21;38;48;49
2390;12/07/2022;21;23;26;38;41;48
2391;14/07/2022;16;19;34;38;42;47
2392;16/07/2022;1;8;16;19;29;39
2393;19/07/2022;15;20;21;31;37;41
2394;21/07/2022;8;21;28;38;46;49
2395;23/07/2022;12;14;25;39;47;49
2396;26/07/2022;8;15;32;35;39;42
2397;28/07/2022;7;19;28;34;36;48
2398;30/07/2022;1;9;25;39;44;45
2399;02/08/2022;13;20;21;30;35;40
2400;04/08/2022;2;8;21;26;31;45
2401;06/08/2022;28;30;39;40;49;50
2402;09/08/2022;12;28;34;37;38;41
2403;11/08/2022;17;19;32;44;45;47
2404;13/08/2022;3;9;10;11;38;41
2405;16/08/2022;2;12;15;29;33;40
2406;18/08/2022;17;21;30;34;39;50
2407;20/08/2022;14;15;24;33;44;50
2408;23/08/2022;6;10;22;32;37;42
2409;25/08/2022;22;23;30;34;42;48
2410;27/08/2022;2;12;25;30;43;50
2411;30/08/2022;2;3;14;27;40;43
2412;01/09/2022;5;8;18;39;43;45
2413;03/09/2022;11;20;24;27;41;44
2414;06/09/2022;2;9;16;17;31;35
2415;08/09/2022;3;10;14;22;26;34
2416;10/09/2022;5;21;23;34;40;41
2417;13/09/2022;6;7;16;18;26;48
2418;15/09/2022;6;10;12;26;33;49
2419;17/09/2022;3;10;27;43;47;49
2420;20/09/2022;5;14;31;35;37;42
2421;22/09/2022;2;7;16;33;40;45
2422;24/09/2022;16;18;24;36;44;50
2423;27/09/2022;18;20;32;35;38;50
2424;29/09/2022;2;14;15;22;27;28
2425;01/10/2022;1;10;11;28;33;45
2426;04/10/2022;8;11;15;30;37;46
2427;06/10/2022;2;20;28;29;43;44
2428;08/10/2022;18;24;27;31;43;44
2429;11/10/2022;3;10;11;22;26;34
2430;13/10/2022;10;24;33;39;45;50
2431;15/10/2022;2;20;36;41;43;50
2432;18/10/2022;1;18;22;23;29;30
2433;20/10/2022;1;22;25;28;37;50
2434;22/10/2022;4;21;31;33;41;50
2435;25/10/2022;4;19;28;30;43;49
2436;27/10/2022;11;12;17;35;42;47
2437;29/10/2022;3;17;18;27;30;36
2438;01/11/2022;2;15;22;31;33;41
2439;03/11/2022;1;2;6;11;45;47
2440;05/11/2022;21;26;31;34;39;42
2441;08/11/2022;9;14;16;24;37;39
2442;10/11/2022;7;19;22;35;42;46
2443;12/11/2022;5;18;20;23;37;43
2444;17/11/2022;11;25;30;37;47;48
2445;19/11/2022;3;37;39;41;43;50
2446;22/11/2022;12;14;22;28;37;50
2447;24/11/2022;18;22;24;41;46;48
2448;26/11/2022;5;8;39;41;44;50
2449;29/11/2022;2;14;23;26;41;50
2450;01/12/2022;9;13;17;36;38;48
2451;03/12/2022;6;15;33;35;42;43
2452;06/12/2022;20;22;25;30;32;39
2453;08/12/2022;3;6;43;47;48;49
2454;10/12/2022;5;10;26;32;44;49
2455;13/12/2022;13;14;24;28;33;44
2456;15/12/2022;7;19;26;34;39;45
2457;17/12/2022;1;3;11;16;36;44
2458;20/12/2022;1;9;20;28;40;49
2459;22/12/2022;10;19;30;31;36;40
2460;24/12/2022;16;18;21;31;34;37
2461;27/12/2022;3;17;22;24;30;45
2462;29/12/2022;4;5;11;21;27;30
2463;31/12/2022;2;4;5;13;18;30
2464;03/01/2023;8;11;12;20;27;47
2465;05/01/2023;8;23;38;41;45;49
2466;07/01/2023;2;5;12;20;46;49
2467;10/01/2023;2;19;20;22;36;50
2468;12/01/2023;8;12;13;25;37;45
2469;14/01/2023;4;14;15;18;40;49
2470;17/01/2023;11;13;26;28;39;46
2471;19/01/2023;3;11;16;20;42;47
2472;21/01/2023;4;8;28;36;44;47
2473;24/01/2023;7;18;23;27;34;46
2474;26/01/2023;3;21;25;34;44;50
2475;28/01/2023;14;21;25;26;28;41
2476;31/01/2023;3;6;7;31;36;44
2477;02/02/2023;13;22;27;30;36;37
2478;04/02/2023;4;8;18;30;36;45
2479;07/02/2023;2;7;30;31;44;47
2480;09/02/2023;5;11;25;30;43;45
2481;11/02/2023;3;7;8;23;36;48
2482;14/02/2023;13;21;29;38;44;50
2483;16/02/2023;1;30;31;42;44;47
2484;18/02/2023;10;13;14;20;38;41
2485;23/02/2023;6;9;11;33;36;41
2486;25/02/2023;4;5;8;12;23;47
2487;28/02/2023;13;18;25;28;34;41
2488;02/03/2023;12;27;33;36;44;49
2489;04/03/2023;3;6;7;25;26;41
2490;07/03/2023;4;13;30;38;40;50
2491;09/03/2023;22;29;42;46;48;50
2492;11/03/2023;14;29;41;44;46;49
2493;14/03/2023;6;7;19;32;39;50
2494;16/03/2023;7;16;17;38;39;44
2495;18/03/2023;2;16;22;29;35;39
2496;21/03/2023;2;3;19;27;29;30
2497;23/03/2023;3;10;17;30;37;48
2498;25/03/2023;5;8;11;15;35;43
2499;08/04/2023;3;4;21;23;28;32
2500;11/04/2023;3;19;37;40;44;48
2501;13/04/2023;1;16;28;44;45;47
2502;15/04/2023;4;5;14;18;25;27
2503;18/04/2023;5;9;23;36;38;44
2504;20/04/2023;1;4;10;14;32;49
2505;22/04/2023;2;8;11;29;30;40
2506;25/04/2023;11;23;24;26;28;45
2507;27/04/2023;2;3;5;36;47;48
2508;29/04/2023;1;4;14;16;32;38
2509;02/05/2023;1;7;34;36;37;45
2510;04/05/2023;4;6;14;18;21;42
2511;06/05/2023;18;20;23;26;32;36
2512;09/05/2023;30;43;45;47;48;50
2513;11/05/2023;3;13;21;25;26;35
2514;13/05/2023;2;11;18;21;24;38
2515;16/05/2023;4;13;34;39;47;50
2516;18/05/2023;2;11;15;30;36;41
2517;20/05/2023;5;6;7;8;13;48
2518;23/05/2023;3;7;10;15;40;48
2519;25/05/2023;8;11;46;48;49;50
2520;27/05/2023;2;3;12;19;33;37
2521;30/05/2023;6;11;19;31;36;41
2522;01/06/2023;1;7;11;17;27;39
2523;03/06/2023;4;15;18;19;21;42
2524;06/06/2023;9;10;11;20;25;34
2525;09/06/2023;9;14;15;19;22;30
2526;10/06/2023;1;12;25;31;32;47
2527;13/06/2023;8;12;13;23;36;41
2528;15/06/2023;7;11;19;32;49;50
2529;17/06/2023;1;4;18;43;44;49
2530;20/06/2023;20;27;28;33;34;36
2531;22/06/2023;5;7;31;33;39;46
2532;24/06/2023;8;24;25;28;40;48
2533;27/06/2023;2;11;12;18;29;44
2534;29/06/2023;7;15;29;41;46;47
2535;01/07/2023;10;13;22;43;46;47
2536;04/07/2023;15;16;22;31;37;45
2537;06/07/2023;18;30;32;37;41;47
2538;08/07/2023;1;25;28;35;41;50
2539;11/07/2023;2;3;12;19;37;50
2540;13/07/2023;5;13;15;19;24;29
2541;15/07/2023;18;20;34;36;45;50
2542;18/07/2023;7;20;39;45;46;50
2543;20/07/2023;2;10;14;17;27;50
2544;22/07/2023;10;12;15;20;33;37
2545;25/07/2023;9;31;32;34;35;38
2546;27/07/2023;8;14;15;31;39;46
2547;29/07/2023;1;11;12;16;32;33
2548;01/08/2023;3;12;14;24;32;50
2549;03/08/2023;27;28;37;42;47;49
2550;05/08/2023;4;15;24;40;42;45
2551;08/08/2023;4;14;18;25;38;39
2552;10/08/2023;1;8;27;28;33;37
2553;12/08/2023;1;8;12;13;17;21
2554;15/08/2023;1;7;19;21;39;45
2555;17/08/2023;5;12;18;26;34;45
2556;19/08/2023;24;25;34;36;41;50
2557;21/08/2023;5;24;25;32;42;45
2558;23/08/2023;8;9;22;41;44;45
2559;25/08/2023;1;6;15;26;32;35
2560;28/08/2023;3;6;18;30;41;45
2561;30/08/2023;4;24;26;36;37;47
2562;01/09/2023;3;13;19;30;42;46
2563;04/09/2023;5;8;28;30;35;36
2564;06/09/2023;6;7;15;21;33;36
2565;08/09/2023;3;10;11;12;35;37
2566;11/09/2023;9;23;25;40;43;48
2567;13/09/2023;5;10;23;29;32;50
2568;15/09/2023;12;18;20;24;43;49
2569;18/09/2023;22;23;37;40;46;47
2570;20/09/2023;2;4;6;14;23;25
2571;22/09/2023;6;10;22;37;41;49
2572;25/09/2023;8;11;36;39;41;44
2573;27/09/2023;10;21;28;30;41;43
2574;29/09/2023;17;29;39;44;47;50
2575;02/10/2023;1;4;10;21;22;33
2576;04/10/2023;9;15;32;39;44;45
2577;06/10/2023;2;18;19;22;33;46
2578;09/10/2023;3;10;26;27;32;46
2579;11/10/2023;2;6;34;37;39;50
2580;13/10/2023;2;9;10;31;35;42
2581;16/10/2023;10;13;18;19;20;26
2582;18/10/2023;3;8;20;31;37;40
2583;20/10/2023;6;31;33;36;37;39
2584;23/10/2023;13;18;20;25;38;49
2585;25/10/2023;5;6;15;28;37;41
2586;27/10/2023;34;36;38;40;46;50
2587;30/10/2023;11;16;17;21;23;36
2588;01/11/2023;8;9;18;28;39;46
2589;03/11/2023;1;15;18;27;29;46
2590;06/11/2023;3;4;32;39;44;48
2591;08/11/2023;25;33;39;46;47;50
2592;10/11/2023;6;12;22;33;35;44
2593;13/11/2023;8;11;13;23;30;32
2594;17/11/2023;4;19;20;25;43;44
2595;20/11/2023;14;22;27;28;36;39
2596;22/11/2023;10;20;22;30;41;49
2597;24/11/2023;1;5;11;40;41;44
2598;27/11/2023;7;9;20;34;35;43
2599;29/11/2023;10;11;17;23;29;40
2600;01/12/2023;1;5;18;22;28;30
2601;04/12/2023;3;7;15;18;23;35
2602;06/12/2023;11;30;31;39;40;46
2603;08/12/2023;14;21;27;28;29;33
2604;11/12/2023;3;4;21;31;39;46
2605;13/12/2023;11;22;41;43;46;47
2606;15/12/2023;3;16;22;25;26;36
2607;18/12/2023;9;11;33;37;39;42
2608;20/12/2023;8;11;17;24;39;46
2609;22/12/2023;3;9;25;34;43;48
2610;27/12/2023;7;9;11;16;20;30
2611;29/12/2023;2;6;15;34;37;42
2612;03/01/2024;2;5;23;34;39;42
2613;05/01/2024;16;18;21;23;32;49
2614;08/01/2024;3;12;21;31;41;49
2615;10/01/2024;2;31;32;35;38;47
2616;12/01/2024;2;9;20;33;39;47
2617;15/01/2024;3;5;12;17;22;41
2618;17/01/2024;6;24;33;42;44;45
2619;19/01/2024;6;26;29;30;33;40
2620;22/01/2024;2;3;7;12;25;39
2621;24/01/2024;9;19;28;41;46;47
2622;26/01/2024;13;14;21;26;34;37
2623;29/01/2024;21;29;42;45;48;49
2624;31/01/2024;10;13;14;21;32;43
2625;02/02/2024;5;24;37;42;43;46
2626;05/02/2024;1;5;9;28;41;43
2627;07/02/2024;13;33;36;39;40;42
2628;09/02/2024;3;4;6;34;35;49
2629;14/02/2024;28;36;38;41;44;50
2630;16/02/2024;1;4;11;31;39;48
2631;19/02/2024;4;7;11;18;48;49
2632;21/02/2024;18;25;29;38;41;45
2633;23/02/2024;1;11;29;30;41;49
2634;26/02/2024;12;27;34;39;40;41
2635;28/02/2024;5;14;30;31;35;38
2636;01/03/2024;10;15;25;31;36;38
2637;04/03/2024;9;18;21;31;34;50
2638;06/03/2024;18;31;34;37;44;45
2639;08/03/2024;7;10;13;22;44;48
2640;11/03/2024;19;20;25;28;35;39
2641;13/03/2024;3;6;8;13;44;45
2642;15/03/2024;7;17;20;38;40;43
2643;30/03/2024;1;3;10;27;46;47
2644;01/04/2024;15;28;30;36;37;40
2645;03/04/2024;1;9;11;30;37;46
2646;05/04/2024;5;9;17;30;31;39
2647;08/04/2024;2;6;31;32;44;50
2648;10/04/2024;2;11;13;37;47;50
2649;12/04/2024;9;11;29;37;39;50
2650;15/04/2024;5;11;20;25;32;38
2651;17/04/2024;1;10;19;25;38;49
2652;19/04/2024;11;15;17;21;27;34
2653;22/04/2024;2;11;12;28;39;43
2654;24/04/2024;9;16;17;18;33;38
2655;26/04/2024;5;16;24;45;46;50
2656;29/04/2024;2;7;8;20;35;37
2657;03/05/2024;10;21;25;27;30;46
2658;06/05/2024;21;25;27;38;40;49
2659;08/05/2024;1;7;8;23;30;44
2660;10/05/2024;3;9;16;24;25;29
2661;13/05/2024;10;21;30;34;35;44
2662;15/05/2024;3;10;17;18;32;41
2663;17/05/2024;16;28;30;35;37;46
2664;20/05/2024;1;2;8;35;41;43
2665;22/05/2024;4;6;7;18;23;41
2666;24/05/2024;6;11;15;27;35;37
2667;27/05/2024;2;7;9;14;21;38
2668;29/05/2024;13;21;38;41;47;48
2669;31/05/2024;5;25;26;34;41;42
2670;03/06/2024;4;5;9;10;18;44
2671;05/06/2024;8;34;35;39;45;48
2672;07/06/2024;2;3;11;24;25;47
2673;10/06/2024;5;6;12;16;28;48
2674;12/06/2024;20;31;38;40;43;50
2675;14/06/2024;3;4;22;41;42;47
2676;17/06/2024;3;5;8;10;11;12
2677;19/06/2024;5;9;18;23;24;46
2678;21/06/2024;15;16;24;37;44;49
2679;24/06/2024;7;17;29;30;33;46
2680;26/06/2024;11;21;22;24;32;39
2681;28/06/2024;9;20;24;34;39;42
2682;01/07/2024;1;6;21;22;24;30
2683;03/07/2024;3;7;9;12;29;38
2684;05/07/2024;19;28;34;41;45;46
2685;08/07/2024;12;24;36;37;41;47
2686;10/07/2024;6;19;21;25;26;32
2687;12/07/2024;13;14;17;19;23;41
2688;15/07/2024;1;2;13;34;36;50
2689;17/07/2024;7;16;26;29;34;41
2690;19/07/2024;3;8;11;29;32;48
2691;22/07/2024;10;17;33;44;46;48
2692;24/07/2024;17;20;35;37;42;49
2693;26/07/2024;10;26;29;42;47;48
2694;29/07/2024;4;9;10;15;23;47
2695;31/07/2024;10;12;16;34;38;49
2696;02/08/2024;5;12;15;19;37;45
2697;05/08/2024;3;11;13;30;32;42
2698;07/08/2024;7;11;18;25;38;45
2699;09/08/2024;6;13;27;28;35;36
2700;12/08/2024;6;9;15;22;28;44
2701;14/08/2024;2;8;11;12;38;50
2702;16/08/2024;1;15;17;31;43;48
2703;19/08/2024;6;11;22;36;46;48
2704;21/08/2024;4;10;12;17;34;44
2705;23/08/2024;2;14;20;33;40;49
2706;26/08/2024;7;19;25;36;48;50
2707;28/08/2024;10;11;27;30;33;49
2708;30/08/2024;4;7;9;40;48;50
2709;02/09/2024;4;24;31;36;40;41
2710;04/09/2024;13;15;22;23;24;28
2711;06/09/2024;17;21;29;32;39;49
2712;09/09/2024;4;8;10;22;27;31
2713;11/09/2024;10;14;23;30;31;47
2714;13/09/2024;1;7;9;26;32;44
2715;16/09/2024;10;17;18;25;34;41
2716;18/09/2024;6;14;15;34;44;48
2717;20/09/2024;3;14;26;30;36;45
2718;23/09/2024;10;19;31;38;44;45
2719;25/09/2024;14;21;30;32;35;46
2720;27/09/2024;1;5;13;40;46;49
2721;30/09/2024;7;9;13;32;47;49
2722;02/10/2024;8;31;37;41;43;45
2723;04/10/2024;5;11;18;20;24;26
2724;07/10/2024;2;6;39;40;41;42
2725;09/10/2024;4;19;21;37;38;46
2726;11/10/2024;11;20;22;31;38;40
2727;14/10/2024;3;4;12;14;25;46
2728;16/10/2024;6;28;29;30;37;40
2729;18/10/2024;4;9;34;36;39;45
2730;21/10/2024;4;17;18;26;30;48
2731;23/10/2024;2;5;7;19;29;47
2732;25/10/2024;7;34;41;46;48;49
2733;28/10/2024;14;21;28;35;44;49
2734;30/10/2024;2;20;23;26;32;37
2735;01/11/2024;3;6;16;35;36;38
2736;04/11/2024;4;8;9;22;24;44
2737;06/11/2024;8;14;15;20;24;41
2738;08/11/2024;1;17;19;35;37;44
2739;11/11/2024;5;25;35;36;41;43
2740;13/11/2024;9;10;16;24;25;33
2741;18/11/2024;14;19;27;36;42;45
2742;22/11/2024;3;17;22;33;46;50
2743;25/11/2024;9;17;22;31;37;40
2744;27/11/2024;19;24;39;41;43;49
2745;29/11/2024;2;4;18;21;22;45
2746;02/12/2024;20;25;31;45;47;50
2747;04/12/2024;13;25;31;36;43;44
2748;06/12/2024;13;29;34;36;43;46
2749;09/12/2024;7;11;26;28;31;44
2750;11/12/2024;6;15;22;23;26;47
2751;13/12/2024;4;6;10;15;21;44
2752;16/12/2024;4;5;36;37;40;50
2753;18/12/2024;4;12;26;29;41;45
2754;20/12/2024;11;20;31;34;35;43
2755;23/12/2024;4;8;15;20;24;32
2756;27/12/2024;27;33;34;41;44;46
2757;30/12/2024;9;15;25;29;46;48
2758;03/01/2025;15;23;24;27;31;42
2759;06/01/2025;2;9;29;36;44;49
2760;08/01/2025;4;5;16;17;29;36
2761;10/01/2025;2;15;17;39;44;45
2762;13/01/2025;23;24;29;30;40;47
2763;15/01/2025;6;7;19;25;27;49
2764;17/01/2025;9;11;20;27;35;45
2765;20/01/2025;6;9;14;16;18;39
2766;22/01/2025;7;13;14;17;18;20
2767;24/01/2025;7;9;13;16;31;43
2768;27/01/2025;1;28;32;45;49;50
2769;29/01/2025;7;9;19;21;29;45
2770;31/01/2025;22;24;25;27;30;48
2771;03/02/2025;2;5;6;16;21;35
2772;05/02/2025;1;4;11;38;42;43
2773;07/02/2025;4;13;18;21;36;37
2774;10/02/2025;1;2;4;7;39;45
2775;12/02/2025;1;2;3;4;34;35
2776;14/02/2025;16;18;21;26;38;45
2777;17/02/2025;25;26;34;36;44;45
2778;19/02/2025;15;16;17;20;25;43
2779;21/02/2025;11;12;15;31;36;48
2780;24/02/2025;8;9;14;35;46;50
2781;26/02/2025;9;13;17;37;40;43
2782;28/02/2025;1;5;6;8;27;37
2783;05/03/2025;1;3;7;28;33;48
2784;07/03/2025;10;19;21;28;37;49
2785;10/03/2025;2;7;17;29;31;38
2786;12/03/2025;16;25;28;33;39;42
2787;14/03/2025;3;16;21;26;28;43
2788;17/03/2025;2;12;17;19;20;37
2789;19/03/2025;9;14;25;26;38;44
2790;21/03/2025;11;13;19;26;38;40
2791;24/03/2025;12;14;30;44;46;48
2792;26/03/2025;8;12;17;22;36;37
2793;28/03/2025;11;12;22;25;33;46
2794;31/03/2025;7;26;36;44;46;47
2795;02/04/2025;6;7;10;30;36;41
2796;04/04/2025;6;12;27;35;39;48
2797;19/04/2025;5;18;22;27;31;46
2798;23/04/2025;2;17;25;29;34;36
2799;25/04/2025;15;32;33;39;42;44
2800;28/04/2025;14;16;19;37;40;48
2801;30/04/2025;4;8;9;31;47;50
2802;02/05/2025;4;8;13;18;35;44
2803;05/05/2025;11;14;19;31;32;35
2804;07/05/2025;2;14;21;27;33;46
2805;09/05/2025;2;27;34;41;44;45
2806;12/05/2025;8;10;32;39;41;50
2807;14/05/2025;7;15;20;26;30;45
2808;16/05/2025;12;24;27;43;44;45
2809;19/05/2025;7;22;28;30;34;43
2810;21/05/2025;6;10;22;28;29;36
2811;23/05/2025;10;16;17;20;33;42
2812;26/05/2025;2;6;10;34;38;50
2813;28/05/2025;4;6;10;14;22;40
2814;30/05/2025;9;14;21;26;45;47
2815;02/06/2025;7;9;13;14;20;50
2816;04/06/2025;1;10;27;29;40;46
2817;06/06/2025;3;8;20;27;32;40
2818;09/06/2025;6;18;21;24;44;49
2819;11/06/2025;11;27;34;38;49;50
2820;13/06/2025;3;4;8;17;29;45
2821;16/06/2025;2;15;34;35;43;50
2822;18/06/2025;14;21;22;24;26;43
2823;20/06/2025;8;13;16;17;33;46
2824;23/06/2025;10;15;21;36;37;48
2825;25/06/2025;3;8;23;25;35;38
2826;27/06/2025;2;4;20;24;27;28
2827;30/06/2025;9;11;14;29;30;31
2828;02/07/2025;4;15;35;41;42;45
2829;04/07/2025;3;6;8;10;30;31
2830;07/07/2025;7;8;13;22;29;33
2831;09/07/2025;4;6;10;14;38;39
2832;11/07/2025;10;13;15;27;32;50
2833;14/07/2025;1;8;12;16;19;26
2834;16/07/2025;2;11;12;25;43;45
2835;18/07/2025;13;17;18;26;44;45
2836;21/07/2025;5;8;15;28;29;39
2837;23/07/2025;6;13;20;28;32;40
2838;25/07/2025;20;26;29;35;37;40
2839;28/07/2025;10;14;16;18;22;33
2840;30/07/2025;5;7;9;10;11;28
2841;01/08/2025;1;4;8;9;15;17
2842;04/08/2025;5;11;32;34;36;45
2843;06/08/2025;3;4;11;18;35;46
2844;08/08/2025;20;21;23;27;28;49
2845;11/08/2025;22;23;24;27;32;43
2846;13/08/2025;15;31;36;37;39;49
2847;15/08/2025;1;8;31;32;39;50
2848;18/08/2025;8;30;31;35;36;38
2849;20/08/2025;5;13;18;34;35;50
2850;22/08/2025;8;12;17;30;42;43
2851;25/08/2025;9;29;36;41;46;47
2852;27/08/2025;5;10;16;20;35;39
2853;29/08/2025;4;5;10;13;38;46
2854;01/09/2025;21;23;27;28;29;36
2855;03/09/2025;9;15;18;19;30;35
2856;05/09/2025;4;5;21;22;30;32
2857;08/09/2025;5;22;23;24;43;44
2858;10/09/2025;7;8;10;12;29;38
2859;12/09/2025;2;6;20;21;24;50
2860;15/09/2025;8;18;41;42;48;50
2861;17/09/2025;14;15;33;36;45;48
2862;19/09/2025;2;4;20;42;44;46
2863;22/09/2025;5;40;41;46;48;50
2864;24/09/2025;12;34;35;40;41;48
2865;26/09/2025;6;18;21;38;45;47
2866;29/09/2025;2;5;18;43;44;48
2867;01/10/2025;13;16;26;28;39;42
2868;03/10/2025;8;9;17;27;35;43
2869;06/10/2025;17;18;27;30;31;42
2870;08/10/2025;7;25;28;36;43;45
2871;10/10/2025;1;8;22;31;33;35
2872;13/10/2025;7;18;21;43;44;46
2873;15/10/2025;11;19;25;26;29;50
2874;17/10/2025;8;15;18;19;29;34
2875;20/10/2025;1;15;17;31;33;48
2876;22/10/2025;20;29;31;36;42;46
2877;24/10/2025;5;16;19;20;25;44
2878;27/10/2025;4;8;27;32;37;40
2879;29/10/2025;9;30;31;35;46;50
2880;31/10/2025;11;15;26;32;44;45
2881;03/11/2025;13;14;20;25;36;43
2882;05/11/2025;1;3;31;42;48;49
2883;07/11/2025;3;8;18;20;25;50
2884;10/11/2025;6;8;20;34;40;46
2885;12/11/2025;5;27;35;36;42;49
2886;14/11/2025;11;29;30;35;41;47
2887;17/11/2025;14;16;31;32;35;44
2888;19/11/2025;4;8;28;38;39;47
2889;21/11/2025;17;22;25;26;47;48
2890;24/11/2025;3;11;12;16;23;34
2891;26/11/2025;14;26;28;31;36;42
2892;28/11/2025;2;9;13;16;25;43
2893;01/12/2025;3;10;27;33;43;44
2894;03/12/2025;3;8;11;14;16;36
2895;05/12/2025;9;20;24;26;30;39
2896;08/12/2025;2;5;15;23;26;38
2897;10/12/2025;8;13;15;34;44;50
2898;12/12/2025;17;22;23;30;36;49
2899;15/12/2025;18;21;24;34;47;48
2900;17/12/2025;8;12;21;24;26;33
2901;19/12/2025;3;16;19;21;28;41
2902;22/12/2025;4;43;44;48;49;50
2903;24/12/2025;6;11;13;45;49;50
2904;26/12/2025;11;12;15;17;20;34
2905;29/12/2025;3;4;9;18;38;40
2906;01/01/2026;3;17;18;39;43;48
2907;02/01/2026;4;9;23;31;33;38
2908;05/01/2026;2;17;36;43;44;48
2909;07/01/2026;9;12;33;44;47;48
2910;09/01/2026;4;25;26;29;30;49
2911;12/01/2026;1;19;20;22;23;25
2912;14/01/2026;12;17;19;20;23;33
2913;16/01/2026;4;12;20;22;43;49
2914;19/01/2026;4;17;20;37;47;48
2915;21/01/2026;3;8;14;18;36;49
2916;23/01/2026;8;11;16;27;32;39
2917;26/01/2026;4;9;20;34;36;42
2918;28/01/2026;2;8;11;21;38;40
2919;30/01/2026;17;25;26;32;33;43
2920;02/02/2026;9;10;16;20;34;40
2921;04/02/2026;7;20;22;33;42;49
2922;06/02/2026;18;33;34;35;39;45
2923;09/02/2026;4;10;12;22;34;35
2924;11/02/2026;4;13;17;32;37;46
2925;13/02/2026;6;9;17;18;22;43
2926;18/02/2026;2;11;20;23;25;30
2927;20/02/2026;7;19;24;27;30;34
2928;23/02/2026;9;11;16;37;38;49
2929;25/02/2026;1;20;24;27;34;47
2930;27/02/2026;1;2;7;13;16;25
2931;02/03/2026;14;23;31;34;40;45
2932;04/03/2026;2;6;15;20;28;49
2933;06/03/2026;21;24;29;35;41;49
2934;09/03/2026;3;12;20;36;40;47
2935;11/03/2026;5;12;29;34;41;46
2936;13/03/2026;3;13;21;23;24;34
2937;16/03/2026;4;10;15;21;30;50
2938;18/03/2026;14;15;19;26;34;35
2939;20/03/2026;4;5;9;10;13;22
2940;04/04/2026;5;13;18;29;31;33
2941;06/04/2026;19;26;28;29;34;48
2942;08/04/2026;2;9;17;26;37;44
2943;10/04/2026;9;16;18;20;23;28
2944;13/04/2026;11;13;17;29;30;33
2945;15/04/2026;6;8;9;17;42;46
2946;17/04/2026;12;19;29;33;34;44
2947;20/04/2026;5;8;22;24;36;44
2948;22/04/2026;1;6;11;18;27;36
2949;24/04/2026;3;8;12;25;35;44
2950;27/04/2026;2;9;12;26;48;49
2951;29/04/2026;12;26;31;39;41;43
2952;04/05/2026;5;12;17;24;26;32
2953;06/05/2026;1;11;28;30;35;44
2954;08/05/2026;6;15;32;33;39;49
2955;11/05/2026;5;10;20;30;46;47
2956;13/05/2026;12;17;19;29;45;48
2957;15/05/2026;2;10;32;36;39;42
2958;18/05/2026;5;23;28;31;35;36
2959;20/05/2026;2;14;15;16;27;39
2960;22/05/2026;3;12;34;39;46;48
2961;25/05/2026;10;12;13;16;37;42
2962;27/05/2026;17;24;38;43;45;48
2963;29/05/2026;11;13;38;42;44;49
2964;01/06/2026;4;5;11;24;30;41
2965;03/06/2026;7;8;21;40;42;47
2966;05/06/2026;11;16;20;25;31;49
2967;08/06/2026;10;15;32;37;48;49
2968;10/06/2026;15;21;41;44;45;46
2969;12/06/2026;2;18;21;34;41;42
2970;15/06/2026;5;7;11;22;30;48
2971;17/06/2026;8;12;14;18;30;40
2972;20/06/2026;6;10;34;38;42;46
2973;22/06/2026;6;23;25;44;45;48
2974;25/06/2026;22;27;29;32;38;39
2975;26/06/2026;7;8;22;25;42;44
2976;29/06/2026;4;21;26;31;32;48
2977;01/07/2026;2;6;20;26;49;50
2978;03/07/2026;1;8;15;35;38;42
2979;06/07/2026;20;21;22;27;38;50
2980;08/07/2026;14;21;26;31;35;36
2981;10/07/2026;4;5;18;41;42;44
2982;13/07/2026;4;20;24;27;40;41
2983;15/07/2026;1;4;13;29;40;46
2984;17/07/2026;2;6;11;12;27;37
2985;20/07/2026;1;8;18;29;39;49
2986;22/07/2026;4;14;21;34;38;45
2987;24/07/2026;11;16;34;36;41;45
2988;27/07/2026;5;12;31;37;42;45
2989;29/07/2026;13;22;36;44;46;47
2990;31/07/2026;11;13;14;25;35;38
2991;03/08/2026;3;23;24;27;37;38
2992;05/08/2026;10;14;16;21;30;31
2993;07/08/2026;3;7;8;11;28;50
2994;10/08/2026;5;17;22;36;38;50
2995;12/08/2026;10;16;19;26;31;42
2996;14/08/2026;6;12;14;15;27;30
2997;17/08/2026;20;23;25;28;41;50
2998;19/08/2026;5;11;24;30;31;36
2999;21/08/2026;1;10;12;37;39;44
