Concurso;Data;D1;D2;D3;D4;D5;D6;D7;D8;D9;D10;D11;D12;D13;D14;D15;D16;D17;D18;D19;D20
1;02/10/1999;0;6;11;14;16;21;22;25;32;33;34;46;61;70;73;78;88;89;90;95
2;09/10/1999;8;11;14;17;18;24;29;37;44;49;51;55;62;63;64;76;82;84;93;97
3;16/10/1999;8;10;11;17;20;22;28;34;45;47;48;54;55;57;67;74;79;85;91;99
4;23/10/1999;5;12;14;25;30;35;39;41;44;49;51;55;60;63;64;67;78;83;93;98
5;30/10/1999;0;8;17;20;28;32;39;42;43;51;54;59;65;69;71;73;87;92;98;99
6;06/11/1999;12;13;17;20;24;27;30;33;35;42;47;48;58;72;73;74;75;76;80;93
7;13/11/1999;3;6;18;19;23;36;39;45;46;50;56;59;64;70;73;85;92;94;97;99
8;20/11/1999;0;5;7;10;11;19;26;33;41;47;53;57;59;65;74;75;83;84;94;99
9;27/11/1999;0;1;3;7;9;10;17;21;22;29;30;32;36;60;67;69;70;73;77;98
10;04/12/1999;8;9;25;28;34;38;41;42;47;51;55;60;63;65;79;81;86;87;95;98
11;11/12/1999;8;14;16;24;34;35;46;51;53;54;58;64;71;74;78;79;83;87;93;94
12;18/12/1999;5;10;16;20;21;22;28;32;36;37;39;43;49;52;56;63;65;81;88;89
13;24/12/1999;0;2;3;6;32;35;42;47;56;58;59;66;68;75;76;79;82;84;88;91
14;31/12/1999;3;4;11;13;18;29;30;36;37;40;43;52;55;59;76;81;83;85;86;97
15;08/01/2000;4;5;12;13;14;15;19;22;26;29;31;38;41;48;54;65;73;92;94;97
16;15/01/2000;1;10;11;12;13;16;22;29;45;46;48;49;51;57;59;63;73;78;91;94
17;22/01/2000;1;13;19;22;29;30;31;37;38;39;43;47;59;61;78;79;92;96;97;98
18;29/01/2000;0;5;16;32;34;40;46;47;59;60;69;70;76;78;79;85;91;92;96;97
19;05/02/2000;0;8;10;11;13;18;21;25;31;33;36;48;53;67;77;82;86;94;98;99
20;12/02/2000;20;26;30;31;42;43;51;55;59;60;61;65;70;71;72;75;84;90;93;97
21;19/02/2000;2;7;8;16;26;29;38;41;45;54;59;67;71;73;75;77;89;92;97;99
22;26/02/2000;0;5;11;13;23;29;33;37;38;41;42;45;49;56;79;84;85;93;94;95
23;04/03/2000;4;17;18;19;24;25;26;28;31;32;37;40;41;53;60;64;77;78;89;99
24;11/03/2000;1;11;13;23;32;41;42;43;45;46;48;49;50;51;59;66;75;86;94;95
25;18/03/2000;5;19;21;31;45;46;47;48;49;59;64;73;82;85;88;92;93;94;95;98
26;25/03/2000;3;4;5;13;15;19;27;30;32;33;42;48;49;51;53;66;78;81;88;92
27;01/04/2000;1;3;6;16;19;21;31;32;39;56;58;59;61;71;75;82;84;86;91;98
28;08/04/2000;5;24;33;37;41;44;45;49;54;56;57;60;64;65;67;68;73;85;89;96
29;15/04/2000;1;2;5;9;11;27;29;42;53;61;68;69;74;78;84;85;86;87;93;96
30;22/04/2000;0;5;15;22;23;24;29;33;34;36;40;42;43;49;60;61;71;72;79;97
31;29/04/2000;0;1;7;8;10;13;14;15;24;35;43;44;48;52;53;64;68;73;79;94
32;06/05/2000;5;12;17;20;23;28;29;39;41;42;49;66;67;76;79;80;83;92;94;95
33;13/05/2000;6;11;12;13;14;23;28;33;34;39;49;52;56;60;71;76;82;86;90;93
34;20/05/2000;2;9;12;14;19;20;23;24;28;44;45;51;54;58;61;66;77;79;82;89
35;27/05/2000;4;8;11;12;14;22;23;28;36;42;47;48;49;53;54;60;67;85;88;99
36;03/06/2000;5;9;16;17;43;50;51;55;56;57;58;65;69;71;76;78;85;86;88;89
37;10/06/2000;1;3;6;9;17;20;21;35;38;43;44;50;52;55;73;74;82;97;98;99
38;17/06/2000;2;4;11;12;20;23;30;35;36;49;53;55;56;57;58;61;66;83;98;99
39;24/06/2000;0;2;5;9;11;17;18;24;26;30;33;38;44;52;57;70;72;78;81;84
40;01/07/2000;5;7;8;9;16;25;41;43;51;55;57;62;67;74;77;80;83;86;90;99
41;08/07/2000;4;9;11;22;26;29;33;37;41;47;50;52;58;64;65;71;77;82;86;98
42;15/07/2000;3;12;18;20;21;29;35;41;47;48;64;67;73;74;75;80;83;86;89;99
43;22/07/2000;6;8;17;18;19;30;31;32;39;53;54;58;75;77;84;86;90;93;94;96
44;29/07/2000;0;8;15;18;23;28;32;36;38;40;44;52;54;72;77;78;80;81;87;99
45;05/08/2000;0;1;3;14;18;24;30;33;37;41;42;57;67;68;69;70;74;80;86;90
46;12/08/2000;0;2;5;9;12;24;25;28;31;32;41;45;50;63;78;81;93;94;97;98
47;19/08/2000;7;10;11;18;21;31;34;39;42;50;70;75;78;80;82;89;92;95;96;97
48;26/08/2000;0;5;9;13;14;15;18;30;34;35;37;45;47;56;64;68;70;74;88;98
49;02/09/2000;21;29;31;37;40;44;45;50;55;61;62;79;80;81;83;85;86;88;95;97
50;09/09/2000;0;6;8;20;24;26;27;28;30;34;39;40;42;43;54;66;68;71;73;82
51;16/09/2000;1;3;4;10;16;21;40;41;46;47;51;53;57;60;63;75;82;83;89;98
52;23/09/2000;1;6;9;13;18;26;31;37;45;50;53;65;69;73;80;81;85;87;89;99
53;30/09/2000;6;8;10;12;18;21;28;32;34;39;41;42;49;50;56;59;62;82;86;95
54;07/10/2000;6;15;17;18;22;23;38;40;43;45;53;56;74;86;87;88;91;94;97;98
55;14/10/2000;3;4;5;26;32;37;40;44;49;50;54;63;64;67;73;74;89;96;97;99
56;18/10/2000;8;12;16;17;24;28;30;31;35;36;47;56;60;63;74;80;82;88;91;92
57;21/10/2000;2;5;9;25;28;41;44;50;58;64;67;73;78;79;83;85;93;95;97;98
58;25/10/2000;8;11;13;16;19;22;23;25;48;51;56;61;66;74;78;80;85;90;92;95
59;28/10/2000;7;14;16;20;27;30;35;45;52;53;56;63;76;81;83;89;91;92;94;96
60;01/11/2000;2;4;12;14;17;22;26;40;41;42;43;45;47;60;67;68;76;87;88;93
61;04/11/2000;0;6;14;26;27;30;34;35;40;51;53;55;60;61;64;68;70;74;84;88
62;08/11/2000;9;14;19;20;23;24;25;27;31;32;33;36;41;43;44;49;61;62;66;81
63;11/11/2000;1;3;18;24;33;36;41;47;48;52;54;57;65;69;74;78;82;91;92;99
64;18/11/2000;3;5;6;9;11;16;21;29;37;38;47;51;54;66;68;69;84;85;93;98
65;22/11/2000;1;7;8;11;14;18;21;23;27;31;39;45;58;69;72;79;83;86;92;98
66;25/11/2000;4;14;16;17;23;26;33;36;38;44;54;57;62;66;76;78;88;92;94;99
67;29/11/2000;3;7;9;14;18;25;26;36;46;49;50;62;64;75;76;85;89;91;94;98
68;02/12/2000;3;5;6;8;22;23;24;25;28;32;45;46;53;54;57;71;78;82;88;94
69;06/12/2000;0;1;14;15;24;29;30;34;45;55;58;69;72;73;76;83;86;94;95;98
70;09/12/2000;0;12;13;17;30;33;38;39;41;44;46;47;66;80;81;83;89;90;91;94
71;13/12/2000;11;24;27;30;36;39;44;46;50;53;55;59;61;63;66;69;73;81;90;94
72;16/12/2000;0;8;9;11;16;20;25;31;35;39;45;47;52;64;68;70;74;87;90;93
73;20/12/2000;11;14;18;30;39;41;50;59;69;71;73;74;81;83;91;92;93;94;98;99
74;23/12/2000;11;13;17;24;28;40;41;42;43;46;48;49;53;57;61;71;87;92;96;99
75;27/12/2000;1;11;15;26;27;37;38;39;48;57;59;64;73;76;78;85;87;94;95;98
76;30/12/2000;0;6;7;10;18;22;29;30;31;48;50;52;55;56;61;67;68;80;86;96
77;03/01/2001;0;2;5;7;16;27;28;31;32;38;41;49;56;76;80;83;85;89;91;98
78;06/01/2001;7;21;24;29;33;36;41;45;46;53;63;67;71;72;81;83;84;86;87;94
79;10/01/2001;2;3;4;7;9;15;20;26;30;37;38;43;47;51;55;67;77;85;86;87
80;13/01/2001;0;6;12;17;20;22;30;36;41;42;50;55;77;81;86;88;91;93;95;98
81;17/01/2001;14;16;23;30;33;39;43;47;52;63;65;67;68;74;83;86;87;92;94;97
82;20/01/2001;1;6;14;21;22;42;47;48;49;52;53;59;62;64;69;79;85;88;90;93
83;24/01/2001;0;4;11;13;30;37;40;43;44;45;50;51;61;65;71;74;76;79;83;85
84;27/01/2001;2;3;4;8;11;12;16;19;22;25;42;45;50;55;57;65;68;81;88;95
85;31/01/2001;2;4;7;10;13;23;25;30;31;36;44;45;47;51;58;60;63;71;84;92
86;03/02/2001;1;14;19;24;26;33;38;42;45;47;51;59;60;61;64;71;87;96;98;99
87;07/02/2001;6;15;17;24;30;42;43;47;51;53;54;59;67;83;85;87;93;96;98;99
88;10/02/2001;11;17;23;28;30;33;41;45;46;47;51;57;60;66;76;77;84;86;94;95
89;14/02/2001;1;11;17;25;33;41;44;48;50;56;59;60;63;64;67;68;76;83;86;88
90;17/02/2001;17;20;24;25;26;31;32;34;37;52;55;57;62;66;73;80;88;92;93;94
91;21/02/2001;0;8;14;22;23;25;26;27;31;34;35;36;55;58;64;66;67;81;85;91
92;24/02/2001;5;13;21;27;29;35;42;48;51;55;58;60;61;62;63;70;86;89;90;92
93;03/03/2001;1;7;14;19;20;28;34;43;49;52;53;54;69;74;77;81;82;84;90;94
94;07/03/2001;7;13;14;21;23;26;37;42;46;47;54;59;60;67;72;83;84;88;90;94
95;10/03/2001;1;16;20;23;27;41;44;48;53;55;57;69;72;79;84;85;86;87;91;94
96;14/03/2001;3;6;9;15;18;19;22;24;32;42;51;62;64;65;70;73;75;86;94;95
97;17/03/2001;1;5;8;16;31;34;38;39;43;44;45;49;50;51;55;57;63;85;92;97
98;21/03/2001;2;18;26;27;38;39;45;46;51;55;63;64;68;70;72;73;76;84;89;96
99;24/03/2001;2;4;6;10;16;26;28;32;34;38;39;42;53;62;69;82;89;90;92;97
100;28/03/2001;2;6;7;11;12;21;27;28;38;48;51;56;58;60;66;67;77;90;91;95
101;31/03/2001;1;2;3;5;12;16;19;20;27;30;33;39;49;51;59;68;74;80;82;83
102;04/04/2001;4;9;11;13;21;24;35;47;48;57;62;64;70;72;76;85;89;91;94;95
103;07/04/2001;5;24;25;26;29;30;32;35;45;58;61;72;77;85;86;91;92;95;97;99
104;11/04/2001;7;10;17;20;23;31;33;35;37;41;44;49;50;53;64;65;68;70;71;85
105;14/04/2001;0;1;2;3;4;9;10;15;23;25;28;34;41;48;54;72;76;86;87;93
106;18/04/2001;1;9;10;12;15;20;21;25;29;40;55;68;72;75;77;78;82;87;88;97
107;21/04/2001;6;13;18;22;26;30;33;34;36;38;40;45;53;54;61;62;64;69;75;91
108;25/04/2001;1;9;18;25;28;32;35;41;43;44;48;53;59;61;62;67;85;86;90;97
109;28/04/2001;0;1;6;13;16;19;20;29;39;40;49;50;65;77;79;80;89;92;94;98
110;02/05/2001;1;13;16;21;22;23;30;35;39;53;61;62;63;65;66;67;72;75;81;92
111;05/05/2001;7;18;25;30;32;41;44;52;56;58;59;61;71;72;79;82;86;88;96;98
112;09/05/2001;0;9;10;15;18;24;37;47;51;57;58;60;61;63;67;74;78;88;94;97
113;12/05/2001;4;11;13;17;27;31;32;34;36;37;38;41;52;71;81;83;84;87;88;91
114;16/05/2001;1;7;11;13;17;25;27;29;32;44;48;49;50;71;74;76;80;88;90;91
115;19/05/2001;2;9;10;17;19;23;26;30;31;32;38;39;40;47;56;63;72;84;88;92
116;23/05/2001;3;4;7;8;11;21;31;35;39;45;46;47;53;56;59;64;80;82;83;92
117;26/05/2001;0;2;14;23;25;30;31;36;37;42;45;46;48;64;65;66;67;73;74;99
118;30/05/2001;2;11;12;14;15;23;29;32;33;41;53;56;60;63;65;74;82;83;90;92
119;02/06/2001;2;3;5;8;25;29;36;38;41;45;50;52;55;64;69;73;79;81;82;87
120;06/06/2001;2;9;10;11;12;19;21;27;29;31;35;47;48;56;61;74;75;77;84;94
121;09/06/2001;0;2;3;9;10;15;27;34;35;40;59;69;70;71;73;75;82;89;91;99
122;13/06/2001;8;12;14;20;21;24;27;30;35;36;43;58;59;77;82;84;85;86;88;95
123;16/06/2001;6;8;19;26;30;33;44;45;50;54;58;60;64;65;66;69;76;81;85;90
124;20/06/2001;2;6;8;11;25;26;28;32;39;40;41;59;64;67;69;70;76;81;84;95
125;23/06/2001;0;8;12;23;26;34;45;48;51;52;62;66;68;69;71;77;82;86;92;94
126;27/06/2001;1;3;7;8;9;12;14;20;29;37;38;40;41;46;56;63;68;83;96;97
127;30/06/2001;3;7;22;24;27;29;38;39;41;45;48;54;59;62;65;67;71;78;79;86
128;04/07/2001;3;5;17;24;31;34;43;45;46;47;49;52;57;58;59;74;84;86;88;97
129;07/07/2001;10;13;17;21;26;28;36;37;38;41;43;44;47;60;65;76;78;80;84;90
130;11/07/2001;3;5;10;15;16;17;19;21;37;38;41;44;49;51;52;76;84;85;94;99
131;14/07/2001;9;10;12;23;24;27;42;43;45;47;48;55;62;69;70;75;80;90;94;98
132;18/07/2001;2;6;7;10;12;21;27;29;40;42;45;49;51;58;71;74;76;79;86;96
133;21/07/2001;2;13;21;32;34;38;42;45;48;52;53;57;62;66;71;75;79;86;92;95
134;25/07/2001;7;13;15;20;21;22;24;25;27;38;47;48;55;63;65;67;71;73;85;99
135;28/07/2001;5;13;27;33;37;41;48;49;53;54;58;59;60;68;78;80;84;86;95;97
136;01/08/2001;6;7;16;20;22;30;33;35;41;47;50;53;54;55;59;71;80;87;89;91
137;04/08/2001;3;10;18;19;29;32;42;44;50;54;55;64;65;69;74;80;81;82;87;91
138;08/08/2001;3;10;12;15;20;25;29;32;41;48;52;53;54;58;69;77;79;81;82;88
139;11/08/2001;2;6;8;10;11;13;23;24;33;43;49;51;55;65;66;71;75;85;89;93
140;15/08/2001;4;10;14;15;16;20;28;30;43;50;51;56;57;60;62;65;78;83;92;95
141;18/08/2001;4;10;14;19;24;25;30;40;46;51;56;66;79;84;87;89;90;92;93;99
142;22/08/2001;7;13;14;24;25;31;35;38;44;51;54;55;60;63;68;82;89;94;96;98
143;25/08/2001;5;18;22;26;32;33;38;45;47;48;53;54;58;69;76;78;80;81;82;83
144;29/08/2001;14;15;25;36;38;41;45;46;50;51;59;60;62;66;74;81;85;87;95;99
145;01/09/2001;3;5;22;33;34;39;40;41;42;43;45;46;50;57;64;70;76;79;85;99
146;05/09/2001;3;6;17;24;26;37;43;47;49;57;59;60;67;73;75;87;88;92;93;96
147;08/09/2001;2;4;6;7;8;21;23;26;35;40;48;56;59;65;73;81;82;85;88;98
148;12/09/2001;0;9;10;12;22;24;26;33;40;41;43;45;49;60;77;81;84;85;91;98
149;15/09/2001;10;18;24;25;29;38;39;43;45;49;50;55;58;63;66;70;82;85;90;93
150;19/09/2001;7;9;15;18;20;23;25;26;29;37;38;39;48;50;52;54;55;79;89;96
151;22/09/2001;4;7;11;12;25;33;34;39;45;48;50;51;56;73;78;81;84;85;90;94
152;26/09/2001;6;8;9;18;19;27;28;46;48;51;52;60;66;73;75;81;83;86;87;95
153;29/09/2001;4;9;10;11;12;28;36;39;43;50;51;63;64;67;69;71;75;76;79;97
154;03/10/2001;4;6;12;28;30;43;44;45;49;51;55;62;65;66;73;79;81;88;92;98
155;06/10/2001;1;5;15;17;18;24;26;27;29;32;33;34;37;38;42;47;50;70;72;93
156;10/10/2001;1;10;19;20;24;32;38;40;42;48;50;59;66;68;77;82;85;91;95;98
157;13/10/2001;4;8;16;17;23;30;38;44;51;54;57;59;62;63;66;81;84;86;88;90
158;17/10/2001;6;13;24;31;36;51;52;53;54;55;56;62;63;66;70;72;86;89;93;98
159;20/10/2001;5;8;11;14;29;35;45;48;53;55;61;65;67;68;73;74;75;79;86;96
160;24/10/2001;0;1;23;25;26;29;33;37;38;42;48;56;62;65;66;68;83;89;92;94
161;27/10/2001;2;4;11;13;16;32;33;43;50;55;58;60;61;69;73;80;82;83;92;98
162;31/10/2001;1;8;12;18;25;27;29;41;49;61;62;70;74;80;81;83;86;91;95;98
163;03/11/2001;6;9;11;13;15;18;19;26;30;33;47;52;53;59;69;78;81;83;85;96
164;07/11/2001;12;15;24;40;45;47;49;54;55;59;63;64;69;73;77;80;81;84;87;96
165;10/11/2001;1;9;14;15;29;39;41;43;45;46;49;60;61;65;67;71;76;82;89;92
166;14/11/2001;12;15;17;21;22;24;30;31;34;38;62;70;72;76;77;81;87;89;92;94
167;17/11/2001;1;17;23;29;30;35;36;43;51;52;57;59;63;65;76;82;86;95;96;99
168;21/11/2001;0;1;13;14;15;19;20;23;25;27;40;46;53;55;57;69;77;79;83;89
169;24/11/2001;4;11;23;24;25;39;42;43;53;54;55;59;65;68;75;78;91;94;95;96
170;28/11/2001;0;13;14;22;27;29;34;36;47;53;56;61;65;66;69;73;77;89;97;98
171;01/12/2001;4;6;10;12;14;35;41;48;51;57;60;62;69;71;76;81;84;86;91;92
172;05/12/2001;12;13;14;19;26;30;34;35;38;46;52;53;55;56;57;67;71;73;91;95
173;08/12/2001;1;3;4;6;11;15;21;22;28;32;43;44;47;51;52;57;63;73;84;88
174;12/12/2001;0;5;11;12;17;23;26;31;33;35;41;58;63;68;69;72;76;83;91;92
175;15/12/2001;2;19;25;29;39;43;45;51;56;57;63;64;75;77;82;83;84;91;92;98
176;19/12/2001;0;5;9;15;21;30;31;41;47;49;50;53;55;65;72;75;76;82;89;91
177;22/12/2001;1;3;5;16;19;22;29;33;34;39;42;43;54;71;77;80;83;88;89;98
178;29/12/2001;0;4;11;12;17;18;27;33;37;39;42;44;48;51;59;85;91;94;97;98
179;05/01/2002;2;11;23;25;30;33;35;38;39;48;50;52;58;61;64;65;73;83;84;99
180;09/01/2002;1;7;16;24;33;34;40;45;48;51;54;55;56;64;71;72;74;76;77;95
181;12/01/2002;2;6;17;19;24;25;26;28;37;41;49;50;63;71;72;78;82;93;95;97
182;16/01/2002;0;1;8;10;12;18;25;26;30;35;44;55;61;62;65;67;69;84;85;93
183;19/01/2002;9;14;24;28;33;40;41;42;48;54;59;62;64;65;73;74;79;84;96;97
184;23/01/2002;0;4;16;19;21;24;27;29;31;45;50;58;72;86;88;92;93;94;95;96
185;26/01/2002;19;21;27;31;37;40;47;48;51;56;58;60;66;72;73;78;81;83;94;98
186;30/01/2002;4;5;11;17;21;23;24;25;27;38;40;62;64;68;69;88;90;94;96;97
187;02/02/2002;3;7;12;20;23;27;28;31;36;42;44;55;58;76;79;80;83;84;88;93
188;06/02/2002;0;1;21;25;26;30;33;39;47;54;57;62;64;71;78;86;90;92;94;95
189;09/02/2002;20;21;29;31;32;34;35;37;46;47;48;49;51;52;74;77;79;81;83;86
190;16/02/2002;0;1;16;17;22;23;25;29;30;42;46;49;51;53;81;83;84;87;88;90
191;20/02/2002;2;6;7;9;13;14;18;25;27;36;47;50;53;68;69;75;79;80;88;90
192;23/02/2002;5;6;10;17;23;34;35;44;53;54;56;61;65;68;69;75;77;80;86;88
193;27/02/2002;6;11;13;15;20;22;24;28;44;49;54;59;61;66;70;74;86;95;96;97
194;02/03/2002;9;13;18;22;28;33;34;37;41;46;48;62;63;65;72;76;77;85;87;93
195;06/03/2002;4;8;12;14;16;25;28;36;42;45;48;49;51;52;53;54;61;66;81;92
196;09/03/2002;3;4;12;14;16;17;19;23;33;34;35;38;48;51;58;66;78;84;93;97
197;13/03/2002;8;11;12;13;14;24;26;36;37;38;42;52;54;57;58;61;90;91;92;99
198;16/03/2002;1;7;12;14;16;25;33;55;57;59;64;65;66;68;76;77;78;85;92;93
199;20/03/2002;1;8;10;16;19;25;31;34;37;38;43;47;68;70;80;83;85;89;91;99
200;23/03/2002;12;20;23;27;29;32;33;35;38;56;58;66;74;76;79;82;84;90;93;97
201;27/03/2002;1;4;15;16;19;38;40;48;59;61;62;64;74;75;82;83;87;88;89;96
202;30/03/2002;5;7;9;11;15;26;39;45;56;60;61;62;64;70;73;80;81;82;85;96
203;03/04/2002;1;14;22;29;31;34;37;39;40;67;68;71;72;74;83;84;88;90;91;99
204;06/04/2002;6;16;17;27;30;38;40;44;45;46;49;50;55;59;62;67;70;88;89;96
205;10/04/2002;9;10;28;33;41;44;47;48;49;57;64;71;74;75;76;80;81;85;86;99
206;13/04/2002;5;6;11;17;23;25;32;37;41;44;49;58;59;62;65;67;76;80;89;99
207;17/04/2002;5;10;11;14;17;28;32;33;38;39;46;64;65;70;71;74;77;80;81;90
208;20/04/2002;3;7;8;11;17;29;31;37;43;44;59;60;66;68;69;77;87;90;95;96
209;24/04/2002;3;4;8;13;32;38;39;41;50;53;55;57;64;76;77;85;88;90;94;97
210;27/04/2002;6;7;14;20;35;40;41;47;49;57;60;66;70;76;77;79;83;84;86;98
211;04/05/2002;3;9;13;15;20;26;32;38;41;44;46;47;50;59;60;61;64;70;87;97
212;08/05/2002;3;6;8;9;12;15;22;27;37;40;43;44;46;47;54;61;80;89;96;99
213;11/05/2002;1;5;15;17;22;23;28;31;41;44;47;54;55;56;57;67;71;72;78;82
214;15/05/2002;1;5;8;9;14;16;23;28;47;50;54;56;65;66;70;74;75;90;96;99
215;18/05/2002;8;14;20;31;39;42;43;54;55;56;62;64;65;67;69;73;74;85;92;98
216;22/05/2002;2;6;9;13;14;22;28;33;36;42;44;47;52;53;61;62;64;77;82;99
217;25/05/2002;9;12;18;21;22;35;43;46;52;59;60;72;74;75;76;77;82;95;96;99
218;29/05/2002;5;12;15;25;34;43;45;48;54;60;61;65;68;70;72;78;79;80;87;95
219;01/06/2002;5;7;18;21;23;27;32;33;39;42;58;65;72;75;76;77;78;83;91;94
220;05/06/2002;8;12;16;23;24;26;27;30;36;45;48;49;56;62;69;72;73;74;81;87
221;08/06/2002;10;24;25;28;34;37;41;44;45;46;48;49;51;55;66;78;84;91;94;98
222;12/06/2002;4;10;11;24;32;33;34;38;43;50;53;62;65;75;79;89;92;96;97;99
223;15/06/2002;5;6;16;17;25;26;32;39;43;48;52;58;72;75;83;92;94;95;97;99
224;19/06/2002;2;6;8;10;15;18;21;23;24;33;41;43;45;55;64;65;67;74;81;90
225;22/06/2002;3;14;15;16;23;29;32;33;34;36;41;44;49;54;60;64;65;66;78;99
226;26/06/2002;5;12;14;16;20;23;24;25;28;29;32;33;42;46;49;52;64;68;87;92
227;29/06/2002;2;6;10;26;28;31;37;41;42;45;58;61;68;69;71;74;78;85;94;97
228;03/07/2002;1;5;7;19;21;22;27;35;42;56;60;62;64;67;68;71;86;93;94;96
229;06/07/2002;1;4;20;33;40;49;52;56;59;64;66;75;78;81;84;85;91;92;94;98
230;10/07/2002;5;20;21;24;36;41;50;55;57;62;63;64;65;74;79;81;83;85;87;91
231;13/07/2002;0;11;15;19;22;24;25;26;27;32;34;38;41;48;51;53;69;70;80;87
232;17/07/2002;1;4;7;10;12;17;20;22;23;33;41;49;53;59;63;68;69;73;87;99
233;20/07/2002;12;25;33;34;35;36;40;45;47;56;57;64;70;72;78;79;94;97;98;99
234;24/07/2002;5;6;12;13;15;43;44;47;54;61;66;67;73;78;85;87;90;91;92;96
235;27/07/2002;13;15;16;19;34;35;40;45;47;50;67;70;77;78;82;83;87;92;95;96
236;31/07/2002;4;7;11;12;16;19;20;22;30;33;36;47;48;49;60;63;68;78;81;91
237;03/08/2002;3;6;12;13;14;17;19;20;26;32;44;45;50;51;58;62;83;84;92;93
238;07/08/2002;4;5;13;15;20;22;24;30;35;48;64;67;69;75;83;84;87;90;91;95
239;10/08/2002;9;20;26;32;36;37;42;48;52;54;55;58;70;74;84;85;90;97;98;99
240;14/08/2002;4;11;29;38;39;44;46;48;49;51;60;71;72;73;76;77;84;87;88;89
241;17/08/2002;7;8;10;24;25;28;29;32;34;35;39;54;55;56;58;73;83;87;88;98
242;21/08/2002;1;4;6;9;13;22;23;27;29;33;35;45;50;53;55;65;70;76;87;97
243;24/08/2002;12;14;27;32;42;49;50;52;61;66;68;72;76;77;78;86;90;92;94;96
244;28/08/2002;0;8;15;16;24;32;37;41;43;48;49;54;55;60;70;82;87;91;95;98
245;31/08/2002;3;4;9;12;15;18;22;33;36;42;43;48;55;58;68;69;75;76;93;95
246;04/09/2002;7;9;12;14;18;20;22;37;41;43;44;53;55;71;73;74;78;84;90;97
247;07/09/2002;0;4;11;13;20;25;29;39;40;42;44;53;54;62;65;82;86;90;93;96
248;11/09/2002;1;5;10;12;16;18;22;31;38;42;44;48;52;66;69;74;81;82;86;89
249;14/09/2002;4;14;27;29;30;31;35;46;47;48;53;56;58;60;71;78;80;88;89;94
250;18/09/2002;7;9;14;25;38;42;48;50;55;57;59;64;65;67;85;91;92;95;97;99
251;21/09/2002;0;14;15;25;26;30;32;43;47;49;53;62;65;66;69;72;76;85;94;98
252;25/09/2002;9;13;21;23;25;30;34;36;37;38;47;53;57;61;72;73;74;85;87;88
253;28/09/2002;1;2;4;6;10;12;17;21;22;24;48;52;54;62;66;72;76;77;95;99
254;02/10/2002;1;2;3;4;10;21;23;29;33;43;49;50;51;60;66;70;74;77;78;80
255;05/10/2002;0;11;15;23;32;33;34;47;50;56;65;66;68;70;71;72;73;75;77;97
256;09/10/2002;2;7;12;20;28;32;34;36;37;39;48;54;58;65;73;77;90;92;98;99
257;12/10/2002;4;8;12;14;22;32;39;40;52;62;66;67;68;74;76;86;88;89;91;93
258;16/10/2002;17;22;23;27;37;39;42;49;55;58;59;63;64;73;77;78;79;80;87;94
259;19/10/2002;0;3;9;11;12;25;29;31;32;46;54;60;63;66;67;68;72;75;82;84
260;23/10/2002;4;13;20;24;26;32;36;37;47;50;51;56;58;61;62;67;68;90;92;94
261;26/10/2002;0;7;11;16;24;28;33;34;37;42;44;47;50;54;61;64;80;92;93;95
262;30/10/2002;9;11;12;14;16;35;36;44;52;53;54;61;64;69;84;92;94;97;98;99
263;02/11/2002;0;19;26;31;32;36;41;48;49;52;53;57;59;78;79;83;85;86;93;96
264;06/11/2002;10;21;25;26;29;33;39;48;49;52;53;57;58;59;63;68;73;76;77;81
265;09/11/2002;4;9;18;29;30;33;41;43;48;53;58;60;69;74;76;85;86;88;90;95
266;13/11/2002;12;13;14;17;19;20;29;36;38;48;62;69;74;76;78;80;83;93;97;99
267;16/11/2002;3;10;17;20;22;38;46;48;49;50;51;55;57;61;69;71;72;85;89;96
268;20/11/2002;2;7;11;15;19;21;28;35;36;38;40;43;54;60;63;64;72;73;85;91
269;23/11/2002;3;10;23;27;28;32;33;35;38;40;48;54;56;57;59;67;69;83;91;95
270;27/11/2002;0;1;10;12;29;30;32;34;35;36;39;43;46;55;58;61;69;71;95;97
271;30/11/2002;4;6;11;21;26;29;35;39;40;42;57;60;65;70;74;76;78;84;89;92
272;04/12/2002;3;6;15;22;23;42;44;50;51;55;63;65;69;70;90;93;94;95;97;99
273;07/12/2002;2;3;5;6;10;20;22;25;42;45;59;61;65;71;74;77;79;85;96;97
274;11/12/2002;0;4;8;15;18;19;20;41;42;47;54;55;60;71;76;89;93;97;98;99
275;14/12/2002;10;14;20;22;23;25;32;33;34;42;43;51;65;71;75;84;85;87;90;91
276;18/12/2002;3;5;7;25;26;29;30;41;45;47;56;59;62;76;77;78;82;84;90;99
277;21/12/2002;4;6;8;12;14;33;37;47;50;55;60;61;67;71;72;78;82;87;92;94
278;28/12/2002;3;5;14;17;21;35;39;44;47;48;50;52;64;67;68;78;94;96;98;99
279;04/01/2003;1;5;7;16;20;25;30;35;36;51;58;59;62;73;79;81;86;87;91;94
280;08/01/2003;2;3;10;22;23;33;45;49;53;57;61;63;64;65;72;82;84;90;95;99
281;11/01/2003;1;2;7;14;17;21;30;32;34;36;49;50;52;53;61;64;71;74;76;80
282;15/01/2003;1;11;15;17;18;20;21;31;36;44;55;56;59;60;61;66;69;77;87;98
283;18/01/2003;5;7;19;27;30;39;40;45;47;48;49;50;51;54;60;61;64;81;82;91
284;22/01/2003;1;7;14;17;23;26;29;31;33;35;36;47;48;51;61;69;71;81;82;91
285;25/01/2003;4;5;10;23;26;38;46;49;50;52;61;63;75;76;81;82;85;86;97;98
286;29/01/2003;1;5;14;17;19;21;23;27;35;37;39;43;44;50;55;64;68;71;92;96
287;01/02/2003;3;6;15;16;22;31;43;50;51;58;64;70;73;74;77;78;82;92;93;96
288;05/02/2003;1;8;15;20;29;34;40;41;44;52;53;54;57;67;70;84;87;91;94;95
289;08/02/2003;3;5;6;15;16;18;25;26;27;33;39;43;49;61;64;65;70;72;74;99
290;12/02/2003;3;4;17;18;20;22;24;25;30;34;41;50;55;62;65;76;81;85;86;99
291;15/02/2003;3;8;12;24;25;30;36;37;42;44;47;49;50;52;54;59;70;82;85;91
292;19/02/2003;7;9;12;18;22;23;28;37;49;50;55;58;67;71;73;76;83;94;95;96
293;22/02/2003;6;8;18;19;23;27;28;29;45;46;54;63;72;76;77;78;80;89;93;96
294;26/02/2003;1;7;8;11;24;26;32;38;39;43;46;51;54;63;66;70;80;90;92;95
295;01/03/2003;12;18;23;25;26;27;34;35;36;37;61;63;65;73;78;79;82;86;95;96
296;08/03/2003;12;14;15;17;21;32;34;37;42;44;48;55;56;74;78;82;90;93;95;97
297;12/03/2003;8;12;13;24;27;30;31;34;37;38;39;46;47;59;63;66;67;71;85;88
298;15/03/2003;3;14;16;17;18;30;41;46;47;52;59;61;62;68;69;75;79;84;96;99
299;19/03/2003;7;8;12;13;24;26;27;48;49;54;57;58;59;62;66;71;81;88;90;97
300;22/03/2003;5;6;12;13;19;20;21;24;30;54;55;59;72;76;77;82;84;91;95;97
301;26/03/2003;10;14;25;41;45;48;55;61;64;65;70;72;73;82;85;88;94;96;97;98
302;29/03/2003;0;2;3;5;17;19;22;31;33;38;41;49;56;58;71;84;87;90;92;96
303;02/04/2003;0;4;7;15;21;27;38;39;54;55;58;71;74;75;85;88;90;91;94;95
304;05/04/2003;0;1;11;15;19;20;24;27;34;41;47;62;63;66;68;71;75;85;91;94
305;09/04/2003;1;2;3;10;24;27;32;52;53;62;70;72;78;79;80;87;91;94;97;98
306;12/04/2003;4;19;24;28;34;35;37;46;47;49;58;59;71;81;86;88;89;93;97;98
307;16/04/2003;9;14;15;30;47;52;57;60;64;66;68;73;74;76;78;79;81;88;91;97
308;19/04/2003;2;8;12;15;19;20;42;44;55;56;65;67;73;75;76;79;85;88;94;99
309;23/04/2003;6;7;9;14;24;31;37;42;43;52;54;60;64;65;74;82;84;85;90;95
310;26/04/2003;0;7;15;24;37;39;42;46;56;61;62;64;65;68;72;76;78;79;80;86
311;30/04/2003;5;13;19;25;31;32;36;41;48;52;55;70;72;73;76;79;83;88;89;96
312;03/05/2003;11;14;21;29;36;43;45;51;53;56;57;62;64;67;68;70;81;90;91;97
313;07/05/2003;3;9;11;20;23;25;26;27;38;43;45;56;60;68;72;73;80;89;91;92
314;10/05/2003;2;3;8;12;16;18;22;28;29;43;48;53;63;68;75;76;91;93;96;97
315;14/05/2003;2;8;11;17;18;22;32;35;39;40;45;46;53;55;62;65;68;76;91;99
316;17/05/2003;1;17;20;22;23;25;27;28;49;51;58;64;67;68;71;74;76;84;92;95
317;21/05/2003;3;14;19;22;35;43;52;54;56;57;67;71;79;83;84;87;90;91;96;99
318;24/05/2003;0;3;11;16;20;22;23;24;25;33;37;39;43;47;69;72;84;86;87;93
319;28/05/2003;0;1;2;10;21;23;31;34;36;50;52;59;66;70;71;72;78;85;90;94
320;31/05/2003;1;12;19;23;25;29;34;35;36;42;44;45;48;56;60;63;66;69;85;94
321;04/06/2003;1;4;13;15;21;30;32;37;43;50;57;59;60;62;76;79;82;92;93;94
322;07/06/2003;0;3;5;12;34;40;41;48;49;54;60;61;62;65;67;74;78;86;93;96
323;11/06/2003;6;13;16;30;41;48;55;56;60;61;64;65;66;73;75;81;88;89;94;97
324;14/06/2003;2;6;10;14;16;18;20;23;24;32;39;42;44;46;51;66;70;78;85;99
325;18/06/2003;1;7;10;32;36;39;40;43;46;58;59;61;69;74;78;80;83;86;95;99
326;21/06/2003;10;12;13;14;25;29;36;41;45;50;51;54;57;63;66;76;80;83;84;96
327;25/06/2003;0;9;13;14;16;22;32;33;38;39;43;49;51;76;79;82;89;90;93;95
328;28/06/2003;0;3;11;27;30;31;33;45;53;54;55;64;65;74;81;89;90;91;94;96
329;02/07/2003;2;9;10;16;24;26;27;29;32;33;35;42;48;61;65;75;82;86;95;98
330;05/07/2003;1;2;3;8;14;23;29;33;34;38;43;44;49;52;55;62;65;71;74;94
331;09/07/2003;1;2;10;12;14;18;40;45;46;47;50;53;59;75;77;79;82;85;92;95
332;12/07/2003;6;16;18;25;26;27;29;30;39;42;44;48;50;58;62;82;89;94;97;98
333;16/07/2003;4;17;21;32;36;46;47;54;57;58;60;61;67;70;81;83;94;95;97;98
334;19/07/2003;2;10;12;16;20;31;40;43;47;48;50;51;54;61;63;67;75;86;91;98
335;23/07/2003;19;22;23;30;34;35;37;44;49;51;54;55;68;72;76;78;83;85;90;92
336;26/07/2003;4;7;17;19;47;49;50;51;54;55;57;58;73;75;81;82;86;88;89;96
337;30/07/2003;3;11;12;13;15;22;24;32;34;39;42;43;51;52;64;65;77;80;92;93
338;02/08/2003;4;6;8;18;26;27;43;44;45;54;56;57;62;69;70;73;74;89;93;97
339;06/08/2003;0;4;7;9;15;19;22;27;35;37;46;59;63;64;68;75;77;78;87;99
340;09/08/2003;2;4;6;7;12;20;40;41;42;55;64;68;70;74;76;82;90;94;97;99
341;13/08/2003;1;4;12;15;22;25;26;33;36;41;48;52;63;71;73;79;80;85;92;95
342;16/08/2003;12;18;19;21;22;36;40;43;46;49;50;51;61;62;63;64;72;75;78;79
343;20/08/2003;3;9;16;18;35;39;41;43;44;45;46;47;51;53;56;71;77;84;92;94
344;23/08/2003;10;13;18;23;33;38;47;54;55;58;59;63;64;67;71;89;91;94;98;99
345;27/08/2003;1;2;6;19;25;28;39;43;44;45;51;56;59;70;78;85;86;92;93;95
346;30/08/2003;2;4;6;11;17;21;31;35;38;44;48;49;52;54;67;69;78;86;93;94
347;03/09/2003;3;5;6;9;10;13;15;23;25;33;42;45;46;62;75;79;82;83;84;96
348;06/09/2003;4;11;22;29;30;31;33;34;46;53;61;82;83;87;90;93;94;96;98;99
349;10/09/2003;4;9;13;16;21;25;27;28;33;46;49;51;65;67;80;81;82;85;96;99
350;13/09/2003;11;24;25;28;31;40;42;47;48;51;52;54;56;65;67;70;75;81;86;92
351;17/09/2003;1;9;11;13;15;25;30;32;41;43;50;52;56;65;72;75;76;80;83;84
352;20/09/2003;0;16;20;30;39;43;48;54;56;66;70;75;79;81;82;83;88;91;92;96
353;24/09/2003;4;9;13;15;18;21;22;27;33;39;40;43;55;60;61;63;65;66;74;99
354;27/09/2003;0;4;13;14;19;23;24;27;29;33;40;53;55;72;76;77;81;86;90;91
355;01/10/2003;6;7;15;18;19;24;28;39;40;45;52;53;56;72;84;88;89;92;98;99
356;04/10/2003;1;2;7;14;15;22;25;29;38;40;41;45;55;62;66;78;82;85;92;98
357;08/10/2003;11;22;28;29;31;33;34;35;36;40;50;58;68;71;72;79;80;85;88;95
358;11/10/2003;0;10;12;24;34;39;46;49;54;61;62;65;68;70;71;77;78;83;91;95
359;15/10/2003;1;4;9;13;16;17;20;22;26;28;33;49;50;57;68;77;82;93;97;99
360;18/10/2003;2;4;6;23;41;46;50;51;55;57;59;64;67;76;80;81;88;93;96;98
361;22/10/2003;5;15;29;33;38;40;42;43;48;57;58;64;67;68;69;70;81;83;88;97
362;25/10/2003;1;3;9;11;18;20;24;26;31;32;33;35;41;48;50;62;66;86;93;98
363;29/10/2003;0;4;5;11;18;26;28;33;40;49;53;54;70;79;80;82;83;89;92;99
364;01/11/2003;1;10;22;23;27;28;32;38;44;45;46;51;70;77;86;88;90;93;94;95
365;05/11/2003;5;6;8;10;11;17;18;26;28;29;31;35;38;50;63;69;77;80;93;97
366;08/11/2003;4;9;11;16;21;22;24;29;42;44;49;51;55;65;67;69;71;75;82;93
367;12/11/2003;4;16;17;22;35;38;40;42;43;54;56;61;62;64;67;70;82;87;89;96
368;15/11/2003;3;9;12;14;17;21;23;28;37;45;46;49;52;56;63;73;79;81;89;91
369;19/11/2003;3;5;6;9;15;17;19;29;30;53;56;62;64;66;68;69;72;73;84;95
370;22/11/2003;5;12;13;15;18;19;24;27;28;43;50;52;54;57;58;68;72;80;83;93
371;26/11/2003;2;7;8;15;23;37;41;45;48;50;52;53;58;59;62;66;67;78;87;90
372;29/11/2003;22;31;40;42;44;48;58;61;62;65;68;71;74;77;78;81;83;84;95;96
373;03/12/2003;0;1;3;13;25;29;30;36;38;48;50;53;54;61;71;77;78;85;87;89
374;06/12/2003;4;8;16;19;27;30;35;42;43;46;51;54;56;57;58;59;74;78;79;83
375;10/12/2003;0;2;3;14;22;24;26;32;44;56;60;64;68;74;75;78;86;91;95;97
376;13/12/2003;6;13;14;16;17;19;24;25;36;54;62;65;66;73;77;84;86;92;95;98
377;17/12/2003;5;6;10;14;16;17;24;32;35;42;48;58;68;71;77;83;85;91;96;98
378;20/12/2003;12;14;17;19;21;22;27;35;38;52;63;71;73;75;77;81;85;91;92;94
379;27/12/2003;5;8;9;15;16;24;33;44;49;50;55;63;69;73;77;86;87;90;94;97
380;03/01/2004;3;7;13;14;16;20;23;25;30;31;35;44;51;59;65;78;81;85;92;93
381;07/01/2004;2;3;4;8;14;16;40;45;49;62;66;70;72;76;77;84;85;96;98;99
382;10/01/2004;0;5;7;10;11;15;18;20;24;25;26;32;33;35;51;61;82;83;84;89
383;14/01/2004;9;12;17;18;21;33;47;48;50;61;62;68;72;78;88;89;91;93;94;96
384;17/01/2004;0;4;6;10;13;21;24;31;33;41;43;44;47;53;62;65;90;91;98;99
385;21/01/2004;6;8;14;16;22;25;34;39;40;43;47;48;52;53;54;62;64;77;89;92
386;24/01/2004;1;5;14;34;39;41;42;43;47;49;53;56;61;69;73;76;82;86;92;96
387;28/01/2004;4;10;15;19;20;24;26;34;53;56;70;72;73;78;85;87;88;91;92;95
388;31/01/2004;7;13;22;27;34;37;39;43;46;47;57;67;68;70;77;79;83;89;93;94
389;04/02/2004;0;11;19;24;26;28;32;34;38;39;40;41;45;63;66;68;73;75;80;91
390;07/02/2004;2;8;15;16;21;22;24;25;27;33;36;47;51;56;60;71;80;87;90;91
391;11/02/2004;0;1;13;19;20;29;30;32;41;45;53;58;61;63;66;69;71;73;88;91
392;14/02/2004;3;7;12;19;27;31;32;36;41;44;46;59;65;68;72;73;78;82;87;94
393;18/02/2004;2;3;7;15;24;25;38;43;45;46;47;57;60;75;81;87;89;90;95;97
394;21/02/2004;4;11;16;30;39;41;46;47;48;57;69;71;73;74;79;82;88;94;95;97
395;28/02/2004;4;7;8;14;17;24;26;30;39;42;47;54;56;60;63;65;71;80;81;89
396;03/03/2004;11;13;16;19;20;22;26;28;42;43;49;52;55;58;59;60;69;86;93;96
397;06/03/2004;2;15;17;19;20;27;32;34;36;37;59;63;69;70;71;72;74;80;85;88
398;10/03/2004;2;5;6;8;10;14;17;21;39;43;47;55;64;71;76;81;89;93;94;99
399;13/03/2004;0;1;3;4;10;18;20;29;30;49;52;57;61;63;64;73;77;88;89;96
400;17/03/2004;7;8;10;12;18;20;21;39;40;41;44;50;52;61;65;67;73;78;91;99
401;20/03/2004;0;19;22;25;31;36;40;43;45;46;47;48;51;56;73;75;76;87;93;97
402;24/03/2004;3;6;14;20;22;27;33;37;46;53;61;63;64;68;70;72;75;79;84;95
403;27/03/2004;17;25;36;37;38;40;42;48;50;55;57;62;71;72;73;79;80;82;92;93
404;31/03/2004;3;4;5;7;12;19;20;24;27;30;31;35;38;43;44;77;78;81;88;90
405;03/04/2004;5;7;16;22;26;33;37;38;39;43;44;58;59;61;68;70;81;83;89;92
406;07/04/2004;1;7;17;22;37;38;40;43;47;49;51;61;67;80;81;84;90;93;97;99
407;10/04/2004;5;6;7;10;15;24;29;34;40;44;45;72;74;75;87;89;93;94;98;99
408;14/04/2004;2;4;5;17;18;20;23;26;27;28;34;40;43;66;70;74;78;85;88;93
409;17/04/2004;5;11;19;21;22;31;35;40;46;55;60;61;66;67;77;80;84;92;95;97
410;21/04/2004;0;3;11;17;23;31;36;55;60;62;73;76;79;84;85;88;92;93;94;96
411;24/04/2004;1;14;17;18;19;22;28;32;43;46;47;51;61;70;73;87;92;93;95;98
412;28/04/2004;4;5;10;14;18;22;27;34;37;45;48;49;50;56;63;68;71;81;89;99
413;01/05/2004;9;11;14;18;20;23;30;34;42;44;45;46;64;71;76;77;85;86;88;96
414;05/05/2004;7;8;21;25;31;49;50;53;54;56;61;64;66;73;78;81;85;92;94;99
415;08/05/2004;0;6;14;16;17;18;31;43;44;49;55;62;64;69;72;79;82;90;92;98
416;12/05/2004;0;13;15;17;23;24;25;34;35;40;41;47;54;57;62;63;70;80;92;95
417;15/05/2004;6;15;16;19;22;40;41;46;47;50;51;55;57;61;73;82;83;90;96;97
418;19/05/2004;0;1;3;12;17;23;27;28;36;38;39;41;46;49;56;62;77;82;88;98
419;22/05/2004;0;2;17;18;27;31;38;39;40;48;52;58;71;76;78;80;84;89;90;93
420;26/05/2004;2;4;14;21;23;24;27;32;41;54;55;58;60;68;82;84;85;88;90;91
421;29/05/2004;0;3;11;12;15;18;32;33;34;45;46;51;58;67;74;83;84;95;96;99
422;02/06/2004;6;11;17;22;23;25;26;37;43;45;51;64;66;68;74;82;84;85;94;99
423;05/06/2004;5;12;17;28;34;54;57;67;69;73;77;79;80;82;88;91;92;94;95;97
424;09/06/2004;11;19;23;25;26;28;34;35;40;46;48;58;59;69;71;72;79;83;85;98
425;12/06/2004;3;12;15;27;31;35;36;37;42;44;51;64;68;70;76;78;82;85;90;98
426;16/06/2004;0;2;5;9;11;15;29;42;46;53;54;62;64;74;82;83;86;93;94;96
427;19/06/2004;1;10;14;38;39;40;41;44;45;47;54;55;61;64;72;78;83;89;92;93
428;23/06/2004;5;11;13;18;22;25;27;29;31;45;52;53;57;63;72;81;84;86;89;99
429;26/06/2004;9;23;27;28;35;41;42;50;51;55;57;74;77;78;83;85;86;88;96;98
430;30/06/2004;2;5;15;20;21;22;23;28;31;34;40;43;53;55;68;72;83;88;92;93
431;03/07/2004;2;5;17;20;25;26;29;47;49;51;52;54;56;58;72;73;82;88;89;96
432;07/07/2004;2;6;7;12;18;19;24;26;32;42;43;45;59;60;67;71;72;73;75;86
433;10/07/2004;1;9;14;17;18;22;24;27;34;40;43;44;45;48;68;74;88;89;92;95
434;14/07/2004;7;11;14;20;22;28;31;35;41;55;61;68;69;70;73;75;76;80;92;94
435;17/07/2004;0;3;4;10;14;25;27;30;31;34;41;43;44;45;47;51;62;66;95;99
436;21/07/2004;2;7;17;20;24;27;34;44;46;50;53;63;75;78;79;81;85;92;93;98
437;24/07/2004;6;26;28;30;32;36;41;43;49;53;55;59;66;68;73;75;76;78;95;97
438;28/07/2004;5;14;20;27;28;30;36;37;38;40;46;47;49;54;66;67;68;71;82;89
439;31/07/2004;4;5;11;13;14;20;41;43;46;47;48;68;71;72;75;76;77;78;87;98
440;04/08/2004;10;14;24;35;42;43;46;52;54;70;74;76;82;83;84;86;87;91;92;96
441;07/08/2004;3;5;10;19;23;24;28;38;41;48;58;64;67;71;75;76;78;79;86;96
442;11/08/2004;1;9;21;24;33;34;36;39;41;42;45;46;56;63;82;85;87;92;97;99
443;14/08/2004;4;6;8;14;17;29;32;37;49;51;54;55;57;61;64;67;85;92;95;97
444;18/08/2004;11;14;19;22;27;29;42;47;59;60;62;65;68;80;81;83;90;93;96;98
445;21/08/2004;3;7;19;22;25;26;30;31;34;35;41;43;46;55;57;59;68;73;96;99
446;25/08/2004;3;6;7;13;17;20;21;24;34;41;46;53;62;63;72;79;88;91;97;98
447;28/08/2004;6;12;24;27;28;34;35;39;47;48;49;55;58;60;63;64;79;92;93;97
448;01/09/2004;3;6;9;10;25;31;40;41;43;44;47;48;68;69;75;76;85;91;95;98
449;04/09/2004;13;14;20;24;27;31;40;45;47;54;65;66;77;78;83;88;89;93;96;98
450;08/09/2004;8;11;12;13;14;18;20;22;24;31;34;37;42;47;63;75;76;82;89;98
451;11/09/2004;1;11;16;17;19;25;28;29;31;35;37;41;53;58;63;74;78;79;91;94
452;15/09/2004;0;11;17;23;29;34;52;56;57;60;67;68;70;78;83;91;92;93;95;98
453;18/09/2004;0;5;6;11;16;20;24;31;36;43;47;52;54;56;59;68;72;74;96;99
454;22/09/2004;5;8;11;12;14;21;30;34;42;47;49;62;68;73;80;82;84;89;90;96
455;25/09/2004;24;26;38;42;48;49;51;52;54;60;62;63;66;74;82;85;86;87;92;99
456;29/09/2004;3;6;8;9;10;17;40;43;44;49;60;63;70;75;76;80;91;95;97;99
457;02/10/2004;1;3;5;6;13;14;18;19;21;22;28;30;32;43;52;61;66;67;81;94
458;06/10/2004;1;4;7;8;12;14;17;21;22;27;44;46;62;71;72;83;84;87;93;97
459;09/10/2004;2;18;20;22;36;39;41;42;53;59;60;62;64;69;72;74;86;89;92;98
460;13/10/2004;8;10;16;21;27;34;36;39;47;48;62;63;66;67;76;77;87;92;96;99
461;16/10/2004;0;1;4;6;7;9;11;13;16;25;30;32;41;43;44;56;61;81;87;96
462;20/10/2004;3;6;8;19;26;30;34;41;43;44;47;58;66;69;80;82;89;91;95;99
463;23/10/2004;1;7;12;15;22;29;39;41;48;54;55;65;68;72;76;79;80;84;90;91
464;27/10/2004;6;8;15;21;26;39;40;41;53;54;57;59;63;65;70;73;76;81;88;92
465;30/10/2004;0;8;26;39;40;43;47;49;55;59;62;65;71;77;80;94;95;96;98;99
466;03/11/2004;1;5;6;11;27;29;33;34;35;37;38;39;41;46;53;62;65;87;91;99
467;06/11/2004;5;9;10;11;14;31;44;46;49;57;58;62;65;72;78;86;87;90;92;99
468;10/11/2004;2;8;15;17;21;32;42;43;49;59;67;71;72;73;80;84;86;88;91;97
469;13/11/2004;2;3;6;7;10;11;23;25;32;38;39;45;53;61;63;68;77;83;84;85
470;17/11/2004;6;9;10;11;13;17;18;23;28;38;39;42;43;45;46;51;58;68;92;97
471;20/11/2004;0;5;7;11;12;15;18;20;21;23;28;31;32;35;44;66;69;86;90;95
472;24/11/2004;1;4;12;21;22;24;25;35;40;45;48;60;67;68;78;86;92;96;97;98
473;27/11/2004;9;11;13;14;17;27;28;31;33;46;62;68;69;71;73;79;86;92;94;97
474;01/12/2004;4;5;16;18;21;24;25;39;41;44;45;48;55;57;83;85;88;92;93;98
475;04/12/2004;6;9;12;16;18;20;26;29;40;42;59;63;74;75;76;82;88;89;90;97
476;08/12/2004;6;8;19;20;27;32;35;38;41;45;48;52;59;61;69;72;73;76;82;98
477;11/12/2004;3;5;14;20;21;25;32;43;44;46;55;56;67;68;71;72;87;95;96;97
478;15/12/2004;9;19;20;21;23;25;30;45;46;48;51;62;63;64;67;71;74;84;88;89
479;18/12/2004;3;6;7;14;15;20;28;36;43;47;48;50;60;63;65;72;78;80;91;96
480;22/12/2004;3;4;8;16;22;23;26;28;31;32;33;34;36;40;43;51;55;61;79;82
481;29/12/2004;2;12;19;20;21;22;33;39;42;45;54;56;57;74;79;83;88;92;95;99
482;05/01/2005;3;4;5;8;14;17;23;26;47;57;59;62;70;71;72;75;86;87;96;97
483;08/01/2005;1;4;16;17;19;22;31;43;45;50;51;57;61;62;65;66;84;91;92;97
484;12/01/2005;2;15;17;27;41;42;44;49;50;56;58;64;65;71;81;85;89;90;97;99
485;15/01/2005;1;7;8;14;15;16;23;24;26;28;32;40;43;48;53;64;68;74;94;99
486;19/01/2005;3;4;9;14;25;28;35;38;46;52;56;58;61;63;64;71;81;91;95;97
487;22/01/2005;0;4;17;20;26;28;31;34;36;39;43;47;48;50;54;57;70;82;92;94
488;26/01/2005;1;10;19;25;28;31;35;48;51;52;53;60;63;69;77;81;92;94;97;98
489;29/01/2005;6;7;14;23;24;27;28;40;45;47;50;53;62;64;67;77;79;86;90;92
490;02/02/2005;1;2;9;12;13;16;21;31;32;43;44;48;54;62;65;67;80;82;89;94
491;05/02/2005;10;11;17;19;21;23;25;27;33;48;51;53;55;58;59;61;79;81;83;92
492;12/02/2005;7;8;16;22;23;35;36;39;40;52;58;63;73;77;79;83;86;87;95;96
493;16/02/2005;0;10;11;12;26;30;41;45;50;54;55;62;67;71;73;75;77;78;88;98
494;19/02/2005;13;19;25;27;35;41;47;50;51;54;57;61;62;63;73;74;76;79;86;91
495;23/02/2005;3;18;20;27;42;44;54;67;68;70;74;78;79;84;89;92;93;95;98;99
496;26/02/2005;1;8;18;25;27;33;36;37;42;47;49;57;62;64;66;68;85;88;97;99
497;02/03/2005;2;5;15;20;27;31;32;51;53;55;56;59;70;74;82;90;91;93;94;99
498;05/03/2005;0;6;10;15;16;21;22;26;33;34;35;54;59;61;66;72;74;81;88;92
499;09/03/2005;1;3;14;30;33;39;47;51;53;61;63;66;69;70;71;72;73;84;90;93
500;12/03/2005;1;9;12;13;16;27;28;33;43;45;47;54;56;59;63;68;80;81;88;99
501;16/03/2005;12;15;16;18;20;28;34;41;42;44;50;55;67;68;69;74;77;80;84;97
502;19/03/2005;4;5;12;22;23;26;28;29;31;33;49;51;52;54;58;62;63;82;86;91
503;23/03/2005;3;5;6;29;38;47;52;54;58;62;64;70;71;72;79;82;83;88;89;91
504;26/03/2005;0;7;13;16;19;23;27;34;36;37;38;40;49;58;60;64;66;70;81;97
505;30/03/2005;4;7;10;11;17;20;25;27;29;30;32;37;58;59;60;62;84;95;97;98
506;02/04/2005;1;7;10;14;18;23;26;27;29;32;48;57;62;67;71;72;77;85;86;91
507;06/04/2005;8;13;15;20;26;27;37;41;42;47;50;52;61;63;73;74;76;80;84;96
508;09/04/2005;11;18;21;25;26;28;29;36;45;52;53;59;65;68;74;78;79;90;91;98
509;13/04/2005;2;4;5;6;7;8;16;20;26;38;42;44;49;56;63;71;75;78;86;94
510;16/04/2005;4;6;7;8;17;29;30;34;38;41;44;47;48;52;58;61;75;81;82;87
511;20/04/2005;3;6;11;13;25;26;33;38;39;42;45;50;55;57;72;74;79;87;94;99
512;23/04/2005;5;6;8;12;14;18;24;26;31;36;50;56;62;67;81;83;85;87;90;93
513;27/04/2005;0;1;2;16;19;28;33;38;42;44;45;48;56;58;64;70;72;83;87;93
514;30/04/2005;1;4;8;10;11;15;19;25;30;33;47;48;52;65;68;73;78;84;95;96
515;04/05/2005;11;23;30;39;42;43;44;54;58;65;66;67;80;89;92;93;95;97;98;99
516;07/05/2005;7;8;12;13;21;26;32;33;35;44;46;49;52;55;58;86;91;94;95;99
517;11/05/2005;6;7;8;9;28;34;38;39;40;45;46;54;57;65;67;71;76;81;92;93
518;14/05/2005;4;10;12;16;20;21;31;33;37;49;61;64;68;69;73;80;83;91;94;99
519;18/05/2005;3;4;6;9;18;27;34;40;45;46;48;49;51;65;69;73;82;86;91;98
520;21/05/2005;11;14;15;18;19;22;25;34;44;45;50;52;56;63;65;83;85;90;92;93
521;25/05/2005;0;6;7;10;11;12;16;18;34;35;40;42;45;46;47;57;66;76;85;92
522;28/05/2005;3;5;6;8;9;13;16;17;24;26;28;41;43;47;49;55;89;92;95;96
523;01/06/2005;10;11;13;17;18;19;21;38;43;49;51;58;61;63;70;75;76;78;88;94
524;04/06/2005;2;4;16;19;30;33;40;44;47;50;56;61;65;73;76;81;82;89;93;97
525;08/06/2005;9;23;27;34;36;37;38;39;41;45;49;56;59;73;76;79;87;90;91;94
526;11/06/2005;0;8;27;31;33;36;49;57;58;64;67;68;70;73;76;84;88;93;95;97
527;15/06/2005;16;18;33;36;38;42;44;47;48;64;65;67;72;73;74;75;76;81;84;87
528;18/06/2005;3;8;9;17;23;27;32;34;41;45;48;52;53;55;57;78;83;89;95;99
529;22/06/2005;11;13;14;18;19;21;24;30;31;40;41;45;53;56;64;72;78;84;91;92
530;25/06/2005;1;8;11;12;13;18;31;33;34;35;40;51;54;57;62;71;72;87;89;96
531;29/06/2005;2;5;13;14;15;16;24;25;32;37;49;50;56;62;68;74;87;88;95;97
532;02/07/2005;3;5;7;14;15;16;27;28;31;40;52;59;69;71;72;81;86;89;92;96
533;06/07/2005;5;6;8;18;20;21;23;25;28;30;31;35;37;40;49;63;64;67;95;99
534;09/07/2005;12;23;36;38;48;51;53;60;61;63;71;72;75;76;82;87;91;95;96;98
535;13/07/2005;1;4;6;13;17;22;23;27;28;31;49;51;54;56;62;65;80;90;93;98
536;16/07/2005;1;6;17;19;40;45;60;62;64;70;72;76;82;87;89;90;92;93;95;97
537;20/07/2005;5;17;21;24;29;31;36;38;51;53;60;61;66;72;74;76;84;88;93;98
538;23/07/2005;3;4;9;16;17;18;22;28;30;35;37;41;47;48;70;76;80;81;82;94
539;27/07/2005;6;20;25;26;30;31;37;38;39;42;45;51;61;67;70;72;75;79;86;95
540;30/07/2005;8;11;13;17;26;30;35;38;44;54;61;63;74;77;80;81;85;86;88;90
541;03/08/2005;5;9;13;15;21;25;29;47;52;57;72;73;75;79;83;87;89;90;91;92
542;06/08/2005;1;6;16;21;22;39;45;47;50;51;54;56;68;77;81;86;87;91;93;99
543;10/08/2005;1;2;4;8;25;37;41;50;51;52;58;59;67;71;73;81;86;92;95;96
544;13/08/2005;6;12;13;16;19;22;23;30;36;41;43;49;58;61;64;68;70;71;80;92
545;17/08/2005;1;5;13;15;34;38;39;40;42;45;49;50;59;61;71;75;77;85;90;91
546;20/08/2005;0;7;12;18;24;34;35;37;44;45;46;47;57;58;68;83;84;85;89;94
547;24/08/2005;0;7;15;17;25;26;27;32;35;37;38;40;45;48;86;90;91;92;96;97
548;27/08/2005;7;14;18;20;23;24;25;26;30;32;36;40;41;49;50;59;79;82;91;93
549;31/08/2005;11;14;20;30;31;40;44;46;49;50;52;54;58;63;73;74;80;87;92;93
550;03/09/2005;7;8;22;26;28;44;49;55;59;60;61;69;79;81;88;89;93;95;97;99
551;10/09/2005;10;11;17;19;38;39;42;44;47;48;51;52;54;55;57;61;79;84;87;94
552;14/09/2005;3;15;22;25;35;41;47;48;53;54;58;62;68;71;72;73;78;92;94;98
553;19/09/2005;2;5;10;12;14;29;45;53;56;62;63;69;70;71;83;90;92;93;94;97
554;21/09/2005;0;2;4;11;18;20;34;37;50;55;57;68;73;77;79;84;86;92;93;94
555;24/09/2005;1;4;5;11;16;21;25;28;40;41;49;61;64;65;73;82;84;86;87;94
556;28/09/2005;1;8;17;19;24;25;29;31;49;50;51;59;61;64;70;75;84;86;87;90
557;01/10/2005;5;9;12;16;18;21;22;23;24;27;28;35;43;47;70;75;81;85;91;95
558;05/10/2005;2;5;19;34;39;44;45;48;49;50;52;57;60;61;63;64;83;87;89;97
559;08/10/2005;8;10;11;12;20;23;29;32;33;34;36;43;54;62;67;73;82;90;91;97
560;15/10/2005;5;12;15;23;25;37;38;41;42;50;52;61;63;71;74;81;85;88;90;94
561;19/10/2005;2;13;15;16;17;21;34;37;41;44;47;48;49;54;56;65;79;80;81;94
562;22/10/2005;0;11;17;19;22;24;26;33;45;46;51;54;55;58;64;65;68;74;89;92
563;26/10/2005;3;4;6;7;13;16;21;27;28;30;33;35;40;41;45;59;60;66;71;85
564;29/10/2005;7;11;13;14;17;21;26;29;33;39;42;44;52;58;62;63;75;85;96;97
565;05/11/2005;8;17;19;25;26;32;41;44;45;51;55;56;57;59;76;79;80;83;86;97
566;09/11/2005;13;19;21;24;25;32;34;35;36;39;40;46;47;61;66;79;81;84;97;98
567;12/11/2005;4;7;8;13;18;28;30;31;32;35;43;54;55;59;66;76;77;83;86;89
568;16/11/2005;2;11;20;21;25;30;33;36;47;50;61;76;77;78;81;82;85;93;94;95
569;19/11/2005;6;12;13;15;30;32;34;35;38;47;51;61;62;64;70;74;78;81;85;87
570;23/11/2005;0;5;8;9;15;22;23;24;25;26;35;37;57;59;66;68;69;77;84;96
571;26/11/2005;0;3;4;6;8;9;17;21;23;31;41;42;51;53;56;65;69;74;75;85
572;30/11/2005;6;13;16;32;43;47;51;52;58;60;67;72;73;79;81;83;87;90;91;95
573;03/12/2005;15;21;36;37;42;43;45;47;52;53;55;60;61;62;68;70;88;89;94;98
574;07/12/2005;3;4;6;9;14;16;25;30;31;32;45;48;56;64;71;73;76;85;94;96
575;10/12/2005;0;7;10;13;17;19;37;41;53;54;59;61;64;70;77;80;82;84;93;98
576;14/12/2005;9;15;19;20;28;30;32;37;44;45;52;54;56;60;68;69;74;84;95;99
577;17/12/2005;1;10;22;23;24;29;32;34;48;52;55;59;67;70;85;86;87;89;94;96
578;21/12/2005;8;9;20;34;39;44;48;50;51;53;57;60;64;67;77;84;87;92;94;97
579;24/12/2005;1;2;3;6;12;21;31;35;46;47;48;50;51;52;59;64;69;71;89;90
580;28/12/2005;3;7;8;12;16;20;21;27;33;34;37;51;56;59;71;78;80;85;88;95
581;31/12/2005;2;6;12;27;28;29;37;38;46;52;55;57;62;64;65;71;78;83;84;91
582;04/01/2006;0;3;6;16;18;19;20;22;25;27;32;40;47;56;70;78;85;93;94;97
583;07/01/2006;1;9;16;27;28;38;39;45;46;54;56;58;69;71;76;83;87;91;98;99
584;11/01/2006;1;11;18;31;37;40;42;44;45;47;59;61;71;76;78;83;90;91;92;94
585;14/01/2006;15;19;26;28;34;37;40;44;47;51;54;60;62;66;74;79;91;92;94;98
586;18/01/2006;5;6;14;21;27;36;39;45;48;50;56;62;64;72;76;80;81;89;92;97
587;21/01/2006;10;11;15;25;28;37;44;47;48;51;52;53;60;74;78;86;89;91;93;94
588;25/01/2006;2;10;25;28;35;50;53;54;59;61;71;73;75;82;84;88;89;91;95;98
589;28/01/2006;11;13;15;23;25;26;28;41;43;47;50;52;58;63;68;73;76;83;88;96
590;01/02/2006;0;13;14;16;17;18;27;28;39;44;47;65;67;70;71;80;84;86;92;97
591;04/02/2006;0;6;14;17;29;34;42;43;51;54;58;61;64;68;81;82;84;89;94;99
592;08/02/2006;1;5;7;11;15;18;24;27;28;29;32;38;44;57;62;64;70;73;91;99
593;11/02/2006;18;34;36;44;51;52;54;62;72;74;76;77;80;81;86;88;90;94;95;98
594;15/02/2006;5;7;10;20;25;29;38;45;52;54;58;67;70;71;72;76;86;87;89;98
595;18/02/2006;0;5;6;8;18;24;28;43;45;47;48;49;51;64;66;76;77;82;87;99
596;22/02/2006;2;18;20;22;31;46;50;51;54;60;63;66;70;73;80;81;86;88;90;99
597;25/02/2006;1;4;9;13;16;26;27;33;45;53;57;62;63;64;65;77;78;86;94;97
598;01/03/2006;6;9;22;23;38;40;54;57;60;63;65;67;73;75;78;79;80;82;89;90
599;04/03/2006;3;10;24;28;31;39;41;43;49;53;55;59;76;80;85;89;90;94;95;97
600;08/03/2006;3;4;5;7;11;12;17;28;29;30;36;38;42;55;65;75;78;87;90;93
601;11/03/2006;2;3;8;13;18;28;30;42;44;51;71;72;75;79;82;86;88;90;92;97
602;15/03/2006;0;13;18;19;22;28;31;33;39;41;42;45;46;53;55;71;80;86;88;99
603;18/03/2006;13;17;19;24;31;39;44;52;53;57;62;64;67;74;75;76;81;89;91;95
604;22/03/2006;2;8;12;15;24;29;48;50;52;57;61;67;68;72;73;75;76;88;90;97
605;25/03/2006;0;3;4;11;13;14;22;26;29;34;40;51;57;64;66;72;74;75;76;91
606;29/03/2006;5;11;12;19;26;28;35;51;52;57;58;60;70;72;75;77;83;85;94;98
607;01/04/2006;2;11;20;29;30;35;37;47;59;64;72;75;78;79;82;84;89;92;94;99
608;05/04/2006;13;16;18;25;29;43;50;52;53;54;55;58;61;64;67;77;79;80;82;91
609;08/04/2006;1;3;9;24;27;29;35;50;57;59;60;68;69;71;72;78;83;84;89;90
610;12/04/2006;0;1;12;13;15;16;17;18;20;40;48;50;52;57;58;59;62;64;85;96
611;15/04/2006;0;8;10;13;20;23;24;36;39;41;43;46;47;48;49;57;58;74;96;99
612;19/04/2006;0;9;10;13;17;25;27;34;38;50;59;60;66;67;75;80;85;87;89;98
613;22/04/2006;3;9;11;13;17;21;31;32;34;43;45;49;57;63;66;67;78;85;94;95
614;26/04/2006;10;11;12;13;19;21;24;31;36;44;46;47;50;62;69;75;77;85;86;90
615;29/04/2006;2;14;28;41;43;46;47;52;57;58;60;64;65;69;71;72;74;75;77;92
616;03/05/2006;0;11;16;17;23;26;27;43;45;47;51;59;66;67;69;73;74;75;82;85
617;06/05/2006;9;26;27;32;36;37;41;43;54;55;56;58;61;62;84;85;89;91;95;96
618;10/05/2006;8;13;14;24;27;30;31;32;43;49;57;58;59;71;76;80;86;87;96;98
619;13/05/2006;4;7;10;15;22;26;38;39;44;49;54;58;61;66;70;75;81;89;91;99
620;17/05/2006;0;8;14;28;29;30;32;35;42;55;57;58;63;70;76;80;88;89;91;92
621;21/05/2006;0;1;3;7;18;23;25;31;33;36;37;41;42;48;58;65;77;83;87;89
622;24/05/2006;0;2;5;7;11;13;20;25;32;35;37;42;52;54;66;78;87;91;97;98
623;27/05/2006;12;14;15;32;36;40;42;53;56;66;72;75;76;77;82;85;87;90;92;96
624;31/05/2006;8;9;10;21;22;23;41;45;47;49;52;56;60;62;64;66;74;77;93;96
625;03/06/2006;2;4;9;17;20;23;24;26;31;33;35;42;52;58;61;62;68;74;76;85
626;07/06/2006;0;6;7;16;17;20;21;22;27;30;31;34;35;52;56;67;68;72;75;91
627;10/06/2006;0;9;24;27;28;30;31;37;47;53;61;72;78;81;83;84;86;87;92;93
628;14/06/2006;14;17;18;21;31;35;37;43;45;47;55;59;62;70;71;72;77;79;81;88
629;17/06/2006;5;8;10;12;27;28;33;35;38;39;44;51;59;63;65;69;78;81;82;94
630;21/06/2006;0;4;5;10;18;26;31;40;44;47;50;57;59;61;64;71;72;78;87;92
631;24/06/2006;1;4;18;20;21;31;38;39;42;55;62;66;67;71;75;79;82;93;98;99
632;28/06/2006;3;8;9;28;32;35;36;38;42;43;59;62;64;68;78;88;89;94;95;97
633;01/07/2006;11;12;15;16;23;24;27;37;45;56;57;61;64;68;69;73;88;91;96;97
634;05/07/2006;4;11;12;13;16;19;21;28;31;36;47;48;51;52;59;70;83;85;89;94
635;08/07/2006;1;3;4;5;7;8;24;26;27;33;41;56;61;65;69;71;76;80;82;92
636;12/07/2006;2;3;6;11;13;17;19;33;34;35;37;42;50;58;63;65;66;85;86;91
637;15/07/2006;6;10;17;18;25;26;32;55;59;60;68;71;77;80;83;84;91;92;95;97
638;19/07/2006;4;7;12;13;15;17;34;38;46;55;56;62;71;77;79;81;83;87;88;96
639;22/07/2006;0;12;18;19;23;28;30;33;37;46;50;58;62;65;66;73;76;91;98;99
640;26/07/2006;0;3;4;7;13;15;16;17;24;33;36;37;39;41;57;58;62;71;88;89
641;29/07/2006;9;13;16;21;31;36;38;39;42;43;51;58;67;73;88;89;93;95;96;99
642;02/08/2006;14;25;26;36;40;44;45;46;56;61;64;75;79;83;88;92;93;95;97;99
643;05/08/2006;3;10;14;15;19;30;38;39;45;52;54;57;64;66;69;74;75;85;91;96
644;09/08/2006;4;11;13;16;33;37;47;51;56;57;62;68;72;82;84;90;92;94;95;96
645;12/08/2006;3;9;15;21;22;32;35;37;40;43;49;54;58;73;78;82;83;86;90;95
646;16/08/2006;0;1;7;11;12;21;23;25;26;30;36;41;45;48;59;61;72;87;91;94
647;19/08/2006;1;3;13;18;25;34;38;45;47;50;51;52;68;69;78;82;89;90;91;92
648;23/08/2006;1;3;10;20;26;28;30;35;36;50;56;57;61;62;73;81;88;89;91;98
649;26/08/2006;11;14;18;19;25;28;34;37;40;46;48;49;52;56;71;72;74;77;81;99
650;30/08/2006;2;5;24;27;42;43;44;51;53;57;60;64;70;71;78;81;85;94;97;99
651;02/09/2006;0;1;10;25;30;37;39;43;45;51;53;55;56;59;60;63;74;77;78;93
652;06/09/2006;3;4;6;8;12;17;18;25;28;35;37;48;53;58;61;68;70;72;90;95
653;09/09/2006;2;3;5;8;18;24;31;34;38;39;49;50;59;61;68;72;84;88;91;94
654;13/09/2006;4;13;23;34;36;51;55;56;61;65;69;70;74;78;79;81;82;90;97;98
655;16/09/2006;1;6;15;18;19;23;27;33;43;57;59;72;73;74;78;79;94;95;98;99
656;20/09/2006;1;3;4;6;12;15;21;23;48;52;56;59;64;73;75;76;78;79;81;95
657;23/09/2006;6;8;16;21;24;25;26;28;38;54;66;72;76;81;83;84;87;88;90;99
658;27/09/2006;1;2;13;16;20;24;32;34;43;44;45;55;61;63;67;76;77;91;93;96
659;30/09/2006;6;7;22;23;29;32;42;47;49;57;58;63;65;74;76;80;86;92;95;96
660;04/10/2006;2;6;11;12;23;30;32;34;36;45;51;57;60;67;71;79;83;88;92;97
661;07/10/2006;3;4;7;17;20;29;31;40;43;46;52;64;65;70;72;73;75;76;97;98
662;11/10/2006;12;14;18;21;23;25;26;32;35;37;43;47;49;54;65;66;73;83;89;93
663;14/10/2006;2;8;11;12;23;24;30;31;33;38;43;45;47;49;66;71;72;74;85;86
664;18/10/2006;0;3;11;20;30;32;35;44;46;50;51;53;54;55;57;60;64;70;91;93
665;21/10/2006;0;1;5;8;10;22;24;30;38;40;44;54;57;59;60;64;72;81;88;99
666;25/10/2006;0;1;5;15;16;17;18;22;31;32;42;43;47;58;68;77;84;85;91;92
667;28/10/2006;2;5;7;10;20;29;42;45;52;58;59;62;67;69;71;75;79;80;86;91
668;01/11/2006;9;10;12;23;37;40;42;46;47;49;51;53;57;62;63;71;76;80;81;83
669;04/11/2006;8;9;11;13;16;27;30;37;44;48;66;69;70;74;75;77;84;85;95;97
670;08/11/2006;5;12;19;23;34;36;47;54;62;66;67;70;74;77;78;83;85;94;95;96
671;11/11/2006;3;5;10;12;14;18;37;38;39;41;43;58;67;74;75;80;88;90;97;98
672;18/11/2006;3;12;17;19;29;34;40;46;50;52;57;58;68;70;72;79;82;83;91;95
673;22/11/2006;8;11;12;17;19;21;22;28;29;36;43;49;57;58;60;61;65;79;89;91
674;25/11/2006;11;12;23;25;26;29;36;42;49;53;56;71;73;74;78;82;83;87;92;98
675;29/11/2006;9;10;14;16;17;18;19;20;24;25;37;43;50;51;70;78;80;84;93;98
676;02/12/2006;0;3;7;9;28;34;42;58;64;65;68;69;76;79;84;88;90;91;96;99
677;06/12/2006;2;6;21;25;33;35;36;48;49;51;53;54;68;79;80;83;89;90;91;98
678;09/12/2006;0;10;19;20;23;35;49;51;52;59;61;62;67;69;76;78;79;81;85;93
679;13/12/2006;0;4;8;11;14;17;23;25;26;32;37;53;59;61;63;67;76;85;86;98
680;16/12/2006;4;9;10;12;13;17;22;28;33;35;42;45;47;48;54;65;69;78;79;99
681;20/12/2006;1;14;16;18;31;33;34;39;43;47;54;57;58;63;70;75;79;83;89;93
682;23/12/2006;2;4;10;18;26;30;41;45;50;52;58;62;64;66;70;72;73;88;91;99
683;27/12/2006;1;2;6;14;16;34;45;55;58;59;60;68;70;83;87;89;91;92;95;97
684;30/12/2006;0;1;13;17;21;27;35;37;40;48;52;54;59;64;69;77;79;87;93;99
685;03/01/2007;2;6;19;23;24;27;28;30;38;42;50;54;65;75;76;87;88;96;98;99
686;06/01/2007;2;3;7;11;19;20;21;24;27;39;41;44;47;61;65;68;70;82;83;86
687;10/01/2007;9;11;19;20;24;25;30;36;41;53;63;72;75;76;78;80;89;92;95;97
688;13/01/2007;0;8;15;19;29;31;33;34;37;40;52;53;65;72;77;78;89;94;96;99
689;17/01/2007;8;12;20;22;23;26;32;38;44;55;63;68;69;70;77;85;86;89;94;96
690;20/01/2007;4;5;7;11;14;18;43;47;52;55;63;65;67;73;77;84;87;91;92;93
691;24/01/2007;9;18;29;31;38;42;43;44;45;47;52;58;59;60;68;82;85;92;98;99
692;27/01/2007;3;4;12;14;18;21;28;34;35;45;50;51;52;61;65;68;75;78;82;88
693;31/01/2007;3;4;13;14;19;22;24;26;38;43;47;51;62;65;67;68;69;72;90;97
694;03/02/2007;6;9;14;17;19;24;41;42;47;58;64;67;68;69;71;72;75;86;87;97
695;07/02/2007;2;7;17;22;33;37;46;51;54;60;61;65;66;70;74;76;77;78;80;88
696;10/02/2007;11;13;22;23;25;31;37;44;61;64;70;71;72;75;77;79;80;84;87;94
697;14/02/2007;1;5;6;11;17;26;39;40;44;46;48;53;54;65;68;75;78;80;89;94
698;17/02/2007;8;14;15;16;26;27;30;39;41;44;48;67;74;75;82;86;87;88;91;94
699;21/02/2007;3;7;10;17;22;23;27;28;44;46;47;55;67;74;77;81;88;93;95;96
700;24/02/2007;6;11;16;25;26;27;29;37;39;47;51;53;63;69;76;84;89;90;91;96
701;28/02/2007;0;1;26;39;48;51;54;63;64;67;70;77;79;81;84;88;91;92;95;97
702;03/03/2007;1;17;18;22;32;33;38;53;57;66;69;72;75;76;77;79;81;84;97;99
703;07/03/2007;7;8;12;16;30;32;33;39;43;49;56;66;70;71;72;79;84;87;92;96
704;10/03/2007;10;14;15;24;38;42;46;49;53;57;60;64;68;75;89;91;92;95;96;99
705;14/03/2007;5;13;16;18;19;36;37;38;43;45;50;51;57;58;70;72;73;75;84;96
706;17/03/2007;8;14;15;32;33;37;46;51;55;62;63;65;66;77;81;82;84;87;92;98
707;21/03/2007;3;5;7;13;21;25;26;28;34;42;47;52;65;72;76;80;82;86;93;99
708;24/03/2007;1;18;19;24;27;28;31;42;46;49;50;64;65;74;82;85;86;91;93;99
709;28/03/2007;2;4;7;11;12;13;20;36;37;41;42;45;53;67;68;74;76;81;88;93
710;31/03/2007;3;6;18;24;28;38;42;46;50;52;58;59;60;62;66;69;72;75;95;96
711;04/04/2007;5;6;12;13;19;20;32;35;45;49;51;55;66;68;82;86;87;88;95;99
712;07/04/2007;2;10;14;17;22;29;31;33;38;40;47;48;57;76;80;85;93;94;96;97
713;11/04/2007;2;6;12;15;22;25;27;28;31;46;54;57;59;60;64;78;80;82;84;87
714;14/04/2007;9;15;29;32;34;35;48;49;55;60;61;66;69;71;87;90;91;93;97;98
715;18/04/2007;2;8;10;14;27;34;38;53;54;56;57;64;66;69;71;76;80;82;86;99
716;23/04/2007;9;11;13;18;25;28;31;40;43;60;62;73;74;75;81;84;85;87;96;98
717;25/04/2007;1;5;6;15;20;21;23;24;26;28;31;39;42;43;60;64;69;73;77;97
718;28/04/2007;2;9;21;31;41;42;46;48;52;59;68;70;71;72;75;81;82;94;95;98
719;02/05/2007;3;12;13;18;21;25;27;28;34;36;41;45;47;51;58;62;84;85;91;95
720;05/05/2007;0;10;15;19;25;34;35;38;40;41;44;45;58;68;74;75;80;89;92;96
721;09/05/2007;1;8;12;18;20;22;36;37;42;49;51;54;60;64;72;74;83;87;90;98
722;12/05/2007;0;22;23;30;31;34;36;48;50;54;56;57;59;61;64;67;80;95;97;98
723;16/05/2007;12;13;18;27;31;33;34;37;39;40;45;61;63;67;68;77;81;88;93;95
724;19/05/2007;12;15;16;17;27;29;32;34;36;51;52;76;78;79;81;82;86;87;88;98
725;23/05/2007;1;3;4;10;26;36;40;46;47;54;62;66;74;75;79;84;85;95;98;99
726;26/05/2007;4;6;11;15;17;30;35;43;44;46;50;58;59;62;66;68;75;76;90;92
727;30/05/2007;3;5;9;10;17;20;23;24;36;41;58;67;72;87;89;90;91;92;94;99
728;02/06/2007;0;1;4;7;9;15;20;26;27;35;44;46;48;50;51;55;63;65;66;87
729;06/06/2007;0;3;4;8;20;24;26;27;30;33;40;42;46;56;60;62;75;79;89;99
730;09/06/2007;13;23;26;36;37;41;42;47;52;54;60;66;76;77;82;83;88;91;97;98
731;13/06/2007;2;3;13;20;27;30;32;39;44;45;50;63;64;78;82;84;89;92;94;99
732;16/06/2007;5;6;14;16;18;24;35;46;48;56;63;65;70;75;87;89;93;95;97;99
733;20/06/2007;1;7;12;13;24;29;30;38;40;41;46;48;54;63;66;73;74;76;83;89
734;23/06/2007;0;1;9;10;11;26;27;38;42;51;60;61;66;69;70;71;78;79;83;99
735;27/06/2007;0;11;18;29;37;39;42;44;53;58;65;68;71;72;73;75;90;97;98;99
736;30/06/2007;0;8;13;14;17;27;33;37;39;41;47;48;55;56;62;66;72;73;78;82
737;04/07/2007;2;3;15;18;24;25;34;37;39;44;54;59;69;71;73;77;89;92;93;99
738;07/07/2007;1;5;13;17;33;37;38;49;57;58;64;66;69;72;74;78;80;84;88;89
739;11/07/2007;0;7;14;19;30;39;41;48;49;64;68;72;73;78;84;86;88;92;93;96
740;14/07/2007;16;19;20;32;36;37;44;47;57;59;68;69;75;81;82;86;87;91;93;98
741;18/07/2007;10;11;15;16;17;19;20;35;40;46;50;55;62;66;81;86;90;91;95;98
742;21/07/2007;2;6;9;23;28;34;39;41;44;46;47;69;71;79;80;81;82;83;87;97
743;25/07/2007;9;13;18;20;24;31;34;37;42;46;57;60;62;69;76;80;88;89;92;95
744;28/07/2007;0;1;3;5;19;26;27;29;35;49;53;56;61;63;64;66;76;77;83;91
745;01/08/2007;2;4;10;19;22;28;39;44;48;58;59;68;70;73;74;75;78;85;90;91
746;04/08/2007;1;2;6;7;13;33;34;37;45;46;47;54;59;62;67;71;74;80;85;90
747;08/08/2007;3;5;6;7;10;18;30;40;41;42;45;48;54;65;81;88;92;94;97;98
748;11/08/2007;11;13;26;29;31;32;34;35;43;46;49;52;60;69;75;76;83;88;93;98
749;15/08/2007;3;6;11;15;18;23;29;32;34;36;46;47;70;72;74;75;79;93;94;97
750;18/08/2007;4;7;19;22;24;30;38;41;45;53;57;66;68;72;75;77;80;83;92;94
751;22/08/2007;10;11;18;37;43;44;51;56;58;60;63;65;74;77;78;82;86;90;92;95
752;25/08/2007;0;2;4;12;19;31;36;37;42;46;48;54;56;63;71;75;86;88;91;93
753;29/08/2007;7;9;12;13;17;19;22;34;36;38;41;47;53;59;60;61;67;72;78;99
754;01/09/2007;5;13;15;16;18;24;27;33;36;39;40;46;49;50;60;61;76;83;90;94
755;05/09/2007;23;30;31;34;35;43;45;46;48;49;53;55;68;75;83;85;88;95;96;99
756;08/09/2007;4;5;7;12;18;19;21;23;36;44;47;63;76;77;81;88;89;93;96;99
757;12/09/2007;7;14;17;18;23;27;28;29;42;46;59;70;71;74;79;82;83;86;88;92
758;15/09/2007;0;13;22;27;35;45;47;49;54;65;67;70;79;81;88;92;93;94;95;96
759;19/09/2007;1;6;11;17;23;25;27;31;41;43;48;53;57;58;60;63;87;91;93;96
760;22/09/2007;11;14;16;17;19;30;32;35;38;41;54;55;65;66;72;73;84;85;92;93
761;26/09/2007;3;4;7;9;10;15;21;34;39;42;45;46;48;50;55;56;63;71;85;90
762;29/09/2007;6;20;29;35;37;38;50;51;52;64;66;75;83;88;90;91;92;95;98;99
763;03/10/2007;1;11;26;29;33;41;44;46;49;56;63;72;79;80;81;82;86;89;92;99
764;06/10/2007;2;11;23;24;42;48;58;61;63;66;71;73;76;78;82;83;86;89;93;99
765;10/10/2007;1;2;8;10;11;15;24;27;33;38;47;53;56;64;73;78;80;85;94;98
766;13/10/2007;5;14;23;26;31;34;38;41;43;45;59;60;68;69;76;82;84;86;91;97
767;17/10/2007;6;7;8;12;15;18;34;36;39;46;49;51;52;59;60;73;76;89;91;94
768;20/10/2007;1;6;9;17;18;28;34;41;45;47;50;51;54;59;61;71;83;95;96;97
769;24/10/2007;2;10;17;19;26;32;33;38;42;52;57;63;66;76;80;81;88;95;97;98
770;27/10/2007;9;13;14;17;18;31;40;48;57;58;59;62;67;72;78;80;83;84;97;98
771;31/10/2007;6;9;11;12;18;19;20;22;25;27;31;35;40;47;49;57;71;81;86;88
772;03/11/2007;1;9;23;29;33;37;38;39;44;47;50;52;54;55;61;76;82;89;96;98
773;07/11/2007;0;16;17;26;27;37;41;58;59;60;61;67;69;76;77;78;87;92;93;98
774;10/11/2007;0;1;13;23;27;31;34;43;59;61;66;67;68;72;75;77;85;88;96;99
775;14/11/2007;5;6;17;19;25;27;32;40;44;45;47;48;50;51;57;76;79;86;97;99
776;17/11/2007;5;11;16;17;20;22;24;26;30;31;35;38;43;49;51;55;57;70;83;95
777;21/11/2007;3;4;6;19;20;25;27;28;31;53;55;66;68;70;72;73;77;78;80;96
778;24/11/2007;8;13;16;18;19;25;28;30;37;55;56;62;63;68;71;72;74;79;94;99
779;28/11/2007;4;7;14;15;20;22;30;40;45;49;57;64;68;74;75;79;81;93;94;99
780;01/12/2007;0;3;7;25;27;34;35;39;41;46;48;59;68;71;73;76;78;84;93;99
781;05/12/2007;0;9;16;17;20;22;38;40;45;46;48;53;58;65;67;72;78;91;93;99
782;08/12/2007;0;2;4;13;18;23;24;27;29;31;34;38;40;52;63;65;79;84;86;89
783;12/12/2007;1;2;4;6;7;14;36;48;51;52;56;64;67;68;73;75;83;86;92;98
784;15/12/2007;1;3;8;18;19;22;23;27;36;44;49;58;62;66;68;69;71;79;98;99
785;19/12/2007;3;8;11;14;20;22;23;25;28;30;38;47;51;55;73;79;80;89;97;98
786;22/12/2007;14;20;32;37;38;43;52;53;62;63;64;65;66;67;75;81;89;91;93;97
787;26/12/2007;1;8;10;15;21;22;23;27;29;32;34;39;50;58;64;68;69;80;90;94
788;29/12/2007;0;1;2;4;5;18;22;29;37;39;41;43;64;66;75;76;79;80;81;99
789;02/01/2008;1;2;12;15;16;23;26;28;32;47;48;50;69;72;73;78;86;88;93;95
790;05/01/2008;6;9;15;16;17;28;38;44;47;56;57;61;65;68;76;81;82;84;85;91
791;09/01/2008;1;5;7;14;23;32;33;35;37;39;41;43;53;56;61;63;67;76;84;95
792;12/01/2008;4;5;9;10;14;19;26;31;37;42;47;52;58;68;75;85;86;87;88;90
793;16/01/2008;0;7;11;17;28;34;39;41;42;48;49;53;58;66;67;77;83;86;91;97
794;19/01/2008;0;2;15;16;17;18;34;36;39;43;48;49;50;54;62;66;75;77;79;90
795;23/01/2008;4;18;29;30;45;47;49;50;52;55;56;59;65;70;72;74;87;91;93;95
796;26/01/2008;3;5;13;19;31;32;33;35;41;44;50;53;59;61;63;75;79;80;96;99
797;30/01/2008;6;9;17;21;29;37;38;40;43;45;46;65;68;78;79;84;85;87;95;98
798;02/02/2008;13;14;15;16;23;27;33;44;49;50;55;58;66;74;77;80;81;86;88;99
799;06/02/2008;1;4;12;13;19;31;33;35;37;43;44;48;56;60;69;74;82;89;92;93
800;09/02/2008;0;2;8;15;19;20;22;25;35;37;42;44;53;65;70;75;82;86;90;97
801;13/02/2008;0;4;9;11;14;19;22;34;36;41;43;53;55;61;67;71;76;83;86;93
802;16/02/2008;1;4;6;12;21;25;27;36;42;44;50;51;53;59;68;69;74;78;87;91
803;20/02/2008;8;17;19;22;25;26;31;32;37;41;43;56;57;66;68;74;78;88;89;99
804;23/02/2008;0;5;6;7;12;17;20;23;31;35;37;38;47;51;52;61;69;76;83;93
805;27/02/2008;11;16;17;18;20;23;24;33;34;41;47;59;63;68;69;70;77;78;79;83
806;01/03/2008;4;8;14;17;26;28;34;38;42;43;44;52;60;61;72;79;88;90;95;98
807;05/03/2008;0;6;9;10;15;18;29;30;31;36;40;53;56;58;72;73;76;86;91;93
808;08/03/2008;1;2;6;12;13;20;30;32;35;39;41;42;57;58;62;76;85;87;96;97
809;12/03/2008;11;19;23;29;32;35;49;54;55;66;72;75;82;83;84;86;88;90;96;98
810;15/03/2008;1;4;5;6;8;15;16;24;27;36;42;49;55;56;67;68;70;72;79;98
811;19/03/2008;0;1;15;24;25;26;29;31;36;43;46;60;71;75;81;88;89;91;94;99
812;22/03/2008;8;9;27;31;38;50;52;54;55;56;60;62;66;69;72;73;81;89;90;96
813;26/03/2008;1;8;9;20;23;26;28;42;45;49;51;54;68;72;73;77;87;89;91;95
814;29/03/2008;5;13;17;19;22;30;36;39;46;49;56;61;66;67;70;77;83;95;96;97
815;02/04/2008;13;23;24;26;27;28;31;37;48;51;63;67;69;73;75;77;85;91;96;99
816;05/04/2008;1;2;3;17;18;19;20;31;39;40;42;58;61;65;67;69;72;73;93;98
817;09/04/2008;5;6;7;12;13;20;28;29;44;47;49;52;54;55;59;60;83;86;91;93
818;12/04/2008;7;13;22;36;42;47;50;51;60;65;67;69;74;81;83;84;89;90;92;98
819;16/04/2008;2;10;12;23;27;35;37;39;42;43;46;48;54;55;62;73;82;85;96;99
820;19/04/2008;1;7;12;15;16;23;43;44;45;55;58;59;66;71;82;83;90;91;97;98
821;23/04/2008;0;12;20;23;25;30;39;45;47;48;50;55;62;63;66;69;89;90;91;93
822;26/04/2008;4;17;19;25;27;28;35;37;39;41;55;61;62;72;75;76;86;88;92;98
823;30/04/2008;0;6;17;18;25;27;32;33;38;44;46;47;57;58;59;66;67;83;93;97
824;03/05/2008;3;8;15;17;19;21;24;26;38;44;47;57;68;70;76;79;82;83;91;92
825;07/05/2008;0;4;15;17;20;26;29;32;42;59;60;62;67;68;72;81;88;90;91;92
826;10/05/2008;4;9;12;22;23;25;28;36;52;53;59;63;66;67;68;69;71;77;88;98
827;14/05/2008;3;14;15;18;19;26;30;31;46;48;49;50;59;60;71;72;74;75;78;85
828;17/05/2008;0;8;9;19;20;29;33;42;50;51;53;56;58;64;65;79;85;88;93;96
829;21/05/2008;6;12;21;32;37;42;43;49;51;54;55;57;58;61;66;70;78;84;88;98
830;24/05/2008;0;5;8;11;18;23;29;30;34;35;39;51;59;69;74;76;89;90;91;92
831;28/05/2008;0;10;16;17;19;20;22;38;40;43;47;50;54;56;64;83;87;91;94;99
832;31/05/2008;1;4;7;10;11;20;28;33;35;37;47;52;56;59;62;73;76;79;88;97
833;04/06/2008;7;8;12;14;32;34;36;38;40;42;54;62;66;71;72;74;79;80;83;98
834;07/06/2008;1;3;10;17;19;25;34;35;41;42;46;55;64;67;70;71;78;85;89;96
835;11/06/2008;7;11;12;13;24;31;35;36;37;38;45;56;57;71;75;79;80;90;91;97
836;14/06/2008;5;7;8;10;15;16;19;25;33;39;42;49;58;65;72;80;81;91;92;99
837;18/06/2008;8;13;16;21;26;36;42;53;55;65;72;73;80;81;83;85;86;90;96;97
838;21/06/2008;3;16;22;24;27;34;46;47;49;65;67;69;73;81;83;84;89;93;94;98
839;25/06/2008;6;12;14;16;18;21;24;25;30;32;43;55;70;72;74;80;85;89;95;97
840;28/06/2008;9;14;17;22;28;33;42;43;46;54;55;59;63;66;72;87;94;95;98;99
841;02/07/2008;2;9;11;25;28;35;43;49;70;74;78;81;82;85;87;90;91;94;95;97
842;05/07/2008;8;10;11;18;28;31;37;38;40;45;46;49;55;62;79;81;85;86;91;95
843;09/07/2008;1;7;11;14;17;19;25;31;32;33;37;41;42;47;57;59;71;90;92;98
844;12/07/2008;6;11;13;15;24;25;26;29;33;34;35;44;49;68;77;79;82;86;90;91
845;16/07/2008;1;5;6;9;18;19;21;22;40;41;42;48;52;55;66;67;85;88;89;99
846;19/07/2008;3;4;5;11;28;30;38;41;43;50;51;52;53;56;64;66;70;71;82;90
847;23/07/2008;6;7;8;12;19;25;30;45;47;53;58;61;65;71;77;79;85;86;88;97
848;26/07/2008;10;16;20;26;40;51;60;61;62;63;65;70;73;74;75;76;81;88;93;96
849;30/07/2008;1;5;8;12;16;18;23;35;42;43;47;51;53;55;57;63;65;70;74;75
850;02/08/2008;1;3;7;11;14;18;23;42;43;45;54;62;78;82;86;88;90;92;94;97
851;06/08/2008;0;2;7;10;11;12;19;20;28;29;47;49;58;73;78;82;87;91;96;98
852;09/08/2008;15;19;27;28;36;37;41;45;46;47;52;56;57;67;70;75;76;78;92;95
853;13/08/2008;4;5;11;19;25;29;36;39;42;46;49;51;64;71;74;78;82;85;86;99
854;16/08/2008;4;10;16;17;26;28;31;32;38;47;49;54;59;69;81;84;88;94;95;99
855;20/08/2008;4;7;9;16;17;23;25;30;32;50;52;58;70;75;77;82;88;92;96;97
856;23/08/2008;4;5;6;10;13;17;22;24;27;31;44;45;47;55;57;62;64;65;78;96
857;27/08/2008;0;3;11;12;27;28;30;35;36;37;41;46;47;50;51;58;62;72;77;88
858;30/08/2008;2;5;6;7;8;26;29;32;37;39;41;48;50;55;58;75;80;88;91;98
859;03/09/2008;8;9;17;24;30;31;34;36;47;48;51;59;68;69;73;74;78;85;94;97
860;06/09/2008;5;8;13;17;20;29;31;37;38;40;43;44;47;49;56;65;66;68;71;78
861;10/09/2008;3;7;12;22;37;40;41;50;56;59;66;68;71;76;79;84;85;93;98;99
862;13/09/2008;9;18;24;36;38;48;53;54;58;61;69;70;72;74;87;91;92;97;98;99
863;17/09/2008;0;3;4;17;22;40;41;46;49;52;53;56;60;62;71;75;82;83;89;94
864;20/09/2008;5;10;12;14;18;22;27;28;40;49;56;59;63;66;69;80;81;88;92;97
865;24/09/2008;1;4;7;10;11;25;26;35;38;43;48;55;56;62;64;67;68;79;85;98
866;27/09/2008;6;8;14;23;30;31;32;37;39;40;44;45;48;50;52;80;89;91;97;99
867;01/10/2008;10;12;16;21;22;25;31;32;37;42;43;53;67;76;79;85;86;92;94;99
868;04/10/2008;0;1;14;22;26;30;34;39;42;53;58;59;62;71;77;81;83;86;87;99
869;08/10/2008;3;4;5;6;13;22;23;24;25;29;36;45;60;65;74;76;80;81;96;97
870;11/10/2008;23;24;31;39;40;41;46;50;52;56;57;59;64;77;83;84;85;90;91;98
871;15/10/2008;0;2;4;9;12;18;26;36;40;47;49;53;56;62;64;68;80;90;93;94
872;18/10/2008;0;8;14;31;34;38;41;45;47;59;65;70;72;74;76;81;85;87;94;96
873;22/10/2008;2;4;10;19;21;27;28;29;32;38;39;42;46;51;60;63;71;77;87;97
874;25/10/2008;5;9;10;21;35;40;41;49;52;56;59;61;63;73;82;83;88;89;90;96
875;29/10/2008;4;7;14;17;24;27;38;43;52;54;55;57;58;61;70;78;82;84;85;90
876;01/11/2008;2;6;16;17;30;31;37;38;41;42;43;45;69;72;77;81;90;93;94;95
877;05/11/2008;3;7;19;21;22;25;32;43;48;50;52;54;71;75;76;83;87;93;94;98
878;08/11/2008;0;3;14;16;24;26;32;35;37;47;51;52;53;55;56;73;75;81;87;94
879;12/11/2008;0;2;7;17;21;26;33;34;39;42;43;48;49;60;64;75;77;89;96;98
880;16/11/2008;0;2;4;6;25;28;29;30;38;47;49;50;52;54;64;72;73;76;86;96
881;19/11/2008;3;7;9;13;22;26;37;39;44;49;58;62;66;67;71;78;80;82;92;96
882;22/11/2008;12;17;21;23;24;27;30;38;42;46;52;53;57;68;75;78;79;83;84;99
883;26/11/2008;0;1;2;4;6;7;10;19;23;37;42;49;63;74;78;88;89;94;97;98
884;29/11/2008;3;6;11;14;19;20;30;31;32;38;47;55;57;58;61;64;70;86;88;95
885;03/12/2008;7;10;11;19;26;33;36;38;41;45;50;56;57;62;63;71;77;78;84;97
886;06/12/2008;3;5;7;11;14;15;32;36;37;38;45;47;50;51;70;71;72;79;97;98
887;10/12/2008;2;4;6;14;19;27;30;41;42;49;53;55;56;57;62;66;75;80;82;90
888;13/12/2008;0;4;9;25;28;30;42;51;52;53;56;61;66;68;71;76;77;84;86;98
889;17/12/2008;0;3;6;10;20;27;35;38;40;43;46;55;56;62;68;77;79;93;94;96
890;20/12/2008;1;4;6;9;21;22;23;25;29;49;55;68;71;72;76;80;81;85;90;95
891;24/12/2008;1;13;15;17;18;22;24;26;31;46;55;63;66;73;74;79;90;93;95;96
892;27/12/2008;2;10;12;15;23;30;39;47;52;60;63;66;69;70;72;74;82;83;88;90
893;31/12/2008;1;3;5;10;18;36;39;40;42;44;47;53;60;67;71;73;78;79;82;86
894;03/01/2009;0;6;21;26;28;29;31;33;36;37;39;40;41;49;53;63;65;77;81;84
895;07/01/2009;2;4;11;14;17;21;23;26;28;44;45;49;58;59;61;74;81;85;88;89
896;10/01/2009;2;13;25;27;28;33;36;37;39;43;45;51;52;67;70;71;74;88;92;93
897;14/01/2009;0;4;8;15;20;23;25;32;54;58;68;73;74;81;82;91;92;96;97;99
898;17/01/2009;3;16;18;19;29;30;34;47;56;60;63;64;65;74;77;81;83;85;94;95
899;21/01/2009;1;2;6;8;11;14;19;21;22;23;29;40;49;57;68;76;82;86;88;89
900;24/01/2009;6;7;13;15;18;19;31;38;53;60;61;65;78;81;85;87;93;95;97;99
901;28/01/2009;8;9;12;13;16;21;24;28;31;38;40;43;45;46;51;52;55;56;87;93
902;31/01/2009;3;5;7;10;12;15;19;21;26;28;39;43;49;69;73;75;78;82;93;99
903;04/02/2009;5;7;9;12;22;25;32;37;48;51;61;62;66;69;73;77;87;92;96;99
904;07/02/2009;0;4;18;19;20;22;27;29;31;38;43;44;48;62;64;65;67;70;85;90
905;11/02/2009;1;3;4;7;8;11;27;33;35;36;44;49;55;60;68;70;78;83;93;94
906;14/02/2009;6;7;13;16;18;30;37;40;44;51;53;59;62;67;77;82;88;92;96;99
907;18/02/2009;0;5;7;8;17;35;39;47;51;67;69;71;72;77;80;81;85;94;95;98
908;21/02/2009;19;21;24;30;33;34;38;44;48;49;58;60;63;67;70;75;76;81;82;89
909;25/02/2009;4;7;9;10;13;15;18;31;34;36;38;44;47;48;53;78;83;92;93;99
910;28/02/2009;4;5;7;11;13;14;16;20;21;28;36;37;42;43;46;58;59;65;68;83
911;04/03/2009;0;12;14;20;24;31;37;45;46;48;52;53;62;64;74;76;79;80;83;86
912;07/03/2009;0;1;12;28;44;45;49;54;55;58;62;66;67;69;70;71;79;91;97;98
913;11/03/2009;2;6;8;10;13;14;18;29;30;36;41;48;53;56;57;65;82;83;88;90
914;14/03/2009;1;2;9;11;15;16;27;32;39;52;57;59;63;64;69;73;75;76;78;93
915;18/03/2009;2;11;13;16;17;19;26;28;30;38;41;44;50;58;64;69;78;86;90;95
916;21/03/2009;3;7;17;22;23;27;30;31;39;44;46;56;58;72;75;76;81;82;83;84
917;25/03/2009;3;10;21;28;34;35;43;44;53;55;62;72;73;78;80;84;85;87;91;96
918;28/03/2009;8;9;13;18;30;31;33;41;48;50;51;61;74;76;84;85;87;89;94;97
919;01/04/2009;0;5;8;25;29;33;41;46;48;51;54;65;69;72;77;79;82;83;90;99
920;04/04/2009;10;11;15;18;31;33;34;39;42;47;51;54;56;57;77;79;81;90;92;99
921;08/04/2009;2;4;12;17;20;22;26;30;36;44;49;51;55;56;66;80;91;93;95;99
922;11/04/2009;2;4;11;18;30;35;51;56;58;59;62;69;74;76;78;80;81;82;85;90
923;15/04/2009;0;1;21;22;29;30;46;47;51;52;65;66;69;74;81;84;85;89;90;93
924;18/04/2009;0;1;3;10;12;18;24;26;27;28;37;38;41;43;52;65;66;74;93;97
925;22/04/2009;2;12;17;20;23;24;31;34;40;52;53;55;70;73;77;80;81;87;89;98
926;25/04/2009;3;4;7;8;15;18;19;20;22;29;38;49;51;64;71;79;80;82;88;99
927;29/04/2009;2;4;5;19;21;22;24;26;30;33;60;63;69;70;80;82;84;87;92;94
928;02/05/2009;12;15;17;22;31;32;35;43;44;59;61;73;75;76;78;81;83;86;87;91
929;06/05/2009;3;4;12;13;15;19;30;35;42;53;61;62;63;69;71;73;77;88;90;92
930;09/05/2009;3;4;5;21;26;28;40;43;45;48;54;56;62;66;69;81;82;84;95;96
931;13/05/2009;1;2;3;6;8;10;12;13;27;36;39;43;45;49;65;72;73;74;87;90
932;16/05/2009;12;19;22;25;28;38;41;47;49;52;57;61;66;67;69;74;87;89;90;95
933;20/05/2009;12;18;19;20;23;26;27;29;35;37;54;58;59;74;80;83;85;89;96;98
934;23/05/2009;0;12;14;20;21;23;37;44;48;55;58;67;73;74;76;85;87;90;96;98
935;27/05/2009;6;13;17;21;34;36;38;42;44;47;50;62;67;73;74;75;80;85;91;97
936;30/05/2009;0;21;26;29;34;37;50;53;56;58;60;67;68;72;77;79;81;83;92;99
937;03/06/2009;1;3;5;7;16;23;30;34;37;40;45;46;47;49;61;63;68;87;89;90
938;06/06/2009;4;5;9;11;12;33;35;36;38;51;55;56;58;69;76;87;94;95;96;98
939;10/06/2009;0;1;4;6;11;16;33;35;38;40;42;43;44;46;47;48;59;66;76;82
940;13/06/2009;2;19;20;23;24;25;33;35;36;38;49;59;65;66;73;75;77;78;87;97
941;17/06/2009;4;7;16;21;22;26;29;32;35;41;43;55;65;66;67;70;77;78;80;89
942;20/06/2009;0;3;5;6;9;10;13;24;27;29;34;36;41;63;64;74;76;81;90;96
943;24/06/2009;3;13;14;19;21;32;39;41;42;45;60;62;63;66;69;70;79;82;85;87
944;27/06/2009;2;5;6;9;11;17;18;25;26;28;33;37;44;52;55;56;65;71;76;86
945;01/07/2009;3;7;18;21;26;31;32;36;41;54;55;57;60;64;66;67;74;80;94;98
946;04/07/2009;0;3;4;6;8;20;21;24;25;26;31;36;43;52;64;74;75;79;91;98
947;08/07/2009;1;4;7;8;10;18;23;25;29;30;35;37;46;54;69;72;77;81;83;93
948;11/07/2009;1;3;6;8;9;21;30;34;41;44;46;68;74;79;80;82;88;90;94;95
949;15/07/2009;4;5;9;28;29;34;36;43;50;57;60;61;63;66;68;76;77;87;94;96
950;18/07/2009;0;1;3;8;21;22;45;50;53;58;59;63;68;69;76;77;80;85;87;90
951;22/07/2009;0;2;3;4;5;11;16;19;21;42;43;49;55;56;73;80;90;91;94;99
952;25/07/2009;8;11;13;18;28;38;41;43;46;52;55;62;68;70;75;76;85;88;92;95
953;29/07/2009;13;18;20;28;30;32;37;44;62;63;67;69;70;74;79;86;89;91;96;97
954;01/08/2009;0;8;9;12;16;23;24;25;29;31;41;43;49;57;58;64;71;73;78;87
955;05/08/2009;10;16;22;26;29;32;36;39;41;44;45;54;56;57;60;65;70;74;85;92
956;08/08/2009;0;1;4;5;12;16;23;24;42;46;60;62;64;66;69;81;84;90;95;97
957;12/08/2009;2;7;13;17;23;27;43;54;60;61;63;68;69;74;75;76;81;89;95;99
958;15/08/2009;15;19;23;31;32;34;37;38;40;45;48;49;50;64;70;71;90;91;92;93
959;19/08/2009;7;9;10;11;16;19;21;27;52;54;60;62;74;78;80;86;87;92;93;97
960;22/08/2009;1;2;5;6;19;27;38;42;52;54;56;65;70;74;82;83;86;90;92;93
961;26/08/2009;1;3;6;8;18;36;37;43;46;51;58;59;72;73;74;75;79;82;94;97
962;29/08/2009;1;2;11;15;20;21;26;36;47;49;51;67;73;74;82;88;91;95;96;99
963;02/09/2009;1;4;6;9;11;14;27;28;30;33;37;54;64;65;72;77;78;82;91;95
964;05/09/2009;7;10;20;23;24;25;28;36;42;49;51;71;72;80;81;82;89;92;95;98
965;09/09/2009;4;13;14;19;23;29;30;38;39;40;42;64;74;78;79;80;81;82;92;98
966;12/09/2009;1;6;12;13;17;35;40;43;46;50;53;56;59;60;67;68;72;90;91;98
967;16/09/2009;1;14;20;21;24;28;30;36;42;46;55;56;63;64;76;79;80;92;95;99
968;19/09/2009;1;3;7;8;16;19;23;25;41;45;48;49;61;68;70;74;78;81;91;97
969;23/09/2009;5;13;20;25;29;35;36;41;47;51;56;57;60;72;73;74;82;85;91;99
970;26/09/2009;2;6;7;8;9;14;17;21;26;32;37;39;46;48;57;68;77;80;88;92
971;30/09/2009;5;8;10;11;22;23;26;27;32;44;54;59;61;63;64;67;70;79;84;94
972;03/10/2009;0;1;3;8;17;20;23;24;32;34;50;53;55;58;62;77;84;85;92;94
973;07/10/2009;6;9;19;28;30;32;38;42;55;65;72;80;82;86;87;88;91;92;95;98
974;10/10/2009;1;10;17;23;24;25;26;27;29;36;45;49;55;56;61;66;78;80;87;96
975;14/10/2009;0;2;3;5;8;11;14;18;30;35;42;45;46;48;49;78;83;89;92;93
976;17/10/2009;1;9;22;23;26;40;41;45;47;49;53;59;64;65;70;79;88;92;93;98
977;21/10/2009;4;7;11;14;15;21;22;24;25;28;40;44;47;49;65;74;77;82;85;94
978;24/10/2009;6;19;21;23;27;40;41;48;49;51;58;60;70;74;77;78;81;82;89;93
979;28/10/2009;0;8;9;15;16;17;42;47;48;52;54;59;71;73;77;84;87;94;95;96
980;31/10/2009;12;14;16;19;21;23;24;26;45;46;48;52;61;66;75;80;83;85;97;99
981;04/11/2009;0;1;2;3;15;28;31;39;40;41;51;56;69;77;78;85;88;89;90;97
982;07/11/2009;2;3;10;13;16;18;26;28;32;38;40;42;44;46;48;66;73;75;77;83
983;11/11/2009;2;3;10;15;17;19;24;27;33;41;54;55;58;60;69;72;78;87;91;93
984;14/11/2009;0;5;6;9;13;14;18;24;30;38;43;45;52;53;56;62;75;80;86;98
985;18/11/2009;0;1;7;12;15;38;43;50;57;67;72;76;80;88;89;90;92;93;95;97
986;21/11/2009;16;18;21;23;26;31;34;38;41;43;49;52;57;62;63;68;83;88;91;92
987;25/11/2009;11;15;20;21;32;36;38;39;40;52;60;64;66;68;77;80;87;88;90;98
988;28/11/2009;2;5;6;11;15;21;30;44;49;50;51;54;64;67;70;73;85;89;92;99
989;02/12/2009;0;9;10;32;39;44;47;48;54;63;66;71;72;76;80;87;89;91;95;96
990;05/12/2009;6;7;14;25;27;30;31;43;46;48;56;64;65;70;73;81;83;88;89;99
991;09/12/2009;6;8;10;16;18;22;26;28;47;48;58;61;65;66;67;68;72;78;92;97
992;12/12/2009;6;8;15;18;24;27;36;40;46;52;55;63;74;76;80;81;86;87;90;97
993;16/12/2009;0;4;8;9;16;22;38;42;43;46;49;50;57;58;59;64;69;70;75;84
994;19/12/2009;0;4;7;15;18;19;20;31;36;41;42;46;60;63;77;83;84;95;98;99
995;23/12/2009;0;3;13;17;19;33;36;37;43;47;66;70;72;75;76;78;80;87;91;99
996;26/12/2009;1;2;3;4;10;23;29;38;50;51;54;59;60;61;71;72;74;83;90;91
997;30/12/2009;0;3;4;8;29;33;36;38;41;48;50;57;59;60;66;82;86;87;88;90
998;02/01/2010;1;5;18;21;22;30;34;35;39;43;47;51;54;56;57;80;88;89;92;99
999;06/01/2010;1;3;4;9;10;13;18;20;25;30;39;60;62;66;68;77;78;83;89;99
1000;09/01/2010;3;12;15;25;26;30;34;37;38;40;41;43;49;50;53;62;63;64;70;95
1001;13/01/2010;3;8;11;16;19;23;25;34;35;36;37;42;47;58;64;67;68;88;92;97
1002;16/01/2010;3;9;10;15;16;17;22;27;30;40;42;44;49;62;67;73;74;83;90;97
1003;20/01/2010;7;11;12;16;19;28;31;39;49;55;61;67;72;75;81;87;88;90;93;98
1004;23/01/2010;0;3;9;10;29;30;34;37;42;48;50;54;56;63;64;69;78;81;97;98
1005;27/01/2010;3;5;8;15;17;29;33;34;36;47;59;65;68;72;77;78;87;90;93;97
1006;30/01/2010;1;14;19;25;29;32;38;55;56;65;69;77;78;81;90;91;92;94;97;99
1007;03/02/2010;2;4;8;15;16;20;24;33;37;53;55;58;70;72;74;79;81;87;88;99
1008;06/02/2010;3;6;7;10;20;34;36;39;40;50;51;65;70;72;73;77;83;84;87;99
1009;10/02/2010;10;11;14;33;36;37;38;40;50;52;54;56;65;66;67;70;78;86;89;98
1010;13/02/2010;2;17;18;19;21;22;26;29;42;44;51;52;60;69;71;72;73;78;94;99
1011;17/02/2010;2;3;4;12;15;16;17;21;25;30;47;50;54;55;60;71;78;90;92;93
1012;20/02/2010;0;4;7;9;11;13;42;44;45;50;53;59;65;67;70;74;81;89;90;97
1013;24/02/2010;0;3;8;11;22;26;30;47;48;55;59;60;63;69;72;80;84;87;88;99
1014;27/02/2010;1;5;9;11;12;17;18;27;32;33;37;38;39;58;60;61;72;75;91;96
1015;03/03/2010;0;2;8;11;17;20;24;31;35;42;46;52;58;66;72;73;81;92;93;96
1016;06/03/2010;1;4;5;6;8;11;20;23;29;36;49;50;57;62;70;76;77;86;87;90
1017;10/03/2010;4;7;11;12;16;17;19;35;37;41;42;44;45;50;66;76;83;86;91;93
1018;13/03/2010;0;2;8;12;15;26;28;31;32;39;40;49;50;61;65;73;79;80;82;86
1019;17/03/2010;0;1;8;9;21;25;27;34;35;44;48;50;53;55;59;69;75;85;86;99
1020;20/03/2010;2;9;13;19;20;23;30;31;34;37;44;47;50;51;57;59;79;88;93;98
1021;24/03/2010;1;2;8;19;23;25;26;27;33;40;41;42;45;50;52;69;74;85;89;96
1022;27/03/2010;3;6;13;15;28;29;31;41;42;46;48;53;55;60;62;74;78;79;80;89
1023;31/03/2010;6;13;18;19;25;32;39;48;49;59;69;70;73;75;76;79;80;90;93;95
1024;03/04/2010;4;6;13;16;20;21;26;38;40;41;45;49;51;55;69;74;91;97;98;99
1025;07/04/2010;6;16;21;27;30;32;36;38;40;43;49;54;68;71;77;82;85;87;90;92
1026;10/04/2010;2;9;10;11;25;26;32;43;44;45;47;51;53;56;64;69;77;78;80;93
1027;14/04/2010;5;7;10;11;15;21;24;30;31;38;44;47;48;56;68;73;74;78;91;95
1028;17/04/2010;1;6;8;15;19;20;29;35;40;44;56;62;66;72;74;75;76;81;82;95
1029;22/04/2010;3;5;6;14;16;21;27;29;34;44;48;59;74;76;81;85;93;94;95;98
1030;24/04/2010;0;2;13;17;39;45;47;49;53;60;63;64;74;78;83;86;89;90;91;92
1031;28/04/2010;0;9;15;19;22;25;27;32;37;40;41;44;45;65;74;82;83;87;88;91
1032;30/04/2010;0;2;7;9;11;12;17;21;22;31;55;64;73;77;79;84;87;94;97;99
1033;05/05/2010;1;4;8;9;10;20;33;36;38;41;51;54;55;57;61;67;71;87;89;94
1034;08/05/2010;0;3;4;8;9;12;24;29;34;36;43;54;58;60;61;64;79;80;87;90
1035;12/05/2010;0;3;5;8;14;26;29;30;35;39;46;47;66;69;71;73;81;82;85;92
1036;15/05/2010;1;6;12;18;20;34;36;37;40;42;49;60;62;63;69;71;78;80;86;93
1037;19/05/2010;5;7;10;13;21;26;29;32;41;46;47;49;50;59;62;69;72;75;94;96
1038;22/05/2010;0;3;6;7;10;17;18;21;22;23;35;36;39;57;64;67;82;84;85;98
1039;26/05/2010;2;6;10;12;17;22;23;26;31;36;38;48;54;60;73;79;81;82;86;95
1040;29/05/2010;5;7;9;15;17;22;26;37;44;46;61;68;70;71;72;74;79;83;86;95
1041;02/06/2010;4;11;19;22;25;29;38;40;42;44;52;53;55;59;79;81;84;90;93;95
1042;05/06/2010;5;10;11;12;14;15;20;25;34;35;42;45;48;60;64;65;73;86;89;92
1043;09/06/2010;0;3;4;11;16;17;28;31;38;41;44;48;49;55;59;72;90;91;94;96
1044;12/06/2010;6;7;11;22;23;25;29;31;37;41;44;46;49;55;61;77;80;81;82;98
1045;16/06/2010;8;11;14;20;25;27;28;32;37;44;47;48;58;76;79;80;90;95;97;99
1046;19/06/2010;13;17;23;30;31;34;36;37;38;47;53;58;60;63;70;76;77;88;89;93
1047;23/06/2010;15;27;29;31;32;34;38;40;41;50;53;55;69;73;76;88;90;91;96;97
1048;26/06/2010;3;11;16;26;34;37;41;42;45;47;51;52;56;63;76;78;86;89;95;99
1049;30/06/2010;0;3;7;13;14;18;22;31;41;42;48;51;58;67;70;76;80;85;89;95
1050;03/07/2010;1;2;3;4;6;17;19;28;33;43;47;53;54;69;71;78;84;86;89;97
1051;07/07/2010;0;22;37;43;44;48;54;55;61;67;68;72;79;84;87;91;93;97;98;99
1052;10/07/2010;0;2;3;6;16;23;29;34;35;39;40;53;57;60;66;68;79;90;92;97
1053;14/07/2010;1;2;3;6;7;9;13;23;26;29;34;43;55;60;66;68;81;86;87;97
1054;17/07/2010;4;5;10;14;17;18;21;24;34;40;41;45;47;49;57;77;79;87;98;99
1055;21/07/2010;3;5;7;13;14;16;23;28;36;38;58;63;70;72;85;86;87;96;97;98
1056;24/07/2010;1;2;6;8;13;19;23;26;30;31;36;46;66;67;71;84;86;89;95;98
1057;28/07/2010;12;21;23;34;35;37;38;41;44;57;62;65;68;81;83;84;86;90;93;96
1058;31/07/2010;5;8;12;27;28;34;38;43;45;47;51;53;54;55;58;66;79;86;98;99
1059;04/08/2010;4;5;15;30;38;39;41;48;52;53;57;58;63;65;78;85;88;92;95;97
1060;07/08/2010;2;3;13;19;26;29;30;32;37;39;41;42;67;69;70;74;78;81;82;95
1061;11/08/2010;2;7;16;20;25;26;30;39;43;48;51;53;65;70;71;72;82;90;91;94
1062;14/08/2010;3;4;8;12;17;19;20;29;30;38;47;48;53;64;73;75;76;88;95;99
1063;18/08/2010;2;6;11;21;31;35;36;37;48;53;54;64;65;73;74;85;86;87;91;97
1064;21/08/2010;1;2;8;9;15;32;46;48;50;53;55;56;66;68;79;85;87;91;92;93
1065;25/08/2010;7;18;19;21;23;24;31;33;42;45;47;53;58;76;78;81;84;85;89;96
1066;28/08/2010;3;19;34;39;43;44;48;59;61;63;64;70;73;74;77;79;85;89;91;95
1067;01/09/2010;0;6;9;11;12;15;43;45;46;55;57;58;60;67;75;79;80;86;87;93
1068;04/09/2010;0;2;9;24;28;32;34;36;44;51;52;55;60;67;72;75;84;85;86;97
1069;08/09/2010;10;13;14;17;19;28;33;34;41;42;51;58;70;75;77;78;86;91;92;93
1070;11/09/2010;5;7;10;12;15;30;39;42;51;54;61;62;71;73;76;83;84;88;96;98
1071;15/09/2010;1;17;22;23;30;42;45;46;50;61;62;63;72;74;79;81;83;84;97;98
1072;18/09/2010;7;10;15;18;21;39;41;42;43;46;49;55;64;67;68;75;81;84;86;92
1073;22/09/2010;0;7;12;13;14;21;24;27;29;32;35;49;53;54;58;64;67;70;73;86
1074;25/09/2010;4;7;10;12;17;27;28;32;40;41;44;47;49;58;59;66;69;75;89;92
1075;29/09/2010;3;7;10;13;15;25;27;35;38;50;57;62;63;68;70;71;75;80;83;98
1076;02/10/2010;0;4;7;19;27;33;35;38;40;48;53;65;74;75;82;83;84;86;88;95
1077;06/10/2010;2;6;11;15;17;33;38;40;47;52;63;70;71;75;76;77;81;88;92;98
1078;09/10/2010;5;6;10;15;16;18;20;23;37;41;44;48;50;52;54;56;67;68;71;74
1079;13/10/2010;1;4;9;12;13;28;32;42;44;54;69;75;77;78;79;83;84;92;93;94
1080;16/10/2010;4;15;34;37;41;49;51;61;63;67;68;69;70;71;72;81;84;86;97;99
1081;20/10/2010;11;19;23;24;25;29;31;35;36;39;42;45;47;54;58;62;73;74;89;98
1082;23/10/2010;1;3;9;21;25;29;39;48;51;60;66;67;68;76;78;81;84;94;96;99
1083;27/10/2010;0;2;13;21;22;25;39;40;48;49;54;61;63;64;67;72;80;84;85;92
1084;30/10/2010;11;26;35;38;42;45;46;52;53;56;57;59;64;72;75;77;81;85;91;93
1085;03/11/2010;7;9;11;17;27;33;34;38;42;44;56;61;63;64;82;83;86;92;93;96
1086;06/11/2010;3;15;16;19;20;25;27;38;44;57;58;66;69;72;74;78;83;96;98;99
1087;10/11/2010;5;7;16;19;26;30;40;41;45;46;52;55;57;62;72;76;87;89;90;91
1088;13/11/2010;0;1;7;19;21;29;35;38;40;42;43;47;56;57;58;61;80;84;92;95
1089;17/11/2010;4;7;22;28;34;35;38;43;49;55;61;64;74;76;83;84;85;89;93;99
1090;20/11/2010;0;1;3;8;9;16;19;28;35;47;50;51;59;61;63;68;82;89;92;94
1091;24/11/2010;27;28;42;44;53;54;57;59;61;63;65;74;78;79;80;83;86;87;95;96
1092;27/11/2010;2;5;6;14;22;27;29;46;47;48;49;52;54;55;58;68;75;79;87;90
1093;01/12/2010;1;2;8;21;25;39;43;44;60;63;69;73;77;78;82;83;87;93;98;99
1094;04/12/2010;5;15;20;23;25;29;45;49;50;57;64;65;67;73;77;78;79;84;85;88
1095;08/12/2010;9;13;21;23;26;32;34;35;44;50;51;56;64;66;73;75;81;86;89;92
1096;11/12/2010;0;4;5;6;8;9;10;12;27;40;46;48;50;58;65;66;76;86;90;99
1097;15/12/2010;1;9;10;13;20;21;37;39;40;41;44;51;61;65;78;79;89;91;92;97
1098;18/12/2010;1;4;6;10;17;29;32;37;42;45;46;53;67;68;71;82;87;91;94;95
1099;22/12/2010;0;2;4;7;10;13;14;16;17;23;33;37;38;48;54;59;64;73;79;81
1100;24/12/2010;3;7;13;15;26;28;31;32;33;36;37;44;52;60;68;70;73;76;96;98
1101;29/12/2010;10;21;22;23;26;27;31;33;46;47;48;56;57;64;70;73;84;87;94;98
1102;31/12/2010;1;12;14;15;21;25;30;33;40;51;56;57;60;64;70;75;80;82;89;99
1103;05/01/2011;3;8;10;12;17;26;47;54;64;67;69;72;73;82;83;84;89;93;97;98
1104;08/01/2011;1;4;15;17;35;36;45;48;51;53;54;56;58;64;76;77;81;82;84;94
1105;12/01/2011;3;13;14;22;27;37;40;41;50;56;61;62;80;83;84;88;92;95;97;99
1106;15/01/2011;8;13;22;26;33;35;43;46;47;48;49;50;54;63;64;65;70;85;86;99
1107;19/01/2011;6;14;16;24;29;30;36;38;42;43;55;58;63;66;73;82;85;88;89;95
1108;22/01/2011;4;5;8;12;31;38;39;41;45;48;52;53;55;59;69;74;83;85;95;96
1109;26/01/2011;0;7;17;23;24;32;33;38;43;44;45;47;53;68;69;77;78;81;90;91
1110;29/01/2011;2;4;6;7;8;9;12;14;35;49;57;68;69;70;72;76;82;84;85;93
1111;02/02/2011;7;11;13;17;20;27;34;39;44;45;53;58;59;74;75;80;83;88;94;99
1112;05/02/2011;1;3;5;19;24;25;28;33;41;47;54;56;70;75;78;87;91;92;95;96
1113;09/02/2011;2;7;9;12;22;24;29;30;33;36;37;46;60;62;63;71;75;80;89;90
1114;12/02/2011;1;15;16;19;24;27;33;40;41;43;53;67;71;74;75;76;77;79;81;83
1115;16/02/2011;0;7;14;20;29;30;31;45;50;55;61;66;67;69;71;72;75;76;80;88
1116;19/02/2011;0;3;7;8;11;18;29;31;48;52;54;59;63;70;72;76;77;80;81;87
1117;23/02/2011;10;15;23;35;36;40;41;48;55;62;66;69;71;80;82;87;91;95;96;97
1118;26/02/2011;0;8;11;14;17;19;20;24;35;37;42;44;50;54;58;64;69;74;76;78
1119;02/03/2011;3;10;15;18;28;32;36;45;46;48;50;55;60;63;65;74;82;91;96;98
1120;05/03/2011;3;7;12;17;20;25;32;40;43;44;48;56;65;73;78;84;86;87;94;99
1121;09/03/2011;1;2;6;7;15;29;35;37;38;43;46;52;53;54;55;57;60;66;90;95
1122;12/03/2011;0;2;3;9;11;13;14;17;23;28;32;45;48;54;57;58;68;70;71;79
1123;16/03/2011;0;7;10;16;23;25;26;33;37;38;40;41;45;51;53;61;68;69;79;84
1124;19/03/2011;8;9;13;15;20;29;30;32;36;38;41;44;53;56;62;65;68;78;93;96
1125;23/03/2011;3;5;7;12;14;15;22;31;40;53;54;57;60;62;63;70;82;84;92;96
1126;26/03/2011;1;10;11;16;17;19;20;26;29;36;47;64;66;72;73;75;79;85;93;94
1127;30/03/2011;0;1;13;14;15;20;25;31;39;44;46;57;58;64;67;72;75;84;85;90
1128;02/04/2011;3;8;16;19;27;29;35;44;46;48;52;55;59;61;64;72;73;76;84;88
1129;06/04/2011;1;3;7;15;18;20;21;28;43;48;53;55;58;62;68;85;87;89;97;98
1130;09/04/2011;5;14;17;18;22;23;34;39;44;50;60;65;66;76;79;81;86;93;94;98
1131;13/04/2011;2;13;19;28;31;34;39;41;44;54;55;57;64;66;70;81;82;86;90;95
1132;16/04/2011;3;5;8;12;13;20;21;22;29;36;40;44;53;57;60;65;72;75;78;88
1133;20/04/2011;0;1;6;17;24;28;29;36;52;56;57;59;61;67;70;80;86;89;95;99
1134;23/04/2011;1;5;9;17;22;23;24;34;41;42;46;49;52;55;58;60;75;79;84;89
1135;27/04/2011;1;16;17;19;29;30;35;36;38;42;43;45;47;52;58;68;74;81;93;97
1136;30/04/2011;2;9;14;15;18;21;32;40;44;48;57;62;63;71;81;88;90;92;94;96
1137;04/05/2011;13;17;19;20;27;31;42;46;49;50;53;54;67;74;76;81;85;88;91;94
1138;07/05/2011;1;12;17;20;21;22;25;28;31;39;47;57;65;72;73;78;79;86;88;98
1139;11/05/2011;1;5;7;9;12;15;18;20;27;32;44;50;51;66;67;77;80;87;97;99
1140;14/05/2011;10;16;20;24;26;29;35;38;47;48;53;59;62;69;71;74;89;94;97;99
1141;18/05/2011;2;11;15;18;20;22;26;28;38;44;45;49;64;72;74;82;83;84;86;87
1142;21/05/2011;1;9;15;23;31;37;44;45;49;50;51;63;70;71;75;79;83;86;91;94
1143;25/05/2011;8;10;15;20;23;26;33;34;35;36;40;43;49;51;60;63;81;87;91;97
1144;28/05/2011;3;13;18;24;26;28;40;43;45;49;58;64;73;77;78;79;82;88;97;99
1145;01/06/2011;7;13;14;15;24;28;30;35;36;40;41;45;50;57;58;71;75;82;91;95
1146;04/06/2011;4;13;20;27;33;37;39;40;42;51;57;64;66;73;75;80;85;90;96;99
1147;08/06/2011;6;8;19;37;38;39;47;48;55;58;72;74;78;79;84;86;88;90;96;97
1148;11/06/2011;0;1;4;5;26;30;35;50;51;63;67;68;71;76;81;83;85;87;92;99
1149;15/06/2011;2;9;14;15;16;19;25;26;27;29;42;46;49;51;53;77;80;84;86;88
1150;18/06/2011;0;2;13;21;31;36;39;40;41;42;43;55;57;63;70;71;83;89;91;93
1151;22/06/2011;2;16;22;24;26;30;32;36;50;53;58;65;66;68;77;78;87;91;92;93
1152;25/06/2011;1;3;8;16;17;19;20;21;25;33;34;39;40;47;52;71;79;87;88;99
1153;29/06/2011;4;12;14;27;38;40;42;45;46;70;71;72;79;84;86;87;92;96;97;98
1154;02/07/2011;0;4;7;9;11;29;31;32;35;37;47;48;61;73;80;81;88;89;91;94
1155;06/07/2011;11;13;15;26;29;30;36;47;49;52;53;57;61;65;66;78;85;86;89;97
1156;09/07/2011;5;6;8;9;21;23;27;28;29;32;41;45;46;50;56;65;77;81;83;85
1157;13/07/2011;1;4;5;8;9;17;29;38;43;50;51;60;67;69;82;84;85;86;87;98
1158;16/07/2011;0;1;12;13;30;32;36;42;45;47;49;54;56;60;61;75;87;91;92;97
1159;20/07/2011;3;10;11;15;17;20;24;34;38;39;40;46;53;59;63;73;86;89;93;98
1160;23/07/2011;1;7;8;12;19;24;27;33;35;37;38;42;43;51;55;57;69;70;75;83
1161;27/07/2011;0;26;27;39;42;45;50;54;55;63;67;73;78;79;87;90;91;95;96;99
1162;30/07/2011;4;6;10;12;14;16;22;24;29;33;35;37;38;50;56;58;65;82;83;97
1163;03/08/2011;4;8;9;12;19;23;25;29;30;31;33;42;54;66;69;70;74;79;82;89
1164;06/08/2011;2;20;23;25;27;31;32;34;38;39;46;51;54;55;56;64;78;89;92;94
1165;10/08/2011;5;12;21;24;28;32;33;42;43;48;49;57;59;60;62;64;68;79;89;92
1166;13/08/2011;2;6;11;18;20;29;30;44;45;48;54;58;59;66;68;78;88;94;97;98
1167;17/08/2011;0;2;4;15;22;36;38;40;41;43;50;54;55;63;72;73;85;86;92;99
1168;20/08/2011;6;12;14;29;39;49;53;57;58;63;65;67;82;85;90;91;93;95;96;97
1169;24/08/2011;0;8;11;17;21;22;34;40;41;46;48;50;54;58;60;68;75;77;80;92
1170;27/08/2011;1;10;14;15;35;40;48;50;53;58;61;65;69;74;77;78;85;87;92;99
1171;31/08/2011;3;9;11;12;18;29;38;44;51;52;55;63;64;76;80;83;84;85;86;98
1172;03/09/2011;0;2;8;12;26;29;38;40;41;42;43;44;47;54;69;72;81;90;95;97
1173;08/09/2011;2;6;11;19;20;33;36;39;40;43;44;48;50;61;63;68;75;79;88;98
1174;10/09/2011;4;6;9;16;23;24;27;28;39;41;48;50;56;58;65;66;70;78;81;83
1175;14/09/2011;10;12;13;15;18;20;22;24;27;31;42;48;50;74;76;85;88;91;92;93
1176;17/09/2011;9;11;14;17;22;24;33;46;50;59;64;66;67;73;76;79;82;87;88;94
1177;21/09/2011;2;8;16;23;27;29;43;45;48;50;58;59;60;62;64;79;85;93;95;97
1178;24/09/2011;8;11;15;22;26;27;33;47;53;59;64;66;68;70;73;81;82;85;95;96
1179;28/09/2011;4;5;11;16;18;26;27;33;38;50;51;57;63;66;67;68;70;73;83;91
1180;01/10/2011;3;5;11;20;29;37;39;42;44;50;52;57;65;70;82;83;85;92;97;98
1181;05/10/2011;0;2;12;16;17;21;26;31;32;33;36;38;39;42;46;49;50;57;86;92
1182;08/10/2011;0;6;10;13;17;20;23;37;43;44;49;50;55;58;69;70;73;77;88;92
1183;13/10/2011;2;15;16;17;32;34;43;62;65;71;73;74;76;85;87;88;89;93;96;97
1184;15/10/2011;5;6;8;13;16;19;20;22;36;42;43;50;59;61;62;64;85;87;94;96
1185;19/10/2011;3;10;14;16;25;29;33;36;47;54;55;58;60;61;63;67;68;71;81;88
1186;22/10/2011;1;3;7;14;24;28;46;51;52;57;61;63;64;67;68;73;78;87;88;93
1187;26/10/2011;0;3;6;7;14;22;24;26;30;32;42;43;48;59;62;67;78;86;94;95
1188;29/10/2011;2;4;9;11;23;27;41;42;44;63;67;71;78;83;85;87;93;96;97;98
1189;03/11/2011;0;5;9;22;26;32;36;40;44;50;51;53;59;69;71;72;81;85;92;94
1190;05/11/2011;1;14;20;33;41;44;48;52;53;62;64;70;72;74;76;77;78;82;87;97
1191;09/11/2011;2;16;17;18;23;24;28;40;45;47;48;54;66;73;75;80;81;87;90;92
1192;12/11/2011;2;10;11;12;16;19;26;37;38;39;59;64;65;70;73;80;81;89;90;97
1193;16/11/2011;0;8;15;18;25;33;37;42;62;66;73;76;78;79;81;84;86;87;89;93
1194;19/11/2011;4;6;9;11;19;26;29;32;40;51;59;61;63;70;72;78;87;91;92;95
1195;23/11/2011;0;1;3;6;12;14;18;20;26;29;39;41;47;51;56;59;60;70;73;79
1196;26/11/2011;4;9;14;22;23;31;35;49;55;65;66;69;71;73;78;80;87;89;92;99
1197;30/11/2011;2;8;12;14;18;30;33;38;50;51;58;61;64;67;72;76;80;82;93;95
1198;03/12/2011;2;4;6;8;21;24;25;27;29;37;62;64;68;72;73;79;85;92;96;97
1199;07/12/2011;1;8;24;26;28;32;34;36;39;48;59;63;70;72;77;80;81;87;89;94
1200;10/12/2011;1;9;11;14;17;31;34;40;42;43;44;49;55;56;61;67;78;80;83;92
1201;14/12/2011;4;11;15;24;26;33;34;39;41;48;62;63;72;73;75;77;79;86;87;91
1202;17/12/2011;4;6;12;13;18;29;30;32;34;37;42;43;46;48;54;56;62;63;70;76
1203;21/12/2011;0;6;29;34;41;49;53;55;62;67;68;69;71;76;78;81;83;88;89;91
1204;24/12/2011;5;15;20;22;25;27;29;35;36;46;51;53;55;57;65;68;73;78;83;85
1205;28/12/2011;0;1;2;8;11;13;16;19;25;27;28;31;32;40;42;65;66;71;83;90
1206;31/12/2011;1;7;10;19;28;29;33;35;54;55;57;60;62;67;71;86;88;90;94;96
1207;04/01/2012;4;8;14;23;38;39;42;45;46;53;54;65;67;72;73;78;85;86;89;91
1208;07/01/2012;7;8;9;11;32;45;46;49;51;58;60;71;73;77;89;92;93;95;96;99
1209;11/01/2012;5;6;7;13;17;24;27;50;51;54;57;61;62;64;86;89;90;91;92;94
1210;14/01/2012;4;7;8;9;11;15;17;21;32;42;49;50;65;67;68;72;79;86;90;96
1211;18/01/2012;11;13;19;25;26;27;36;39;44;45;48;50;53;56;58;59;66;89;91;92
1212;21/01/2012;12;15;16;26;35;36;37;39;41;46;47;69;70;76;82;83;87;93;95;99
1213;25/01/2012;0;4;6;15;20;23;30;34;35;37;44;45;56;58;67;72;79;82;86;92
1214;28/01/2012;7;8;11;33;37;39;41;44;48;50;52;54;55;62;66;67;74;76;79;92
1215;01/02/2012;1;6;8;10;11;27;34;41;49;62;64;65;67;71;73;75;78;84;91;97
1216;04/02/2012;3;8;11;12;18;43;50;51;56;60;63;67;70;76;77;78;83;92;95;96
1217;08/02/2012;1;7;16;17;24;26;35;40;41;45;47;53;54;55;64;67;71;72;90;94
1218;11/02/2012;2;4;5;16;18;30;36;47;57;58;60;67;69;72;73;81;86;88;95;97
1219;15/02/2012;1;2;14;18;19;24;37;41;43;44;52;55;75;80;83;84;86;92;95;99
1220;18/02/2012;5;6;10;22;32;33;34;53;54;55;60;63;64;65;69;74;79;82;87;97
1221;22/02/2012;5;13;17;18;21;24;35;36;43;44;54;65;69;72;75;76;81;85;88;96
1222;25/02/2012;1;6;18;26;28;31;32;37;39;45;50;53;56;57;62;68;69;78;82;96
1223;01/03/2012;8;9;10;14;24;32;36;40;46;51;58;60;65;77;79;81;83;86;94;99
1224;03/03/2012;1;3;12;14;20;27;28;29;40;44;55;62;71;84;86;87;90;91;94;97
1225;07/03/2012;1;7;10;17;20;21;26;51;56;58;67;69;70;72;74;75;76;77;87;90
1226;10/03/2012;4;9;18;20;21;24;27;30;49;58;65;66;72;78;79;80;82;94;95;98
1227;14/03/2012;3;5;6;11;18;20;21;24;29;34;36;39;42;49;57;62;64;75;80;94
1228;17/03/2012;7;12;30;38;40;50;58;63;65;68;69;70;76;79;80;88;92;93;95;99
1229;21/03/2012;5;14;15;20;25;26;35;37;40;45;54;56;59;61;62;73;76;93;96;97
1230;24/03/2012;0;3;9;12;35;38;42;44;46;51;53;60;64;67;75;81;84;90;93;99
1231;28/03/2012;0;9;10;19;20;21;26;27;29;32;46;50;60;62;66;68;81;96;98;99
1232;31/03/2012;12;19;24;26;32;40;41;44;46;47;61;62;64;66;70;84;89;93;94;95
1233;04/04/2012;2;5;11;13;14;27;29;33;36;44;48;54;58;60;64;66;68;70;77;78
1234;07/04/2012;0;4;6;14;17;24;35;53;56;58;59;60;63;64;67;69;73;74;78;93
1235;11/04/2012;3;16;19;20;26;30;31;34;37;60;71;73;74;77;78;80;84;87;91;97
1236;14/04/2012;7;17;21;24;32;39;45;48;49;50;53;57;59;62;64;74;85;87;97;98
1237;18/04/2012;3;4;10;12;25;34;35;38;42;53;54;60;63;66;74;75;77;81;82;93
1238;20/04/2012;0;6;14;15;22;24;27;35;43;53;54;60;61;63;78;80;87;89;98;99
1239;25/04/2012;4;17;20;22;24;25;27;30;33;34;43;45;48;50;56;63;69;71;78;98
1240;28/04/2012;5;11;13;15;18;20;25;26;45;46;47;49;62;68;70;79;89;92;96;99
1241;02/05/2012;2;5;8;10;21;23;25;35;39;41;45;46;47;54;63;77;78;79;80;83
1242;05/05/2012;3;4;13;16;27;33;34;46;53;54;58;59;62;67;68;73;74;85;96;99
1243;09/05/2012;1;2;4;10;23;25;26;28;30;38;40;43;44;52;59;69;82;85;88;93
1244;12/05/2012;4;11;12;13;14;15;20;25;28;29;32;34;41;45;49;53;60;63;67;81
1245;16/05/2012;1;2;3;7;10;14;16;19;23;38;44;49;53;61;67;68;79;85;97;98
1246;19/05/2012;1;2;6;9;15;18;21;26;32;34;42;50;54;56;59;62;67;68;76;93
1247;23/05/2012;1;8;11;14;23;24;25;27;30;36;39;47;57;61;67;75;80;81;87;91
1248;26/05/2012;0;15;19;24;26;36;37;43;48;55;58;60;69;72;74;80;81;87;92;95
1249;30/05/2012;8;15;16;33;41;46;47;48;50;51;52;55;57;63;72;76;79;84;89;90
1250;02/06/2012;7;9;16;18;27;38;43;45;46;47;54;63;67;72;75;82;87;88;97;98
1251;06/06/2012;0;4;7;11;23;26;35;42;49;52;57;58;64;68;70;76;77;81;85;95
1252;09/06/2012;1;3;4;8;9;10;11;24;27;29;35;39;41;42;43;51;65;85;87;89
1253;13/06/2012;3;5;8;11;23;26;28;33;35;36;43;46;50;55;58;73;77;91;93;95
1254;16/06/2012;2;5;16;17;18;24;26;31;33;42;44;51;66;73;79;86;89;90;93;99
1255;20/06/2012;1;2;3;4;7;11;19;20;21;28;37;40;41;45;53;58;59;83;90;97
1256;23/06/2012;1;4;24;28;30;47;48;49;53;54;57;64;71;72;73;83;89;91;95;98
1257;27/06/2012;0;3;7;8;15;18;22;24;25;34;37;42;44;45;46;48;52;81;86;89
1258;30/06/2012;1;22;23;24;25;26;48;49;52;55;61;63;64;73;91;93;96;97;98;99
1259;04/07/2012;2;3;6;9;10;19;23;26;38;59;60;62;69;72;80;85;90;93;98;99
1260;07/07/2012;0;1;2;5;10;12;16;19;22;38;40;51;58;59;67;72;80;93;95;96
1261;11/07/2012;4;9;14;21;25;46;55;61;62;64;66;71;77;85;86;89;95;96;98;99
1262;14/07/2012;15;20;23;33;35;49;54;56;58;59;60;62;64;70;76;81;82;86;94;98
1263;18/07/2012;2;3;9;17;24;27;29;31;32;52;56;58;73;76;79;80;86;87;93;98
1264;21/07/2012;7;15;16;19;26;27;32;35;41;43;45;46;49;53;59;60;64;71;82;91
1265;25/07/2012;0;7;14;15;22;26;31;44;55;60;65;77;80;85;87;88;90;93;97;99
1266;28/07/2012;2;4;18;27;32;34;39;45;47;53;54;57;61;64;65;77;87;89;90;96
1267;01/08/2012;6;14;20;23;24;30;32;33;38;44;47;49;54;60;70;72;76;79;88;90
1268;04/08/2012;2;15;18;19;28;29;30;35;45;58;60;61;63;66;76;77;82;90;94;96
1269;08/08/2012;0;4;5;7;12;20;37;42;54;59;61;62;64;65;68;70;76;88;98;99
1270;11/08/2012;2;11;12;17;18;31;34;41;46;52;53;56;74;79;83;86;87;89;91;96
1271;15/08/2012;1;4;5;18;21;23;26;29;39;40;41;43;44;58;63;66;67;74;75;78
1272;18/08/2012;7;13;21;22;27;32;34;35;41;42;45;48;50;64;68;73;76;77;86;95
1273;22/08/2012;1;8;17;26;28;29;30;34;36;38;45;46;47;50;54;58;66;79;81;95
1274;25/08/2012;2;5;7;16;26;37;43;44;45;48;49;50;52;54;56;68;76;88;89;97
1275;29/08/2012;1;7;10;19;28;29;31;39;41;42;45;47;58;61;63;84;87;88;96;99
1276;01/09/2012;1;4;10;15;21;24;28;36;38;41;50;56;59;62;69;72;73;88;91;97
1277;05/09/2012;1;13;18;21;24;27;34;36;39;43;44;48;49;59;74;84;88;94;96;97
1278;08/09/2012;0;14;18;19;22;24;26;27;31;37;47;50;65;70;71;78;79;81;89;92
1279;12/09/2012;11;12;13;17;21;25;27;30;35;39;43;46;51;52;67;71;73;74;87;97
1280;15/09/2012;9;20;23;25;26;29;33;38;39;40;41;43;46;50;57;68;70;74;86;95
1281;19/09/2012;5;7;8;10;20;33;37;39;40;42;48;52;62;64;75;77;80;89;95;97
1282;22/09/2012;2;6;20;27;29;34;42;43;47;56;58;60;63;65;67;68;81;82;97;98
1283;26/09/2012;4;11;19;21;22;26;32;33;41;42;44;48;50;57;58;62;68;70;87;93
1284;29/09/2012;3;18;21;25;37;38;39;44;45;48;50;51;53;63;67;74;75;89;91;93
1285;03/10/2012;0;2;3;5;17;20;21;42;43;46;47;48;52;58;66;77;79;83;84;92
1286;06/10/2012;3;20;22;26;28;31;38;48;50;54;56;68;73;79;81;83;84;92;93;99
1287;10/10/2012;1;14;16;17;31;33;36;41;56;59;60;66;83;84;85;89;92;93;94;98
1288;13/10/2012;0;8;9;12;13;22;23;28;30;31;38;44;69;71;75;77;83;84;85;99
1289;17/10/2012;7;13;24;28;36;44;46;50;51;52;57;58;63;65;70;71;72;83;89;94
1290;20/10/2012;13;17;18;22;23;31;36;44;48;58;59;61;63;65;72;76;87;89;92;95
1291;24/10/2012;2;3;11;19;21;28;31;33;34;35;39;44;45;54;63;74;79;86;88;97
1292;27/10/2012;10;21;22;31;32;36;40;45;48;52;57;59;66;71;78;86;89;91;92;96
1293;31/10/2012;6;10;11;13;17;20;22;30;31;35;37;38;41;47;52;59;83;85;88;93
1294;03/11/2012;7;14;16;23;24;25;46;47;49;52;55;56;57;59;67;76;82;83;86;96
1295;07/11/2012;6;7;10;11;13;18;22;36;44;46;47;48;50;51;54;55;60;65;70;92
1296;10/11/2012;0;5;7;8;17;33;35;36;37;39;43;45;47;56;57;58;66;67;70;89
1297;14/11/2012;16;19;25;26;27;29;31;32;35;44;48;52;53;59;76;79;81;82;87;90
1298;17/11/2012;3;8;12;19;27;30;35;46;48;50;51;52;56;58;65;77;87;92;93;99
1299;21/11/2012;5;13;17;23;32;35;55;58;60;65;66;70;71;77;81;82;88;95;96;99
1300;24/11/2012;11;16;25;27;28;36;37;38;39;41;42;44;48;53;58;60;69;77;84;96
1301;28/11/2012;12;13;15;17;20;24;31;33;36;46;62;63;65;67;69;70;75;76;77;98
1302;01/12/2012;6;9;11;13;14;20;21;27;45;46;47;51;55;57;74;78;80;81;83;98
1303;05/12/2012;2;11;16;18;21;25;32;33;36;38;45;57;61;63;65;67;79;90;92;93
1304;08/12/2012;1;2;3;4;14;19;22;27;31;45;47;55;58;61;68;78;80;89;91;95
1305;12/12/2012;1;6;12;17;18;31;35;36;39;42;55;57;61;63;72;84;85;88;91;96
1306;15/12/2012;2;9;10;29;35;36;43;46;49;53;54;55;57;60;63;64;82;83;91;92
1307;19/12/2012;4;7;8;10;12;16;18;30;47;51;53;62;69;71;79;82;90;92;93;96
1308;22/12/2012;0;11;13;17;19;24;25;40;41;44;46;51;56;67;72;77;83;86;97;99
1309;26/12/2012;0;2;4;6;11;12;14;21;29;31;32;40;58;62;64;77;78;85;92;96
1310;29/12/2012;16;17;20;21;24;27;28;31;43;44;49;52;60;62;65;66;71;73;80;87
1311;02/01/2013;19;28;29;31;32;35;37;39;43;47;48;60;61;76;80;84;85;90;95;96
1312;05/01/2013;4;6;17;32;33;36;42;47;54;57;60;63;69;72;78;87;90;93;94;95
1313;09/01/2013;8;12;16;17;24;26;28;35;47;48;51;52;53;57;61;81;89;93;95;96
1314;12/01/2013;0;6;7;28;37;38;40;42;45;47;48;53;62;72;74;77;87;91;96;99
1315;16/01/2013;13;14;21;24;28;29;32;46;51;56;57;61;62;63;77;78;82;86;90;96
1316;19/01/2013;0;9;11;12;16;18;22;30;39;40;46;47;49;61;62;67;82;85;92;94
1317;23/01/2013;15;22;23;33;37;43;46;48;52;53;55;60;65;66;78;79;80;89;92;96
1318;26/01/2013;0;1;11;13;15;16;20;21;25;28;34;45;48;59;64;67;71;83;86;96
1319;30/01/2013;3;12;19;20;31;32;33;39;45;49;57;61;74;79;82;88;89;90;96;99
1320;02/02/2013;5;9;17;18;20;24;33;36;40;44;48;51;55;61;75;80;87;91;94;96
1321;06/02/2013;0;1;7;8;16;26;27;28;30;31;32;35;45;48;57;73;74;94;95;99
1322;09/02/2013;2;6;13;16;19;20;24;30;34;49;56;61;77;80;84;86;89;90;91;98
1323;13/02/2013;1;2;6;7;8;10;13;19;28;37;43;55;67;71;73;77;87;89;90;98
1324;16/02/2013;10;20;22;29;41;43;46;48;49;56;63;65;66;67;69;83;84;88;91;94
1325;20/02/2013;5;9;12;25;29;30;35;39;41;49;51;57;62;77;79;83;84;86;87;98
1326;23/02/2013;0;4;8;10;13;15;19;27;29;31;32;41;47;50;54;59;61;67;75;83
1327;27/02/2013;2;4;8;19;20;21;23;27;42;47;53;54;56;57;59;68;76;95;96;99
1328;02/03/2013;0;1;9;10;14;23;26;28;30;32;45;52;55;61;66;68;69;80;86;94
1329;06/03/2013;6;9;11;12;17;18;20;21;39;40;46;48;49;55;57;66;85;91;94;95
1330;09/03/2013;5;10;13;14;18;19;20;27;33;35;56;58;62;72;75;78;83;85;86;88
1331;13/03/2013;1;2;6;10;11;18;23;25;27;30;42;56;63;65;68;80;82;86;93;99
1332;16/03/2013;5;8;13;23;37;42;43;44;51;54;57;62;68;69;79;80;81;87;90;93
1333;20/03/2013;5;21;24;26;34;44;48;51;55;58;71;73;75;76;78;81;86;88;92;97
1334;23/03/2013;5;9;24;27;36;38;39;41;43;54;57;63;76;85;88;89;90;91;93;97
1335;30/03/2013;2;3;11;24;28;29;31;40;52;53;56;60;61;75;76;81;83;90;92;93
1336;03/04/2013;2;9;16;20;24;37;40;41;60;63;64;67;68;70;72;77;78;84;88;92
1337;06/04/2013;0;12;16;17;25;26;35;38;41;45;47;48;52;57;63;69;70;73;90;93
1338;10/04/2013;9;11;12;13;14;27;29;32;34;41;46;49;55;57;64;68;80;89;91;93
1339;13/04/2013;0;7;8;12;16;26;31;33;49;56;57;63;74;75;79;80;85;90;93;94
1340;17/04/2013;4;12;15;21;22;31;35;64;66;67;68;74;79;84;85;87;91;92;95;98
1341;20/04/2013;2;7;10;13;14;18;20;22;24;30;31;37;45;60;61;73;75;79;80;93
1342;24/04/2013;0;5;17;18;23;28;29;38;39;44;45;50;52;55;58;59;69;74;76;88
1343;27/04/2013;0;17;18;36;39;40;45;48;52;58;66;68;69;78;82;84;88;90;92;97
1344;02/05/2013;1;8;14;17;18;19;21;27;35;38;45;49;56;58;74;79;82;87;91;99
1345;04/05/2013;7;8;9;17;21;22;23;24;36;38;42;63;64;66;69;79;82;86;89;93
1346;08/05/2013;4;10;14;18;25;31;47;49;54;58;60;62;67;74;77;80;86;88;96;99
1347;11/05/2013;8;14;15;17;19;24;28;32;35;37;46;64;67;73;81;82;86;88;92;97
1348;15/05/2013;1;5;8;16;17;18;27;41;46;50;57;60;65;73;74;84;86;87;94;97
1349;18/05/2013;2;3;6;8;10;14;16;17;23;31;33;41;44;45;55;65;68;78;87;99
1350;22/05/2013;0;6;16;22;26;30;31;32;35;38;39;44;46;47;74;79;93;95;96;97
1351;25/05/2013;2;5;8;9;18;33;34;39;40;42;45;51;53;76;79;81;82;90;93;96
1352;29/05/2013;0;1;10;21;28;30;36;48;49;50;63;70;72;74;75;76;77;79;82;83
1353;01/06/2013;0;4;5;15;20;23;38;42;45;46;58;65;67;71;75;76;85;91;93;98
1354;05/06/2013;4;7;16;22;24;29;30;41;48;51;58;59;61;68;76;79;81;82;83;91
1355;08/06/2013;3;11;13;14;19;26;41;43;46;47;48;49;56;57;61;73;79;93;96;97
1356;12/06/2013;6;11;15;16;20;27;35;41;45;51;63;64;68;74;75;77;81;90;91;99
1357;15/06/2013;4;6;7;8;30;31;34;37;39;45;48;53;68;69;74;75;78;80;83;93
1358;19/06/2013;3;4;7;16;17;18;20;22;27;35;37;41;42;46;49;57;59;65;72;87
1359;22/06/2013;2;9;10;25;28;33;38;40;46;53;60;61;68;75;76;77;83;91;93;99
1360;26/06/2013;1;2;14;17;26;29;35;37;47;49;53;58;59;61;70;71;72;76;95;96
1361;29/06/2013;10;20;27;31;32;34;37;45;48;52;54;56;57;59;60;61;68;71;73;94
1362;03/07/2013;19;20;22;26;31;32;34;35;41;48;51;52;58;64;65;75;76;83;86;99
1363;06/07/2013;2;3;14;17;25;32;35;36;46;50;51;57;63;64;65;66;74;81;84;85
1364;10/07/2013;6;14;17;26;29;37;38;41;42;51;53;57;64;66;67;68;69;78;91;94
1365;13/07/2013;2;6;16;18;27;40;44;53;54;62;64;65;76;77;80;81;82;84;89;92
1366;17/07/2013;2;3;7;8;15;27;33;38;53;54;60;65;71;73;79;80;88;91;93;94
1367;20/07/2013;0;1;18;19;21;26;31;36;41;42;43;62;76;78;81;83;89;90;97;99
1368;24/07/2013;8;13;15;19;22;28;30;34;36;37;40;42;45;47;50;60;66;73;90;95
1369;27/07/2013;1;5;6;9;13;15;23;24;31;40;41;55;60;65;68;69;72;75;81;87
1370;31/07/2013;3;5;7;9;10;20;21;24;40;43;46;48;53;57;58;66;75;78;88;97
1371;03/08/2013;1;13;16;18;24;35;39;41;42;44;57;60;69;71;73;79;86;90;94;99
1372;07/08/2013;3;5;12;19;20;23;26;28;34;35;39;50;54;64;66;68;86;87;91;99
1373;10/08/2013;18;24;29;30;33;38;43;44;55;57;63;68;70;73;74;86;87;90;93;97
1374;14/08/2013;0;2;4;5;13;18;19;20;31;32;33;41;56;61;64;68;69;90;93;94
1375;17/08/2013;1;3;6;9;10;21;28;30;31;42;57;59;60;61;68;83;85;87;90;93
1376;21/08/2013;4;11;13;16;31;32;36;45;47;56;58;60;61;71;77;84;88;91;92;97
1377;24/08/2013;2;5;6;10;17;21;25;28;31;32;34;46;51;58;60;69;77;80;85;87
1378;28/08/2013;9;16;17;23;24;32;35;39;43;45;49;61;64;69;70;72;82;83;93;96
1379;31/08/2013;6;16;24;26;37;40;55;57;58;61;67;69;73;75;76;77;79;80;88;95
1380;04/09/2013;8;12;14;16;17;21;22;23;25;27;29;47;53;63;64;67;76;79;80;97
1381;06/09/2013;1;8;17;18;33;38;41;44;46;49;57;58;59;65;82;84;89;91;96;98
1382;11/09/2013;3;12;14;20;28;31;33;34;35;36;43;54;58;70;73;80;82;92;95;98
1383;14/09/2013;8;9;14;25;27;31;39;43;46;47;58;59;62;66;73;74;87;90;95;96
1384;18/09/2013;4;10;11;18;19;27;30;32;45;49;54;56;58;65;69;70;71;90;92;97
1385;21/09/2013;10;13;15;20;23;27;32;34;38;40;43;58;63;65;69;74;77;81;90;97
1386;25/09/2013;7;25;28;31;33;36;43;44;45;55;67;71;80;82;83;90;92;93;95;97
1387;28/09/2013;2;6;15;17;22;25;26;29;35;42;62;66;72;73;80;82;92;93;95;96
1388;02/10/2013;7;8;12;18;19;37;39;45;46;48;49;50;54;62;74;80;87;89;93;95
1389;05/10/2013;2;14;17;23;32;36;46;49;52;60;64;71;72;73;76;82;85;86;91;94
1390;09/10/2013;2;3;4;16;35;40;41;43;62;64;66;67;70;76;78;80;89;95;96;99
1391;11/10/2013;1;4;10;14;18;19;28;36;41;49;53;55;66;68;70;72;75;82;89;92
1392;16/10/2013;2;3;7;15;28;29;36;38;54;57;58;65;74;76;77;84;85;86;90;91
1393;19/10/2013;0;3;5;23;29;31;33;37;41;43;45;46;54;56;61;65;73;77;78;88
1394;23/10/2013;1;5;14;16;17;19;26;38;53;54;56;59;60;63;68;69;78;79;81;91
1395;26/10/2013;3;6;7;11;15;18;42;45;48;51;54;55;57;71;77;79;82;90;91;97
1396;30/10/2013;4;9;18;24;25;36;39;47;50;52;54;56;63;70;74;79;80;82;83;87
1397;01/11/2013;3;5;13;24;26;28;31;33;50;53;55;56;66;67;73;76;82;84;88;90
1398;06/11/2013;11;16;22;25;29;30;31;36;37;38;42;43;53;65;78;79;81;87;90;91
1399;09/11/2013;5;15;18;20;22;24;33;40;44;45;48;56;57;60;65;69;70;73;80;83
1400;13/11/2013;5;9;11;17;20;26;29;33;34;39;58;62;64;66;70;74;77;85;91;99
1401;16/11/2013;1;4;10;13;15;16;21;22;23;29;30;35;49;64;72;77;79;80;88;90
1402;20/11/2013;6;13;15;16;20;29;34;37;38;47;49;58;61;66;67;80;82;85;86;93
1403;23/11/2013;2;7;14;16;20;25;27;30;31;35;36;40;42;46;51;65;68;72;82;98
1404;27/11/2013;4;9;15;23;24;29;30;33;40;43;44;46;49;51;54;71;73;84;86;95
1405;30/11/2013;0;4;6;15;24;25;35;38;41;42;50;55;58;65;71;80;87;89;96;97
1406;04/12/2013;2;9;17;21;25;27;29;32;38;43;60;67;69;70;79;82;84;87;94;97
1407;07/12/2013;6;14;17;24;26;40;51;54;56;68;70;73;75;78;83;84;85;86;90;93
1408;11/12/2013;5;9;20;23;32;33;43;46;48;50;51;52;57;72;74;78;85;88;89;95
1409;14/12/2013;4;15;25;26;34;44;58;63;69;72;73;78;79;83;84;86;87;89;92;93
1410;18/12/2013;10;11;13;14;21;22;25;38;39;41;48;54;55;56;60;69;72;73;76;85
1411;21/12/2013;0;5;6;9;15;23;25;27;36;43;45;47;51;55;59;69;83;89;94;97
1412;26/12/2013;0;12;13;19;20;21;23;30;33;35;36;37;48;58;62;66;67;76;83;88
1413;28/12/2013;8;13;21;24;35;37;39;43;47;48;53;58;60;76;81;83;87;90;94;97
1414;31/12/2013;29;36;39;41;43;45;54;58;59;60;66;70;75;76;81;83;86;94;95;98
1415;04/01/2014;1;4;6;7;9;10;18;21;22;33;40;46;52;61;62;69;75;84;87;95
1416;09/01/2014;12;15;22;31;33;37;40;42;45;46;53;57;67;73;82;83;85;88;95;99
1417;11/01/2014;3;14;16;17;24;25;34;35;37;40;46;54;55;56;62;70;71;74;76;85
1418;15/01/2014;11;16;19;22;31;37;41;44;48;55;60;66;72;73;76;83;85;92;95;98
1419;18/01/2014;5;7;8;10;18;19;21;31;32;36;39;42;45;64;71;78;80;86;97;98
1420;22/01/2014;12;17;23;26;27;34;35;36;39;59;60;67;68;70;73;77;79;92;93;96
1421;25/01/2014;5;7;13;16;18;19;21;22;29;31;37;52;55;57;65;66;71;73;90;95
1422;29/01/2014;3;10;15;16;23;29;30;33;37;40;46;52;57;67;68;70;73;84;91;94
1423;01/02/2014;5;6;9;12;17;23;24;27;30;36;40;46;61;66;77;79;81;89;90;94
1424;05/02/2014;9;15;16;17;21;28;49;61;64;67;76;80;86;87;88;91;92;93;94;96
1425;08/02/2014;0;4;7;10;11;12;27;28;33;37;38;45;47;56;61;62;82;83;84;90
1426;12/02/2014;0;2;5;16;18;20;21;24;30;36;37;40;52;55;58;61;68;75;80;91
1427;15/02/2014;7;11;12;16;25;29;34;40;41;54;63;64;67;70;71;83;88;93;94;96
1428;19/02/2014;0;4;14;23;24;29;31;35;45;48;53;59;62;69;71;72;74;80;88;96
1429;22/02/2014;1;4;8;14;17;19;27;35;36;39;41;44;59;64;66;68;70;77;89;93
1430;26/02/2014;0;9;11;13;19;23;26;28;37;40;51;55;68;72;75;80;85;86;92;94
1431;01/03/2014;0;9;10;13;14;20;22;26;34;36;39;41;47;55;58;59;69;83;92;97
1432;05/03/2014;2;4;5;9;27;28;29;34;38;39;40;41;42;49;52;56;57;67;77;94
1433;08/03/2014;7;11;15;20;23;25;31;34;36;41;42;48;62;71;76;77;82;85;86;91
1434;12/03/2014;13;14;20;25;33;40;47;51;53;55;56;58;66;69;71;72;79;97;98;99
1435;15/03/2014;0;5;10;12;15;16;17;18;34;42;45;46;47;49;55;65;75;81;95;98
1436;19/03/2014;0;2;9;14;23;26;31;32;33;37;44;49;59;65;74;78;80;83;86;89
1437;22/03/2014;8;9;11;16;17;19;23;37;38;39;49;51;59;61;69;77;86;90;93;97
1438;26/03/2014;9;16;17;38;41;48;49;51;53;54;66;68;70;73;75;76;78;79;94;96
1439;29/03/2014;3;4;5;9;14;19;23;24;27;28;36;51;55;58;68;74;76;79;92;98
1440;02/04/2014;11;19;29;32;35;37;43;52;55;59;66;72;76;80;86;89;91;92;93;96
1441;05/04/2014;6;12;13;16;18;19;20;27;31;41;42;48;49;61;69;78;86;90;93;96
1442;09/04/2014;0;3;20;28;30;32;34;35;39;45;53;56;64;65;70;77;85;89;91;92
1443;12/04/2014;22;28;29;36;47;51;57;58;59;60;68;69;71;80;83;86;91;93;94;96
1444;19/04/2014;3;5;12;16;23;24;27;33;35;41;46;62;81;83;85;87;89;91;98;99
1445;23/04/2014;11;12;18;20;34;41;48;49;51;52;54;73;75;84;86;90;94;95;96;97
1446;26/04/2014;1;4;8;13;16;21;22;27;39;42;43;44;46;55;62;68;70;76;86;92
1447;30/04/2014;0;1;8;13;14;18;28;30;33;42;53;55;57;61;64;80;84;86;94;99
1448;03/05/2014;3;9;15;17;18;28;40;42;43;49;53;55;58;68;69;83;84;89;95;97
1449;07/05/2014;2;3;6;7;11;17;21;26;31;40;44;47;49;57;67;69;70;77;82;86
1450;10/05/2014;1;2;6;8;11;20;29;32;36;47;51;61;66;72;74;79;82;88;92;96
1451;14/05/2014;6;13;18;22;26;39;43;47;48;51;58;61;65;75;77;79;86;89;92;96
1452;17/05/2014;3;8;9;11;19;20;28;35;40;48;49;56;59;69;70;84;85;90;94;95
1453;21/05/2014;7;8;9;14;15;26;32;43;44;45;49;56;58;63;69;75;78;79;82;85
1454;24/05/2014;0;7;30;34;35;43;51;57;66;67;68;73;77;79;83;89;90;95;97;99
1455;28/05/2014;3;4;7;17;25;26;30;37;38;44;48;49;52;53;54;71;72;82;91;96
1456;31/05/2014;3;4;6;9;10;13;32;37;38;40;45;61;65;68;69;71;72;79;82;86
1457;04/06/2014;4;5;15;23;28;34;36;39;40;47;61;70;73;77;83;89;90;91;92;97
1458;07/06/2014;0;2;8;13;17;20;29;32;35;43;46;47;49;50;55;71;75;85;90;92
1459;11/06/2014;4;16;17;20;22;31;33;37;38;41;45;47;48;58;62;75;78;80;81;95
1460;14/06/2014;2;4;7;19;31;34;37;45;54;57;60;66;69;84;85;86;87;90;93;95
1461;18/06/2014;1;2;6;8;13;17;21;22;23;27;34;44;50;57;61;68;74;77;95;99
1462;21/06/2014;0;2;16;19;34;44;45;48;58;60;61;63;64;65;71;77;80;91;92;97
1463;25/06/2014;0;5;19;20;25;31;34;36;43;46;47;57;62;66;73;76;77;82;91;92
1464;28/06/2014;2;3;4;5;9;16;17;35;36;38;40;51;55;56;59;60;78;82;83;85
1465;02/07/2014;1;10;11;15;18;32;34;37;40;42;44;46;54;61;62;79;83;91;92;93
1466;05/07/2014;4;9;14;16;20;21;28;35;41;44;50;67;76;77;82;84;85;86;90;98
1467;09/07/2014;2;3;12;20;25;33;34;41;43;45;48;53;64;67;77;78;80;85;86;88
1468;12/07/2014;2;5;8;11;14;30;35;36;37;38;49;50;54;60;62;69;74;80;87;88
1469;16/07/2014;1;8;11;15;18;19;21;26;30;38;42;45;54;56;63;73;76;87;92;95
1470;19/07/2014;0;10;13;17;18;22;30;31;32;43;45;46;65;73;74;82;85;87;97;99
1471;23/07/2014;2;4;10;13;23;27;39;41;47;49;54;57;60;63;64;65;66;71;83;87
1472;26/07/2014;0;3;6;8;10;12;21;30;31;37;41;43;64;65;67;68;72;76;81;86
1473;30/07/2014;5;6;8;9;12;21;24;25;40;53;56;64;70;73;79;84;87;92;94;96
1474;02/08/2014;4;14;16;17;20;22;26;30;36;39;47;51;52;54;57;59;64;70;71;92
1475;06/08/2014;1;6;7;15;25;30;34;38;41;45;49;58;60;62;75;78;84;91;93;98
1476;09/08/2014;0;5;7;17;19;23;30;35;36;37;44;46;49;70;74;87;88;90;95;99
1477;13/08/2014;6;16;17;18;21;24;27;42;43;52;57;59;61;63;67;71;75;80;90;92
1478;16/08/2014;0;2;5;15;17;40;48;49;52;62;63;68;71;78;81;83;88;94;97;98
1479;20/08/2014;3;7;10;12;15;20;28;30;34;35;43;51;60;61;69;71;72;80;85;99
1480;23/08/2014;0;1;4;5;8;13;14;17;22;26;43;54;59;60;62;66;77;87;96;97
1481;27/08/2014;4;8;9;11;16;19;21;31;40;46;48;50;55;59;62;64;66;70;80;99
1482;30/08/2014;0;9;13;21;32;33;36;52;57;60;61;64;66;70;73;77;88;89;90;97
1483;03/09/2014;4;5;7;27;31;32;35;45;52;53;56;59;60;61;63;71;82;85;86;97
1484;06/09/2014;1;6;14;15;36;39;40;43;46;50;52;55;57;61;64;65;77;78;79;87
1485;10/09/2014;0;10;25;29;31;37;43;47;51;53;55;60;64;80;84;88;92;94;95;99
1486;13/09/2014;0;6;19;29;32;35;37;39;45;47;55;57;64;71;73;76;83;91;95;96
1487;17/09/2014;11;12;14;18;20;26;29;30;35;40;46;54;65;67;69;74;77;78;86;87
1488;20/09/2014;2;4;7;8;9;24;29;44;46;47;51;63;64;66;70;81;84;87;90;92
1489;24/09/2014;5;7;8;12;14;18;30;47;49;60;62;65;66;73;80;83;87;89;94;97
1490;27/09/2014;10;14;19;21;23;28;29;35;41;58;62;64;72;76;77;78;82;85;96;98
1491;01/10/2014;3;7;11;14;21;28;37;41;49;50;54;58;69;73;77;78;80;87;88;90
1492;04/10/2014;4;23;28;30;31;36;37;38;41;42;44;46;50;53;54;58;70;78;89;95
1493;08/10/2014;1;9;13;16;19;28;33;34;39;40;47;48;53;56;63;65;69;73;78;98
1494;11/10/2014;2;9;10;16;20;27;35;36;44;49;55;60;61;82;86;88;93;94;98;99
1495;15/10/2014;0;1;20;27;34;35;36;43;45;54;55;58;67;70;71;81;83;87;89;95
1496;18/10/2014;3;5;11;12;16;17;22;24;31;32;37;57;60;61;77;81;84;85;86;95
1497;22/10/2014;0;9;15;19;21;26;30;44;49;50;51;54;56;63;69;76;81;83;91;93
1498;25/10/2014;0;1;2;9;14;16;18;19;25;27;33;34;46;52;56;57;60;78;82;83
1499;29/10/2014;12;15;22;23;28;30;35;43;45;51;58;60;64;69;70;71;76;84;91;93
1500;01/11/2014;1;10;12;15;18;25;26;31;44;59;63;64;69;70;71;81;87;92;93;99
1501;05/11/2014;15;17;21;26;33;35;39;42;46;51;54;55;59;62;69;70;92;94;98;99
1502;08/11/2014;6;18;21;22;26;29;40;49;54;60;61;65;66;74;75;82;84;87;94;95
1503;12/11/2014;6;7;9;19;25;28;29;33;37;38;46;47;49;51;58;66;67;80;92;96
1504;14/11/2014;8;16;18;22;39;49;58;60;61;64;65;66;69;70;75;79;84;91;96;98
1505;19/11/2014;1;15;17;22;26;28;29;33;45;46;49;50;51;58;71;73;75;85;92;96
1506;22/11/2014;3;16;22;28;31;32;34;46;49;51;53;54;57;67;71;75;85;90;97;99
1507;26/11/2014;5;7;9;16;26;29;40;45;47;52;60;64;65;73;81;87;92;94;96;99
1508;29/11/2014;1;5;23;28;39;41;47;58;63;66;69;72;74;80;87;88;89;93;95;99
1509;03/12/2014;1;2;4;6;16;19;29;30;40;51;54;57;58;67;72;75;79;83;93;96
1510;06/12/2014;0;4;6;30;31;35;40;41;48;51;53;63;66;67;69;70;74;75;85;89
1511;10/12/2014;0;1;4;5;6;16;19;42;43;47;56;63;65;67;73;82;85;87;88;91
1512;13/12/2014;9;10;11;22;26;38;45;48;49;57;60;67;69;70;73;74;84;85;86;97
1513;17/12/2014;0;6;7;14;15;16;18;20;21;29;31;33;37;44;49;58;68;72;84;90
1514;20/12/2014;9;10;14;29;31;37;43;51;55;60;62;68;69;73;80;82;85;86;87;88
1515;24/12/2014;17;18;25;26;29;31;33;36;40;45;46;47;52;56;65;66;68;71;80;83
1516;27/12/2014;0;1;9;12;13;20;28;29;34;39;52;54;63;72;79;89;90;93;95;99
1517;31/12/2014;2;5;8;9;10;12;28;34;43;46;47;51;54;63;67;76;80;85;89;99
1518;03/01/2015;2;5;10;14;19;20;22;23;38;40;49;51;53;54;56;75;79;82;85;93
1519;07/01/2015;3;6;13;19;32;37;42;44;45;50;51;56;64;69;70;73;75;82;84;99
1520;10/01/2015;5;6;7;12;15;20;30;33;37;57;58;60;64;67;72;82;87;88;95;96
1521;14/01/2015;1;2;6;8;19;20;21;28;38;41;46;51;55;57;68;81;87;91;92;97
1522;17/01/2015;1;3;11;18;19;35;44;54;59;60;64;68;70;71;76;77;79;80;84;96
1523;21/01/2015;0;4;10;12;18;24;28;36;39;42;43;47;49;50;54;64;67;81;86;98
1524;24/01/2015;2;7;8;14;16;21;22;26;30;32;36;42;48;59;72;82;87;90;93;95
1525;28/01/2015;7;15;23;24;26;29;30;43;49;53;54;61;63;67;68;78;80;85;93;94
1526;31/01/2015;3;6;7;17;18;23;25;26;38;50;51;62;66;70;78;82;86;88;90;98
1527;04/02/2015;1;4;8;10;18;23;24;26;37;39;40;47;72;81;84;89;93;94;96;99
1528;07/02/2015;7;11;17;41;46;48;50;52;56;60;61;62;69;71;78;79;81;82;92;94
1529;11/02/2015;2;3;6;8;9;15;20;26;34;49;54;55;63;64;67;74;76;82;87;98
1530;14/02/2015;0;7;13;15;17;32;41;43;45;48;51;53;54;61;63;66;72;79;84;88
1531;18/02/2015;13;14;15;25;26;27;35;39;50;51;52;61;65;69;70;72;75;77;92;94
1532;21/02/2015;5;8;14;16;17;21;27;38;49;50;51;54;57;61;66;75;77;83;92;94
1533;25/02/2015;8;10;25;34;36;38;53;54;55;56;58;69;76;81;84;85;86;88;98;99
1534;28/02/2015;0;3;4;6;13;14;20;35;39;40;42;45;48;70;72;76;80;81;87;94
1535;04/03/2015;0;1;8;19;30;35;37;38;48;50;59;61;65;68;69;71;74;76;84;97
1536;07/03/2015;0;1;4;12;15;16;17;23;28;29;30;32;34;43;45;50;52;61;63;85
1537;11/03/2015;7;10;16;22;24;32;35;40;45;46;58;63;65;66;71;72;83;86;92;97
1538;14/03/2015;2;3;7;9;11;15;16;18;34;50;57;63;68;74;83;85;86;87;94;96
1539;18/03/2015;4;12;16;17;25;29;32;34;42;48;53;59;60;63;69;74;76;80;95;99
1540;21/03/2015;2;7;19;25;28;34;49;54;56;58;59;66;67;72;73;85;91;93;98;99
1541;25/03/2015;2;7;17;18;28;35;46;47;50;55;59;63;64;65;69;71;74;85;86;90
1542;28/03/2015;23;26;28;30;38;43;45;47;54;55;57;59;64;74;76;77;78;83;88;91
1543;04/04/2015;10;12;13;15;16;17;21;22;27;39;40;61;67;68;72;75;85;88;92;97
1544;08/04/2015;3;10;13;19;25;32;38;40;48;49;53;56;70;72;81;86;91;93;97;99
1545;11/04/2015;2;3;5;8;18;26;30;33;37;41;42;44;52;54;61;64;71;79;85;90
1546;15/04/2015;4;8;9;17;19;25;27;35;39;43;47;51;56;61;62;73;74;75;77;87
1547;18/04/2015;4;9;24;32;39;41;44;45;46;52;54;61;63;64;66;71;85;90;91;97
1548;22/04/2015;1;6;8;17;24;26;27;29;57;63;64;69;75;80;81;86;87;93;95;99
1549;25/04/2015;3;6;14;21;37;46;49;56;59;60;63;64;66;74;78;79;84;92;94;95
1550;29/04/2015;6;15;16;20;21;22;34;43;44;57;62;67;69;73;77;84;85;86;91;93
1551;02/05/2015;2;15;16;21;23;26;27;31;35;40;46;48;56;58;69;83;87;90;96;98
1552;06/05/2015;0;1;3;4;7;9;18;31;39;47;53;56;71;73;74;77;81;92;95;97
1553;09/05/2015;3;6;11;12;20;21;24;30;31;35;51;53;58;66;69;71;83;88;91;92
1554;13/05/2015;0;3;6;8;11;16;32;36;42;43;48;65;68;75;78;79;87;89;92;94
1555;16/05/2015;0;4;8;16;19;26;34;36;37;42;43;62;64;65;76;83;84;86;96;97
1556;20/05/2015;13;27;28;30;34;39;41;47;48;51;54;57;67;74;75;83;84;93;96;99
1557;23/05/2015;0;2;6;8;13;17;23;29;33;36;40;42;47;49;57;67;75;80;91;95
1558;27/05/2015;4;14;15;21;25;28;29;31;49;53;55;56;62;67;70;71;80;83;85;92
1559;30/05/2015;7;9;11;16;17;23;24;28;34;36;48;49;63;70;72;73;82;84;87;91
1560;03/06/2015;4;6;8;17;23;26;30;35;37;47;49;52;53;56;61;65;74;75;77;94
1561;06/06/2015;5;26;30;32;36;39;51;54;56;57;61;65;68;70;76;78;85;93;97;98
1562;10/06/2015;2;7;16;17;21;26;33;50;54;57;63;64;71;72;74;79;84;85;92;97
1563;13/06/2015;4;15;19;26;27;32;38;41;56;57;62;71;75;76;81;85;88;96;97;99
1564;17/06/2015;9;16;24;25;31;38;41;50;55;60;66;68;69;71;81;89;91;95;98;99
1565;20/06/2015;0;10;14;16;17;24;30;35;42;46;49;51;53;58;68;72;73;74;91;99
1566;24/06/2015;5;10;23;24;25;27;28;41;51;56;61;65;71;73;76;80;83;88;91;98
1567;27/06/2015;5;8;16;17;23;28;29;42;46;53;63;64;73;74;77;85;86;87;89;93
1568;01/07/2015;2;6;11;15;17;18;20;29;36;45;47;55;57;68;70;80;85;90;93;94
1569;04/07/2015;2;7;13;15;30;33;42;48;49;56;62;65;66;71;73;75;77;79;85;93
1570;08/07/2015;0;6;11;16;18;21;22;28;30;33;39;44;46;47;59;75;78;80;95;96
1571;11/07/2015;0;1;3;6;7;13;14;17;23;27;33;36;38;42;54;68;71;73;77;91
1572;15/07/2015;2;12;15;18;22;32;34;36;55;56;58;60;61;65;72;77;83;86;89;99
1573;18/07/2015;20;25;27;28;32;39;41;42;48;49;63;66;69;80;81;85;88;91;93;96
1574;22/07/2015;4;11;18;19;21;35;40;44;47;51;52;62;69;70;71;76;77;82;88;91
1575;25/07/2015;5;12;13;14;17;22;44;45;47;56;57;60;66;67;75;81;88;89;91;95
1576;29/07/2015;3;20;22;23;26;27;30;36;39;40;46;47;66;67;83;84;87;95;98;99
1577;01/08/2015;1;8;9;11;12;16;17;20;22;26;27;29;38;43;55;63;77;84;93;97
1578;05/08/2015;6;9;12;17;18;40;54;56;63;66;67;69;71;73;76;82;84;88;93;99
1579;08/08/2015;5;6;7;21;23;24;25;34;35;36;41;42;55;62;65;68;73;81;82;83
1580;12/08/2015;1;2;5;9;18;23;42;45;47;50;53;56;62;69;78;82;91;93;94;97
1581;15/08/2015;2;11;12;18;19;37;39;41;50;53;60;67;75;77;80;82;84;89;92;93
1582;19/08/2015;6;18;20;22;23;28;34;35;42;53;64;65;68;70;73;75;78;84;86;93
1583;22/08/2015;11;12;13;16;18;22;41;43;44;47;53;58;59;62;63;64;78;79;87;96
1584;26/08/2015;8;17;18;37;40;41;45;49;54;57;65;66;72;74;78;83;86;87;90;91
1585;29/08/2015;4;9;15;34;41;48;49;51;58;61;63;65;67;74;82;86;90;93;95;99
1586;02/09/2015;9;14;18;24;27;31;32;33;34;43;44;48;52;59;66;68;75;78;86;88
1587;05/09/2015;6;19;26;28;34;35;37;39;42;52;53;54;62;65;69;71;72;74;79;85
1588;09/09/2015;4;8;21;26;29;38;41;44;54;55;56;59;62;70;78;81;82;94;95;96
1589;12/09/2015;12;19;24;25;40;42;54;56;60;62;66;69;82;83;86;87;88;93;97;98
1590;16/09/2015;4;11;15;16;19;23;25;29;31;41;42;62;64;66;73;81;84;91;96;97
1591;19/09/2015;1;5;6;22;27;37;44;50;53;56;64;65;69;72;83;85;92;93;97;99
1592;23/09/2015;2;6;8;18;33;36;42;44;47;48;49;51;56;61;66;71;77;79;83;98
1593;26/09/2015;10;12;18;21;32;36;37;45;46;60;62;65;66;70;71;73;77;83;88;98
1594;30/09/2015;1;4;9;11;15;19;21;27;32;53;56;62;64;65;66;69;71;73;83;89
1595;03/10/2015;2;4;6;10;15;19;20;28;31;40;41;43;52;60;63;68;70;76;80;87
1596;07/10/2015;0;9;14;16;20;35;36;44;50;52;57;66;69;70;74;78;84;86;87;94
1597;10/10/2015;4;7;10;18;26;34;37;40;41;43;53;56;58;59;79;80;82;83;90;92
1598;14/10/2015;26;31;37;52;53;54;55;58;59;70;72;76;78;82;83;85;89;92;95;98
1599;17/10/2015;4;8;15;19;20;24;25;27;31;38;49;50;62;64;69;77;78;80;83;88
1600;21/10/2015;2;5;13;14;26;33;42;50;58;59;65;67;70;73;74;77;84;94;95;98
1601;24/10/2015;3;10;20;22;25;32;33;38;40;41;50;51;56;58;63;74;75;78;93;95
1602;28/10/2015;18;19;24;32;34;35;37;41;47;61;62;66;72;77;79;88;93;95;97;99
1603;31/10/2015;20;24;30;32;34;37;42;52;53;62;66;69;76;80;81;86;88;91;93;96
1604;04/11/2015;3;10;14;21;23;26;28;30;31;34;39;40;54;63;71;74;78;81;84;92
1605;07/11/2015;3;15;18;24;31;32;35;37;39;40;45;48;52;54;55;57;58;59;60;96
1606;11/11/2015;2;5;12;13;23;29;33;38;43;52;54;58;60;61;65;70;85;86;97;98
1607;14/11/2015;10;11;12;14;17;30;31;34;36;42;47;52;54;58;65;69;71;75;96;99
1608;18/11/2015;3;8;13;21;23;24;26;31;53;60;61;72;73;80;84;85;92;95;96;97
1609;21/11/2015;9;10;16;22;23;28;35;38;39;54;55;58;62;63;66;79;85;91;92;94
1610;25/11/2015;8;10;29;41;44;48;49;53;54;56;62;63;64;68;72;73;79;81;88;97
1611;28/11/2015;0;1;2;5;11;13;21;22;28;30;45;46;48;54;64;71;80;89;96;97
1612;02/12/2015;2;3;5;6;14;19;28;31;32;36;40;50;60;74;77;78;84;92;94;97
1613;05/12/2015;3;12;17;23;32;36;45;48;56;65;72;73;74;75;78;80;84;90;91;97
1614;09/12/2015;1;5;7;9;14;15;21;33;45;50;51;52;69;77;79;88;89;91;92;96
1615;12/12/2015;2;4;5;10;13;23;24;25;30;46;53;68;72;74;81;82;87;88;89;93
1616;16/12/2015;12;21;25;32;36;37;40;45;49;51;58;61;66;72;75;76;77;80;85;96
1617;19/12/2015;6;9;14;16;19;25;26;32;34;40;50;51;67;77;81;82;86;88;95;98
1618;23/12/2015;0;11;14;20;26;28;36;39;41;59;61;67;73;76;77;89;92;93;97;99
1619;26/12/2015;1;2;5;9;10;21;29;32;34;35;36;43;55;58;66;77;78;82;88;96
1620;30/12/2015;2;4;9;11;14;16;21;32;33;39;54;55;67;75;76;77;78;79;94;95
1621;02/01/2016;5;11;15;23;25;27;28;29;31;32;33;45;53;71;84;87;88;90;92;93
1622;06/01/2016;8;12;13;16;17;24;40;47;48;54;63;73;75;78;82;88;89;90;95;98
1623;09/01/2016;4;12;13;14;15;29;45;46;59;60;63;65;75;83;85;92;94;96;97;99
1624;13/01/2016;1;2;28;33;39;50;53;55;58;64;66;70;72;74;76;79;85;89;92;98
1625;16/01/2016;0;12;16;19;25;31;32;35;36;43;45;54;57;61;62;75;82;92;95;97
1626;20/01/2016;7;13;15;17;23;28;31;34;41;42;50;59;61;64;67;70;81;88;90;93
1627;23/01/2016;0;2;10;14;20;27;37;42;59;61;62;64;72;73;79;87;90;94;96;99
1628;27/01/2016;2;8;24;26;28;29;47;56;57;62;66;67;71;72;74;76;77;82;84;91
1629;30/01/2016;7;12;19;20;23;24;29;49;53;55;57;67;68;71;73;74;80;88;97;99
1630;03/02/2016;2;8;17;19;21;30;31;35;36;39;43;44;46;56;59;69;79;82;88;95
1631;06/02/2016;8;13;15;16;18;21;26;34;35;42;43;48;49;50;53;58;65;84;91;96
1632;10/02/2016;5;9;18;26;32;38;39;47;52;59;62;63;65;67;72;79;81;82;88;99
1633;13/02/2016;1;2;7;14;21;25;26;38;43;46;51;56;61;72;77;84;88;89;92;96
1634;17/02/2016;2;24;26;29;30;31;40;44;45;50;54;61;65;67;69;74;75;81;93;99
1635;20/02/2016;9;16;23;27;28;29;30;34;39;45;48;57;60;68;72;73;77;83;84;91
1636;24/02/2016;3;7;9;12;16;20;25;31;32;40;42;51;52;55;66;70;72;77;85;92
1637;27/02/2016;1;5;10;11;13;15;36;37;48;49;52;59;64;65;66;67;70;76;88;98
1638;02/03/2016;1;4;11;20;26;30;38;40;49;51;65;66;68;73;79;80;86;87;91;97
1639;05/03/2016;2;3;5;10;22;23;28;33;38;42;54;60;63;75;76;77;78;86;88;98
1640;09/03/2016;1;19;24;35;38;41;45;48;49;55;65;66;74;82;87;91;92;93;97;99
1641;12/03/2016;10;17;21;26;29;30;34;38;42;50;52;55;58;66;70;71;87;92;96;99
1642;16/03/2016;6;16;20;26;29;34;37;39;53;60;64;66;72;75;76;80;83;92;94;98
1643;19/03/2016;0;10;15;21;25;30;34;35;45;46;51;56;59;60;63;64;75;76;81;97
1644;26/03/2016;4;6;21;27;29;30;41;46;56;58;61;65;66;76;81;82;83;87;89;98
1645;30/03/2016;4;8;12;13;22;23;28;35;41;46;67;70;75;79;83;84;87;88;92;97
1646;02/04/2016;2;9;15;16;23;24;25;30;34;38;41;46;55;58;66;68;83;96;97;98
1647;06/04/2016;0;3;6;10;20;25;28;34;44;46;52;56;57;67;71;78;86;89;91;98
1648;09/04/2016;9;20;21;22;33;36;38;41;42;53;56;57;60;61;68;74;88;95;96;97
1649;13/04/2016;3;6;7;12;17;19;22;23;26;27;50;51;56;63;70;74;76;79;90;99
1650;16/04/2016;1;4;10;13;17;40;43;45;50;56;59;60;63;67;70;76;78;84;89;92
1651;20/04/2016;2;4;17;26;49;50;55;59;62;65;67;68;69;70;76;81;84;86;89;95
1652;23/04/2016;1;5;8;11;13;14;19;36;39;45;54;65;71;74;77;83;90;91;92;98
1653;29/04/2016;5;10;18;24;27;33;34;42;44;47;48;58;71;79;80;81;86;93;96;98
1654;03/05/2016;0;3;8;9;14;17;28;29;30;31;32;39;52;60;63;69;77;82;88;94
1655;06/05/2016;3;7;10;14;15;16;19;22;34;37;39;42;49;51;53;60;76;82;84;98
1656;10/05/2016;0;12;13;15;40;47;52;53;54;60;62;68;69;70;71;75;80;81;85;91
1657;13/05/2016;6;10;19;21;30;33;35;52;53;54;64;67;73;74;82;90;91;92;95;98
1658;18/05/2016;7;17;22;24;32;37;39;40;49;52;54;60;63;68;84;85;88;92;93;97
1659;20/05/2016;9;12;18;21;34;35;38;42;43;48;50;54;59;71;79;87;88;90;92;96
1660;24/05/2016;9;16;36;39;42;51;53;57;61;62;67;68;71;77;78;79;83;85;89;98
1661;27/05/2016;3;5;7;10;14;26;29;34;42;43;46;49;50;66;69;71;73;76;79;82
1662;31/05/2016;2;5;6;16;25;28;31;33;35;40;54;57;64;70;77;78;82;88;93;99
1663;03/06/2016;3;10;15;28;32;36;41;43;47;52;53;55;63;66;67;68;72;77;86;90
1664;07/06/2016;16;20;36;39;45;47;49;52;54;56;57;62;70;74;78;81;89;93;95;98
1665;10/06/2016;2;4;16;19;26;28;29;30;45;59;61;66;68;72;76;77;85;86;96;99
1666;14/06/2016;1;8;15;18;19;21;23;34;41;50;52;53;55;61;67;68;72;78;88;92
1667;17/06/2016;3;5;8;18;20;27;29;41;45;50;60;61;62;69;71;78;87;88;94;96
1668;21/06/2016;6;7;9;11;19;21;25;38;39;42;50;51;59;61;62;67;68;96;98;99
1669;24/06/2016;1;9;17;22;31;33;37;43;47;55;62;66;67;68;70;77;83;92;95;99
1670;28/06/2016;0;7;9;10;15;19;29;31;36;37;44;56;58;67;72;81;88;92;93;95
1671;01/07/2016;9;12;14;17;19;20;22;23;33;34;39;42;68;71;72;76;82;87;96;97
1672;05/07/2016;2;4;5;7;13;23;24;28;30;35;43;44;52;54;58;65;77;90;94;95
1673;08/07/2016;2;10;13;17;18;25;31;35;38;40;44;45;52;58;62;66;67;93;95;97
1674;12/07/2016;2;5;14;16;18;19;25;26;29;33;36;37;44;48;62;67;68;91;96;97
1675;15/07/2016;8;10;15;19;21;27;31;37;38;39;40;51;55;58;76;81;82;93;96;97
1676;19/07/2016;4;8;10;14;15;23;32;36;40;44;53;60;61;62;79;82;87;88;92;96
1677;22/07/2016;4;10;17;24;26;28;30;46;50;57;62;64;67;69;70;73;79;84;90;91
1678;26/07/2016;1;15;16;25;29;38;41;51;53;56;58;60;65;66;68;76;79;81;96;99
1679;29/07/2016;11;13;19;20;22;27;28;29;32;33;36;39;41;55;65;66;69;81;87;97
1680;02/08/2016;0;7;15;24;26;29;30;31;36;37;43;47;56;60;65;68;78;86;97;98
1681;05/08/2016;14;15;19;29;31;37;42;47;49;59;64;67;69;71;72;78;80;91;92;99
1682;09/08/2016;5;7;8;15;23;31;37;38;39;42;54;57;61;65;79;89;91;92;93;99
1683;12/08/2016;1;4;8;9;30;34;35;49;50;57;59;62;63;68;78;80;91;95;96;99
1684;16/08/2016;0;3;5;12;16;19;20;22;23;25;26;31;41;49;55;59;63;66;85;91
1685;19/08/2016;0;9;13;14;15;17;18;22;26;45;49;51;61;62;69;77;79;82;83;88
1686;23/08/2016;1;8;18;21;22;24;25;26;27;31;32;37;39;41;47;53;68;78;87;94
1687;26/08/2016;0;2;16;24;28;32;33;35;37;39;44;57;65;67;71;78;81;83;90;98
1688;30/08/2016;3;5;9;19;23;24;25;29;31;51;57;60;63;72;74;76;78;81;86;98
1689;02/09/2016;3;8;9;15;26;34;40;41;43;48;54;56;57;60;64;70;76;87;91;98
1690;06/09/2016;3;8;10;12;14;30;31;37;43;47;58;61;64;70;80;81;83;85;86;93
1691;09/09/2016;0;3;8;9;11;13;23;29;33;39;44;49;64;65;68;74;78;81;90;93
1692;13/09/2016;0;3;6;15;28;33;37;46;47;51;56;63;65;67;70;74;80;84;87;93
1693;16/09/2016;8;9;10;13;18;23;29;32;48;49;52;57;61;64;68;69;70;78;79;92
1694;20/09/2016;4;8;10;15;37;46;51;53;55;58;70;81;85;86;91;92;93;94;95;98
1695;23/09/2016;12;19;31;33;39;40;41;42;49;54;58;63;69;71;77;83;86;89;92;99
1696;27/09/2016;8;10;22;29;31;34;38;39;41;46;50;51;57;58;63;73;85;87;88;90
1697;30/09/2016;9;12;28;33;37;39;40;41;47;59;64;79;83;84;85;88;93;94;96;98
1698;04/10/2016;4;7;9;14;15;17;20;23;27;31;33;44;45;53;54;74;82;85;90;96
1699;07/10/2016;4;5;8;12;13;14;16;19;23;29;40;46;56;59;63;67;71;73;76;91
1700;11/10/2016;16;17;22;25;30;36;44;48;49;58;64;67;70;73;78;79;85;88;91;99
1701;14/10/2016;6;11;14;15;21;25;26;28;30;33;35;36;40;54;55;65;80;83;86;89
1702;18/10/2016;2;4;8;10;12;15;20;27;30;31;58;66;70;71;72;76;86;90;95;98
1703;21/10/2016;9;25;30;33;35;40;44;49;56;57;62;66;68;72;78;81;82;85;89;91
1704;25/10/2016;0;11;12;13;21;24;29;31;37;47;52;55;56;59;64;70;75;76;87;97
1705;28/10/2016;5;7;18;21;23;27;30;43;45;52;56;57;59;61;69;70;76;83;89;93
1706;01/11/2016;1;17;22;24;26;45;48;51;58;61;71;73;75;76;80;83;84;89;91;98
1707;04/11/2016;9;13;15;20;25;26;29;37;43;44;50;55;56;57;60;68;73;77;83;89
1708;08/11/2016;0;1;2;13;14;17;24;29;33;44;49;50;51;52;53;60;67;69;95;98
1709;11/11/2016;3;4;21;27;28;29;30;32;41;44;47;50;52;53;58;67;72;85;94;99
1710;16/11/2016;5;9;11;15;16;17;24;28;35;41;44;51;52;56;58;63;71;81;87;97
1711;18/11/2016;3;4;8;10;14;15;18;19;21;52;59;60;68;73;75;80;81;88;91;98
1712;22/11/2016;0;1;12;26;29;31;33;35;44;47;61;65;66;73;76;77;83;89;90;99
1713;25/11/2016;1;4;14;21;25;26;29;30;35;41;43;50;60;61;73;80;82;88;94;99
1714;29/11/2016;2;7;9;12;23;25;34;35;45;46;48;51;53;57;62;74;76;80;88;90
1715;02/12/2016;7;8;11;18;23;25;26;34;38;40;42;43;51;58;70;72;85;93;94;97
1716;06/12/2016;5;9;15;24;27;36;39;40;50;52;54;55;60;63;66;69;73;75;82;96
1717;09/12/2016;3;5;11;13;21;23;24;32;33;39;46;47;49;60;73;74;79;86;93;94
1718;13/12/2016;3;4;5;6;16;19;28;35;44;45;54;55;60;61;78;80;86;87;90;93
1719;16/12/2016;21;39;40;43;63;66;68;70;72;73;76;77;80;87;90;91;94;95;97;98
1720;20/12/2016;0;4;6;17;22;24;31;33;39;54;59;63;66;75;80;83;92;94;95;97
1721;23/12/2016;9;11;14;20;24;26;27;29;34;38;43;44;45;48;52;57;59;61;86;95
1722;27/12/2016;11;15;25;30;34;40;41;60;61;62;63;64;69;73;74;78;81;85;86;92
1723;30/12/2016;1;3;18;19;21;24;26;35;36;39;44;49;50;62;72;80;81;85;86;98
1724;03/01/2017;6;10;15;18;20;21;22;38;49;55;57;59;68;69;70;81;82;87;90;93
1725;06/01/2017;0;4;7;10;19;25;27;31;36;41;48;56;60;64;69;78;79;87;90;95
1726;10/01/2017;6;7;14;17;18;23;27;31;44;46;55;56;66;79;82;87;89;95;96;98
1727;13/01/2017;5;11;12;13;14;19;22;23;25;26;44;49;55;62;65;82;88;89;90;91
1728;17/01/2017;2;17;24;25;27;35;38;39;42;43;46;48;57;58;61;70;77;81;89;99
1729;20/01/2017;3;6;7;10;14;16;22;27;29;31;34;37;39;43;55;56;61;64;74;96
1730;24/01/2017;4;8;10;21;24;25;31;38;53;58;59;61;64;66;72;73;76;79;92;97
1731;27/01/2017;15;16;20;31;36;37;38;40;41;43;45;54;56;58;61;76;77;79;83;99
1732;31/01/2017;6;18;22;23;27;30;32;40;45;53;60;65;71;76;79;81;82;85;88;99
1733;03/02/2017;5;10;13;15;18;20;21;33;34;49;50;55;63;69;75;81;86;89;90;91
1734;07/02/2017;0;2;6;17;27;31;49;50;52;60;61;63;64;70;78;82;85;86;95;96
1735;10/02/2017;2;16;23;28;30;31;34;37;39;41;43;59;65;66;69;73;74;77;95;96
1736;14/02/2017;1;8;10;17;19;25;44;48;49;60;63;68;73;74;80;82;84;95;96;98
1737;17/02/2017;7;33;37;38;40;51;59;60;61;63;65;67;68;71;72;74;77;83;85;93
1738;21/02/2017;6;8;15;24;30;35;37;45;47;50;54;58;59;68;70;73;77;83;93;97
1739;24/02/2017;0;3;13;14;22;43;46;55;62;65;67;69;71;75;77;83;84;85;89;91
1740;01/03/2017;12;14;23;25;29;32;35;40;43;51;53;60;64;82;83;88;89;96;97;98
1741;03/03/2017;4;5;22;24;28;30;32;38;39;40;43;46;53;55;57;59;60;63;64;82
1742;07/03/2017;4;5;10;19;23;26;29;31;32;36;44;49;60;63;66;75;84;89;94;99
1743;10/03/2017;1;6;13;15;30;43;47;50;55;63;68;74;75;78;79;80;81;82;86;90
1744;14/03/2017;2;5;6;8;34;35;36;37;53;56;65;70;72;77;78;83;87;92;96;97
1745;17/03/2017;4;7;9;10;17;30;39;42;44;48;51;55;59;74;75;77;80;82;88;92
1746;21/03/2017;3;11;12;14;30;31;33;38;43;44;48;60;62;64;65;67;79;85;90;93
1747;24/03/2017;1;7;8;16;21;38;41;49;51;53;56;58;59;64;66;69;73;75;79;97
1748;28/03/2017;1;4;5;6;13;14;27;37;38;44;47;50;61;72;77;79;84;93;94;98
1749;31/03/2017;2;16;17;20;22;33;34;49;54;60;63;66;68;69;71;73;83;86;89;90
1750;04/04/2017;3;8;10;11;23;28;39;41;44;49;51;52;55;59;68;69;74;76;78;81
1751;07/04/2017;1;8;17;19;29;31;37;40;42;43;45;47;50;53;62;66;70;80;94;96
1752;11/04/2017;8;12;17;19;21;26;33;35;42;57;62;66;73;83;85;87;90;93;98;99
1753;13/04/2017;3;6;10;25;26;33;40;43;45;49;51;65;71;72;75;79;83;84;93;99
1754;18/04/2017;8;9;16;42;44;48;50;52;54;55;57;62;66;74;79;80;84;88;90;99
1755;20/04/2017;0;2;13;26;28;34;35;38;40;42;43;52;53;56;60;74;75;77;78;92
1756;25/04/2017;11;14;15;19;34;37;50;52;58;63;64;66;67;68;71;78;79;89;94;96
1757;28/04/2017;3;5;10;11;22;28;33;37;39;40;44;48;49;55;61;62;70;80;92;98
1758;02/05/2017;2;4;5;11;22;23;25;27;30;35;36;47;48;62;63;68;69;86;94;98
1759;05/05/2017;9;15;21;23;27;28;37;39;44;45;50;66;69;70;81;86;88;92;96;97
1760;09/05/2017;9;12;16;21;22;26;28;38;41;43;44;51;53;57;69;70;76;89;91;93
1761;12/05/2017;1;6;12;15;17;20;22;29;31;36;41;60;61;75;78;82;88;93;94;97
1762;16/05/2017;1;2;8;19;25;32;39;47;54;59;67;70;72;79;80;83;84;89;95;97
1763;19/05/2017;1;6;7;15;21;31;36;37;39;41;42;74;78;80;83;84;85;86;95;96
1764;23/05/2017;2;7;20;22;24;27;35;36;39;41;55;57;58;61;70;79;83;84;92;95
1765;26/05/2017;0;8;11;12;17;20;21;23;36;37;38;41;42;45;52;56;60;64;79;97
1766;30/05/2017;0;1;5;8;13;17;19;29;30;33;44;48;49;62;66;69;76;91;97;99
1767;02/06/2017;3;6;7;12;17;26;28;29;35;47;49;59;69;70;72;79;84;85;89;97
1768;06/06/2017;1;2;6;8;15;21;25;27;38;41;49;62;67;73;75;77;80;83;87;91
1769;09/06/2017;3;7;9;13;15;22;27;30;35;39;47;54;57;70;72;74;79;80;82;86
1770;13/06/2017;8;11;13;17;21;22;25;28;35;36;37;50;60;63;71;74;76;77;86;90
1771;16/06/2017;6;8;15;18;20;26;28;33;38;40;47;48;52;56;57;61;68;83;86;94
1772;20/06/2017;8;13;19;24;26;28;29;36;40;43;47;49;54;59;70;75;82;83;93;94
1773;23/06/2017;0;3;10;13;19;20;27;31;33;41;46;48;58;59;68;76;79;83;86;90
1774;27/06/2017;3;12;21;24;29;34;37;46;47;48;50;53;56;61;65;70;84;87;93;95
1775;30/06/2017;8;14;18;32;35;38;43;45;51;53;67;74;75;80;85;89;92;95;96;99
1776;04/07/2017;3;4;6;10;13;21;24;29;31;32;35;43;49;57;64;65;67;72;79;95
1777;07/07/2017;1;12;23;26;34;38;46;48;60;63;65;70;75;82;83;84;89;93;95;99
1778;11/07/2017;1;3;4;6;9;10;15;16;26;30;31;38;50;63;65;76;84;90;91;97
1779;14/07/2017;0;1;16;18;20;26;28;33;40;45;46;49;51;52;62;63;67;77;81;84
1780;18/07/2017;8;11;12;13;14;15;16;18;20;25;27;31;45;53;64;68;75;77;82;99
1781;21/07/2017;10;17;18;20;28;30;34;36;38;46;55;56;62;67;70;72;76;89;93;95
1782;25/07/2017;0;5;6;12;17;22;23;26;33;34;40;45;51;67;74;79;80;81;84;89
1783;28/07/2017;9;12;15;16;20;28;31;37;44;49;53;57;60;64;74;76;80;84;88;96
1784;01/08/2017;4;10;21;23;31;38;41;43;54;59;61;66;74;80;83;85;87;88;89;96
1785;04/08/2017;3;11;22;27;28;29;31;41;43;45;50;55;58;61;62;68;78;84;89;92
1786;08/08/2017;1;10;20;22;24;32;39;45;54;57;64;68;71;77;78;84;90;91;92;96
1787;11/08/2017;0;2;3;9;13;17;20;22;24;25;28;33;39;67;69;70;84;86;87;99
1788;15/08/2017;1;16;24;25;31;35;38;43;46;47;52;53;61;65;74;77;81;88;97;98
1789;18/08/2017;0;4;10;11;13;17;18;21;26;30;31;37;44;54;55;57;70;72;74;82
1790;22/08/2017;1;5;6;11;12;27;37;47;54;55;56;59;61;65;68;79;85;87;95;98
1791;25/08/2017;0;7;9;17;21;27;29;36;40;41;42;53;62;63;68;75;77;78;83;95
1792;29/08/2017;6;16;17;25;29;30;35;39;52;56;69;71;73;79;87;90;91;94;95;98
1793;01/09/2017;3;4;5;6;23;29;32;43;51;53;62;63;65;66;73;77;78;81;83;89
1794;05/09/2017;0;2;3;5;12;28;31;42;44;49;57;59;72;76;82;87;88;89;94;99
1795;08/09/2017;0;9;11;15;22;24;31;36;38;42;46;47;54;58;72;81;83;89;92;97
1796;12/09/2017;15;16;23;27;28;29;32;39;40;46;52;54;57;63;73;78;80;84;86;94
1797;15/09/2017;8;9;10;13;20;24;25;36;38;40;46;50;64;66;68;85;88;89;91;98
1798;19/09/2017;0;2;6;14;16;19;29;34;35;47;49;50;51;53;54;74;76;84;95;98
1799;22/09/2017;2;10;16;26;32;41;49;54;57;59;61;66;70;77;78;81;91;94;95;98
1800;26/09/2017;2;4;16;28;33;39;41;47;50;54;56;57;65;67;73;74;75;79;80;85
1801;29/09/2017;3;5;16;18;19;32;36;40;58;60;61;62;71;73;78;79;84;89;98;99
1802;03/10/2017;1;6;13;24;29;33;53;54;60;63;64;68;71;72;73;84;90;91;95;96
1803;06/10/2017;2;4;6;10;14;16;32;33;37;46;50;52;76;85;90;92;93;94;97;98
1804;10/10/2017;6;7;9;14;24;32;34;39;40;44;58;65;69;70;74;76;77;88;91;98
1805;13/10/2017;1;5;6;7;12;23;35;41;44;48;53;64;65;68;73;76;79;81;85;98
1806;17/10/2017;9;11;12;24;25;29;34;35;36;43;45;49;58;65;66;72;79;95;98;99
1807;20/10/2017;1;11;14;20;27;30;40;42;43;46;54;66;68;75;77;85;89;93;98;99
1808;24/10/2017;1;8;13;18;27;38;39;41;43;49;50;52;57;61;66;67;73;80;84;91
1809;27/10/2017;2;11;19;22;37;38;48;50;60;65;66;68;71;81;82;88;89;95;96;99
1810;31/10/2017;2;4;6;9;11;32;33;38;40;42;44;45;52;58;60;66;73;85;91;94
1811;03/11/2017;2;10;26;35;43;46;53;54;55;60;66;67;69;74;81;82;88;89;91;93
1812;07/11/2017;1;18;22;25;26;28;30;39;43;44;54;61;70;75;81;94;96;97;98;99
1813;10/11/2017;0;6;7;8;26;32;39;46;50;51;55;63;70;73;75;78;85;86;92;93
1814;14/11/2017;0;8;9;27;28;33;35;47;50;53;56;57;66;67;73;78;79;87;91;98
1815;17/11/2017;6;10;17;24;37;40;41;44;45;47;48;50;61;63;66;86;87;91;95;99
1816;21/11/2017;4;8;11;12;13;22;30;34;38;45;48;54;55;59;62;67;69;78;82;85
1817;24/11/2017;2;3;24;25;27;29;33;41;56;61;64;65;66;69;73;81;93;96;97;99
1818;28/11/2017;9;11;15;16;17;20;23;34;42;43;45;54;55;56;60;70;74;76;77;80
1819;01/12/2017;3;4;10;11;15;24;26;37;45;67;68;70;72;73;76;81;83;86;93;97
1820;05/12/2017;1;8;18;22;27;29;30;31;32;52;58;66;71;76;82;83;84;85;91;95
1821;08/12/2017;0;3;11;13;16;26;36;38;40;54;59;61;67;69;75;80;83;90;94;99
1822;12/12/2017;12;14;25;29;32;37;45;50;52;54;60;61;63;73;77;78;79;82;97;98
1823;15/12/2017;3;8;20;21;25;28;29;31;42;54;69;71;76;78;82;84;88;89;94;98
1824;19/12/2017;0;2;6;13;15;16;17;18;31;34;35;54;63;64;66;67;69;75;87;91
1825;22/12/2017;32;45;52;55;56;57;60;63;68;79;81;82;85;87;88;89;93;97;98;99
1826;26/12/2017;18;26;30;31;42;43;46;48;49;55;66;71;74;75;77;84;85;86;95;97
1827;29/12/2017;4;5;6;12;13;18;19;20;22;27;29;32;41;55;62;67;68;71;83;87
1828;02/01/2018;3;14;28;29;41;43;48;51;56;57;58;63;64;68;75;82;86;88;92;98
1829;05/01/2018;3;6;8;13;14;19;24;28;31;43;46;52;59;60;74;77;82;88;89;94
1830;09/01/2018;3;5;6;10;12;16;18;21;32;38;40;44;49;50;53;61;72;77;85;93
1831;12/01/2018;1;3;5;6;9;11;26;29;31;35;53;54;62;63;66;70;79;80;87;91
1832;16/01/2018;2;20;25;36;39;47;49;50;51;52;70;75;76;77;79;80;83;90;93;95
1833;19/01/2018;1;5;7;15;16;20;25;36;37;53;57;58;76;77;78;80;82;85;88;93
1834;23/01/2018;1;6;22;23;24;35;36;37;44;51;55;58;61;68;71;77;79;81;93;94
1835;26/01/2018;1;4;9;15;17;18;20;27;53;55;62;67;68;70;74;79;84;93;94;99
1836;30/01/2018;8;10;15;19;23;26;27;39;41;56;59;63;66;68;78;79;90;93;95;98
1837;02/02/2018;14;16;18;24;30;34;37;42;48;49;57;59;60;70;74;77;82;83;85;94
1838;06/02/2018;5;7;12;30;33;38;43;48;50;54;57;59;65;67;70;80;84;90;94;98
1839;09/02/2018;3;7;15;19;34;37;42;48;51;52;58;62;70;72;81;85;87;89;97;98
1840;14/02/2018;8;9;13;17;24;28;36;43;46;47;52;61;64;71;76;78;85;89;96;98
1841;17/02/2018;0;3;6;10;19;26;32;35;36;41;42;51;56;61;65;74;77;78;89;95
1842;20/02/2018;6;10;12;14;19;20;26;32;33;36;38;46;55;62;65;74;78;85;93;95
1843;23/02/2018;0;1;12;13;16;28;30;35;36;38;40;41;44;46;56;64;72;82;89;98
1844;27/02/2018;0;4;9;16;20;21;31;35;38;39;43;53;71;72;74;80;91;92;93;94
1845;02/03/2018;0;1;12;13;20;32;35;40;48;54;58;64;67;70;84;86;87;91;92;94
1846;06/03/2018;8;12;14;16;19;22;26;30;32;35;39;41;45;46;49;50;59;60;61;74
1847;09/03/2018;3;4;5;6;14;16;26;33;41;46;51;53;67;69;70;73;75;84;94;95
1848;13/03/2018;4;5;7;14;20;21;31;37;47;57;59;71;74;75;76;90;93;94;95;97
1849;16/03/2018;14;15;23;29;48;53;58;59;61;68;69;71;72;74;77;79;80;94;95;97
1850;20/03/2018;9;14;20;27;37;38;41;46;50;64;70;71;72;73;75;76;82;83;92;99
1851;23/03/2018;9;17;26;31;32;37;38;40;43;44;48;50;60;63;80;82;83;85;88;95
1852;27/03/2018;1;6;8;10;26;27;36;39;44;53;62;63;68;73;76;78;84;85;93;98
1853;29/03/2018;9;12;14;21;34;39;43;56;57;59;61;63;72;75;77;80;84;87;88;93
1854;03/04/2018;0;4;20;24;32;33;35;37;60;61;65;67;69;72;84;88;90;91;96;99
1855;06/04/2018;3;4;6;10;15;19;20;21;28;45;50;56;57;60;61;64;65;79;80;97
1856;10/04/2018;3;8;9;12;17;24;30;32;35;38;42;45;51;79;80;82;83;85;96;99
1857;13/04/2018;1;6;11;13;18;24;28;38;41;44;50;53;61;63;70;76;78;91;92;98
1858;17/04/2018;1;2;5;6;11;16;22;30;31;34;36;38;39;40;42;49;62;76;79;95
1859;20/04/2018;0;7;11;12;24;32;37;39;47;48;57;58;60;65;66;71;74;77;79;84
1860;24/04/2018;6;9;11;13;27;30;38;51;56;65;73;75;77;78;79;80;91;92;95;99
1861;27/04/2018;1;8;13;15;27;38;41;49;52;60;63;64;69;72;75;76;89;91;93;96
1862;02/05/2018;3;5;8;18;26;30;38;43;44;46;49;54;60;61;65;70;71;72;87;95
1863;04/05/2018;2;8;14;17;22;33;34;43;44;48;53;56;60;70;72;78;79;83;85;97
1864;08/05/2018;2;7;11;22;24;34;42;45;51;52;56;58;62;64;68;75;79;94;96;99
1865;11/05/2018;0;1;8;14;17;31;41;45;49;51;58;61;62;66;67;75;81;86;92;97
1866;15/05/2018;5;17;19;22;24;26;33;40;52;61;62;64;67;69;70;73;75;79;83;99
1867;18/05/2018;3;5;10;15;20;38;39;45;50;53;57;60;64;72;77;79;85;86;96;99
1868;22/05/2018;0;8;12;22;27;29;31;39;40;42;47;48;51;60;61;64;87;89;95;99
1869;25/05/2018;12;13;18;20;21;26;27;30;32;33;36;41;43;48;49;65;75;83;95;96
1870;29/05/2018;0;1;3;11;12;18;21;23;25;36;38;39;40;42;44;49;79;80;95;98
1871;01/06/2018;1;4;7;10;23;27;32;33;35;36;40;45;54;56;60;77;84;86;91;92
1872;05/06/2018;3;6;10;11;18;38;50;52;60;62;65;70;72;74;81;83;84;90;92;95
1873;08/06/2018;2;8;10;23;26;28;35;39;40;41;43;51;58;65;66;68;74;76;86;91
1874;12/06/2018;0;1;8;13;23;34;35;37;38;41;44;55;65;66;70;71;72;74;78;90
1875;15/06/2018;3;4;5;6;8;17;18;20;25;27;31;46;49;50;67;72;73;88;91;99
1876;19/06/2018;10;17;22;24;29;33;39;40;44;48;50;62;64;66;74;76;86;90;93;95
1877;22/06/2018;3;4;11;19;26;28;33;38;44;46;57;67;70;81;82;85;88;93;94;98
1878;26/06/2018;2;9;11;14;15;25;29;47;51;57;58;69;70;78;82;84;86;88;91;99
1879;29/06/2018;2;7;8;12;20;22;23;29;34;35;39;50;51;57;60;62;64;79;82;86
1880;03/07/2018;0;3;4;13;17;24;31;32;36;46;48;54;58;61;67;75;82;90;96;97
1881;06/07/2018;0;2;21;22;25;27;29;45;46;55;60;64;66;70;74;79;89;93;95;96
1882;10/07/2018;1;2;8;16;24;32;36;41;42;44;47;51;54;62;69;75;77;80;90;98
1883;13/07/2018;1;8;13;18;26;31;37;38;39;42;47;49;52;53;57;63;67;70;73;83
1884;17/07/2018;0;5;7;10;14;16;22;24;34;37;38;39;55;64;67;77;80;81;83;98
1885;20/07/2018;2;4;5;11;19;25;27;28;30;38;39;41;57;61;66;72;74;78;79;85
1886;24/07/2018;7;16;17;18;19;25;39;41;42;43;45;56;58;59;67;81;88;91;94;97
1887;27/07/2018;5;7;13;14;16;28;32;33;40;43;54;56;57;64;67;68;70;74;85;87
1888;31/07/2018;2;5;7;9;10;23;25;27;32;42;46;52;62;73;78;82;91;93;98;99
1889;03/08/2018;9;13;14;18;29;34;44;46;47;51;52;55;58;67;77;79;81;82;83;93
1890;07/08/2018;1;2;5;12;17;20;25;33;41;49;54;55;59;60;65;70;81;84;93;99
1891;10/08/2018;2;6;7;9;15;23;28;44;46;57;58;59;65;68;75;79;81;91;97;98
1892;14/08/2018;1;6;13;16;17;29;30;33;43;50;51;52;56;60;62;76;78;82;83;86
1893;17/08/2018;4;13;15;17;20;26;29;30;43;49;53;57;58;60;71;74;80;83;89;95
1894;21/08/2018;3;6;10;12;16;20;21;23;24;31;33;43;46;50;60;75;78;87;90;93
1895;24/08/2018;6;7;9;15;17;23;26;31;47;59;61;62;65;77;79;82;83;86;87;94
1896;28/08/2018;0;2;4;21;22;27;28;40;45;46;52;57;62;70;77;85;86;87;90;92
1897;31/08/2018;0;4;7;11;19;21;37;38;54;56;59;63;68;69;72;73;76;79;81;99
1898;04/09/2018;0;1;16;23;26;27;31;34;39;40;49;55;64;71;72;73;76;78;87;90
1899;08/09/2018;0;12;16;18;36;37;39;43;53;55;57;61;63;71;75;77;89;93;96;97
1900;11/09/2018;3;15;21;24;25;38;43;44;50;52;56;57;58;75;82;83;88;91;97;99
1901;14/09/2018;5;6;15;16;19;22;25;30;31;41;44;50;61;64;66;76;86;88;89;96
1902;18/09/2018;12;15;20;23;34;43;48;56;58;60;61;62;72;80;83;84;85;90;97;99
1903;21/09/2018;1;3;5;15;16;18;21;22;25;28;40;41;64;71;74;75;79;88;90;97
1904;25/09/2018;3;4;5;8;9;19;23;24;31;33;48;52;53;54;65;76;84;87;94;97
1905;28/09/2018;2;8;13;15;19;25;28;29;30;49;52;53;59;66;68;71;76;89;91;99
1906;02/10/2018;1;3;10;17;36;40;43;47;48;50;64;73;82;83;86;90;92;94;96;99
1907;05/10/2018;2;9;26;31;36;39;47;49;52;54;55;56;57;60;61;63;70;77;79;89
1908;09/10/2018;8;16;17;22;23;26;29;34;36;40;42;43;55;56;67;69;71;73;80;86
1909;13/10/2018;4;7;10;18;20;21;27;28;33;36;42;49;51;53;54;69;73;81;84;94
1910;16/10/2018;3;11;23;27;48;52;53;57;60;62;69;79;80;85;86;87;89;92;93;99
1911;19/10/2018;0;2;4;8;14;18;28;33;37;40;42;45;56;62;67;75;77;79;80;83
1912;23/10/2018;11;13;14;15;24;28;36;37;47;56;62;68;69;79;84;85;88;91;94;95
1913;26/10/2018;7;13;21;29;30;31;42;43;51;53;63;64;67;69;74;77;83;89;92;98
1914;30/10/2018;0;2;5;6;14;18;19;24;25;30;42;47;66;67;73;81;89;91;95;97
1915;03/11/2018;7;13;16;33;38;40;42;44;56;57;61;64;65;67;74;75;80;84;89;96
1916;06/11/2018;3;16;17;26;31;33;36;42;43;52;55;59;61;69;71;75;86;89;94;99
1917;09/11/2018;0;1;3;5;8;20;30;33;38;49;50;52;59;61;70;78;83;90;97;99
1918;13/11/2018;1;7;26;31;35;40;44;46;47;59;64;65;67;79;83;90;92;94;95;97
1919;16/11/2018;4;5;6;13;16;37;40;43;46;50;51;57;59;68;73;75;83;86;93;95
1920;20/11/2018;2;9;10;13;30;34;35;42;48;49;53;60;66;72;79;87;88;90;93;99
1921;23/11/2018;1;3;7;24;38;40;48;53;54;62;68;75;82;83;85;87;91;92;94;95
1922;27/11/2018;2;5;11;13;24;26;29;38;43;44;45;48;53;57;58;82;86;88;90;95
1923;30/11/2018;2;17;20;24;26;29;38;58;64;66;68;70;78;79;80;81;82;87;88;93
1924;04/12/2018;1;10;12;21;27;28;29;38;42;49;64;65;66;67;68;71;72;73;88;93
1925;07/12/2018;2;3;5;7;8;10;11;12;16;17;33;40;43;50;56;65;66;80;84;89
1926;11/12/2018;2;10;12;17;18;28;32;33;36;44;46;50;58;64;67;68;69;71;75;99
1927;14/12/2018;2;8;9;15;20;25;35;40;42;48;59;60;61;72;77;81;83;84;86;99
1928;18/12/2018;0;11;12;20;33;35;37;38;40;43;45;47;62;66;73;76;81;85;94;99
1929;21/12/2018;6;12;14;16;27;32;42;48;52;61;63;69;71;77;78;84;88;89;90;99
1930;26/12/2018;15;20;22;29;37;38;42;49;52;54;55;59;65;68;75;76;84;94;97;99
1931;28/12/2018;1;9;12;13;28;32;39;46;50;61;63;64;66;79;83;85;88;90;94;99
1932;04/01/2019;1;4;5;9;11;15;19;30;35;38;45;60;70;71;79;81;84;91;92;94
1933;08/01/2019;0;3;5;8;16;18;21;23;29;30;32;36;43;54;58;59;71;72;86;98
1934;11/01/2019;11;14;26;28;29;30;36;46;47;48;62;73;80;83;84;85;86;88;95;98
1935;15/01/2019;11;13;21;24;32;34;37;40;44;45;51;54;55;59;65;73;85;86;90;93
1936;18/01/2019;10;15;18;20;25;28;29;44;48;52;55;57;63;64;70;77;88;89;91;97
1937;22/01/2019;2;9;11;16;17;25;27;31;46;47;50;56;65;68;72;75;76;80;87;97
1938;25/01/2019;0;5;13;17;27;32;33;34;35;38;45;47;51;58;63;71;83;88;89;91
1939;29/01/2019;2;3;7;10;11;16;18;23;24;25;27;29;30;34;41;46;55;60;81;83
1940;01/02/2019;0;14;19;22;30;31;32;35;43;47;48;62;70;74;76;83;84;87;96;99
1941;05/02/2019;10;11;14;21;29;34;41;46;48;58;61;68;69;70;72;81;91;94;96;97
1942;08/02/2019;2;3;6;9;10;15;19;23;24;40;49;51;56;61;80;88;91;93;94;96
1943;12/02/2019;0;10;19;24;31;35;38;41;42;46;47;49;55;64;65;76;84;85;86;92
1944;15/02/2019;5;8;9;11;12;17;26;30;37;38;43;57;63;64;72;74;84;85;87;94
1945;20/02/2019;1;2;6;10;12;13;24;29;36;39;44;45;47;48;52;55;58;64;75;84
1946;22/02/2019;8;13;14;15;17;27;35;46;50;51;52;65;70;76;80;86;93;97;98;99
1947;26/02/2019;0;11;13;21;29;30;33;35;50;51;60;63;70;73;77;87;90;91;96;99
1948;01/03/2019;3;6;7;13;20;21;22;29;35;50;52;53;65;73;82;83;86;87;91;95
1949;06/03/2019;0;1;4;5;8;10;16;38;47;48;51;64;67;75;76;77;78;83;85;97
1950;08/03/2019;3;9;12;13;15;20;26;28;33;37;44;46;60;61;62;68;85;88;90;98
1951;12/03/2019;6;11;12;13;19;23;26;37;42;47;52;53;64;68;70;71;72;77;86;96
1952;15/03/2019;8;9;18;21;27;31;33;34;42;43;45;59;66;70;72;75;80;84;90;94
1953;19/03/2019;0;7;20;23;31;34;35;36;53;54;58;59;65;71;83;87;94;95;98;99
1954;22/03/2019;0;1;2;11;21;25;31;38;44;55;59;64;67;68;70;74;78;79;89;90
1955;26/03/2019;5;16;18;19;21;23;27;34;35;36;38;39;40;45;46;49;57;71;91;96
1956;29/03/2019;3;14;18;37;38;42;44;52;61;62;69;73;74;78;88;90;92;93;94;99
1957;02/04/2019;8;11;12;19;33;35;38;45;46;53;57;59;61;64;82;83;89;92;93;94
1958;05/04/2019;2;4;6;10;11;15;22;28;34;36;38;46;48;53;61;63;77;80;87;99
1959;09/04/2019;2;6;16;17;20;29;30;33;37;44;45;52;60;63;70;74;75;81;92;99
1960;12/04/2019;6;10;11;12;26;30;31;38;43;45;54;67;69;77;79;82;84;91;92;99
1961;16/04/2019;8;9;11;12;13;17;26;33;37;41;51;58;63;65;68;77;80;86;89;90
1962;20/04/2019;0;1;7;13;21;24;25;32;34;36;37;50;54;60;61;73;80;92;93;98
1963;23/04/2019;8;9;19;30;36;40;42;53;54;55;59;62;63;66;71;74;87;88;97;99
1964;26/04/2019;8;9;17;22;24;34;35;43;49;52;56;57;58;67;75;81;83;91;93;96
1965;30/04/2019;9;12;13;18;22;32;34;41;51;53;56;66;70;80;82;85;94;95;98;99
1966;03/05/2019;6;7;11;18;19;24;38;42;47;48;56;58;63;65;68;73;77;79;81;90
1967;07/05/2019;3;6;12;15;25;26;27;28;47;50;56;69;71;85;87;89;90;93;95;97
1968;10/05/2019;2;4;8;12;13;17;21;22;31;53;54;56;68;69;82;86;93;94;97;98
1969;14/05/2019;1;8;10;16;17;20;22;35;38;48;56;59;62;64;67;80;81;84;94;98
1970;17/05/2019;6;8;9;25;28;30;37;48;51;57;59;62;63;72;73;81;83;84;90;98
1971;21/05/2019;1;4;5;7;15;21;23;25;26;27;28;34;44;45;67;69;78;87;92;99
1972;24/05/2019;0;2;7;12;25;26;31;37;40;41;48;54;61;75;78;80;83;85;95;96
1973;28/05/2019;0;9;10;18;19;21;29;37;41;43;49;56;58;59;61;65;73;90;91;94
1974;31/05/2019;6;11;18;19;31;34;35;52;53;57;69;72;76;77;82;90;92;93;96;97
1975;04/06/2019;0;3;6;7;22;23;25;26;31;32;40;41;42;45;52;53;64;65;67;71
1976;07/06/2019;6;16;18;20;21;46;47;48;50;54;55;59;69;71;72;73;80;83;87;94
1977;11/06/2019;1;3;6;8;9;11;18;20;26;31;32;37;49;68;71;75;77;86;87;91
1978;14/06/2019;3;8;20;22;28;30;37;38;43;58;68;80;82;84;86;88;89;91;95;98
1979;18/06/2019;3;10;26;29;31;36;40;56;58;62;66;68;74;77;79;87;88;92;93;95
1980;21/06/2019;0;1;8;9;11;15;16;27;54;58;61;63;67;68;69;78;79;89;93;95
1981;25/06/2019;0;5;14;27;30;34;36;40;43;44;55;65;68;76;78;85;88;92;98;99
1982;28/06/2019;2;14;26;27;33;35;37;40;45;48;54;55;64;65;66;76;83;87;88;90
1983;02/07/2019;4;5;10;12;17;18;19;24;30;34;41;61;66;70;71;73;74;81;95;98
1984;05/07/2019;0;8;10;17;24;29;35;39;42;43;55;74;75;78;79;85;86;89;92;94
1985;09/07/2019;1;10;12;14;22;26;31;35;37;41;44;48;54;55;56;66;72;78;87;95
1986;12/07/2019;8;9;10;38;39;40;43;48;53;54;55;58;67;68;71;74;76;83;89;91
1987;16/07/2019;0;3;11;13;18;19;21;31;37;42;43;44;50;53;57;68;69;78;92;98
1988;19/07/2019;1;3;5;8;24;51;54;65;71;76;78;82;83;84;86;88;90;91;93;99
1989;23/07/2019;2;11;17;20;21;27;31;34;37;38;41;44;45;48;51;53;64;79;88;96
1990;26/07/2019;2;3;6;10;12;25;31;35;42;43;50;57;61;66;69;74;75;80;86;88
1991;30/07/2019;7;18;22;24;31;35;43;53;56;57;61;63;67;70;77;81;90;91;92;97
1992;02/08/2019;5;9;21;44;46;49;58;59;64;65;70;72;73;74;78;90;91;92;95;96
1993;06/08/2019;0;6;7;8;12;13;24;30;32;41;48;52;69;73;74;82;83;89;92;94
1994;09/08/2019;2;3;4;7;16;21;26;34;37;42;44;50;60;71;85;86;88;90;92;95
1995;13/08/2019;7;11;16;28;34;38;44;65;72;73;75;79;80;81;82;91;94;95;98;99
1996;16/08/2019;1;11;15;23;28;30;31;40;43;44;51;57;66;68;86;90;93;94;96;99
1997;20/08/2019;5;6;9;16;17;22;30;31;36;43;50;55;58;61;68;69;72;80;81;92
1998;23/08/2019;3;4;10;16;21;24;29;31;38;39;42;62;64;68;74;76;81;90;91;98
1999;27/08/2019;12;15;18;20;26;33;35;39;45;47;54;61;63;64;66;76;77;84;85;91
2000;30/08/2019;5;17;20;22;25;28;33;38;39;61;62;65;66;70;73;74;83;87;93;98
2001;03/09/2019;1;3;11;17;19;29;31;35;49;50;53;57;63;79;83;87;89;91;95;99
2002;06/09/2019;8;31;32;43;53;54;56;57;65;69;76;79;80;82;87;88;91;97;98;99
2003;10/09/2019;5;7;16;17;24;25;26;33;36;47;50;53;78;79;81;85;86;87;91;99
2004;13/09/2019;14;21;23;28;32;35;37;40;47;48;51;63;69;72;74;84;86;88;91;99
2005;17/09/2019;1;9;11;26;30;35;40;42;55;60;63;64;69;71;72;76;83;91;92;96
2006;20/09/2019;5;6;8;14;15;16;24;25;26;35;37;44;54;63;64;69;72;74;90;97
2007;24/09/2019;0;3;9;10;21;24;33;38;53;60;61;65;77;78;80;81;83;84;95;98
2008;27/09/2019;1;11;14;16;18;26;28;29;32;35;41;42;43;45;52;70;78;84;88;96
2009;01/10/2019;4;7;10;15;20;21;23;26;33;34;39;40;43;53;66;69;75;79;82;91
2010;04/10/2019;0;5;8;10;20;22;27;33;39;43;48;53;62;68;69;74;79;84;93;98
2011;08/10/2019;4;17;20;21;28;29;36;38;46;47;49;55;57;59;62;73;79;80;83;91
2012;11/10/2019;1;10;12;17;23;28;35;37;40;42;43;50;53;54;66;68;84;92;97;99
2013;15/10/2019;1;5;6;10;31;33;35;40;44;54;55;58;64;68;74;75;81;87;88;92
2014;18/10/2019;3;9;13;23;29;32;34;40;58;61;63;66;70;72;74;76;77;80;81;99
2015;22/10/2019;11;24;26;27;28;32;35;37;42;45;48;52;54;64;65;76;90;92;96;97
2016;25/10/2019;0;2;11;19;25;28;30;37;38;45;56;58;61;74;77;82;85;86;88;99
2017;29/10/2019;11;23;24;41;43;44;48;56;61;63;65;72;77;80;82;85;86;87;88;93
2018;01/11/2019;8;9;11;13;19;31;38;42;45;46;47;49;55;61;68;69;81;82;88;93
2019;05/11/2019;4;7;10;11;22;33;50;56;57;58;65;66;67;68;76;83;84;87;88;95
2020;09/11/2019;2;16;17;20;24;26;33;34;45;47;52;53;57;59;63;75;90;91;92;99
2021;12/11/2019;3;8;9;12;13;18;19;24;41;44;45;47;54;59;65;67;73;75;80;87
2022;16/11/2019;2;7;17;27;29;42;57;58;59;62;69;71;72;75;89;90;92;95;97;99
2023;19/11/2019;0;10;11;25;27;29;32;48;49;50;53;54;59;60;63;67;70;75;80;84
2024;22/11/2019;0;2;8;19;31;33;38;39;42;43;44;54;61;64;72;73;75;78;81;89
2025;26/11/2019;9;12;27;29;31;35;36;37;39;51;55;62;70;75;76;83;84;91;92;94
2026;29/11/2019;1;7;8;16;17;21;22;27;36;37;44;56;63;66;68;79;85;88;93;94
2027;03/12/2019;12;15;22;24;27;28;30;31;33;37;49;59;65;69;70;76;86;87;95;99
2028;06/12/2019;0;12;15;21;24;27;29;30;33;35;46;49;57;68;71;77;80;86;89;99
2029;10/12/2019;3;12;21;29;35;37;48;51;56;59;60;61;64;74;81;84;86;90;95;99
2030;13/12/2019;15;16;19;21;24;25;33;39;41;47;59;60;62;63;69;70;71;83;90;91
2031;17/12/2019;9;11;19;23;32;35;38;42;50;52;66;69;71;73;77;78;80;81;91;96
2032;20/12/2019;0;1;2;4;6;8;10;11;14;46;49;50;57;63;70;73;85;87;93;95
2033;24/12/2019;6;8;10;20;21;23;31;34;35;37;40;48;56;75;80;81;86;90;98;99
2034;27/12/2019;1;2;4;9;11;12;17;19;27;28;32;34;42;48;52;53;54;58;66;99
2035;30/12/2019;5;7;8;10;17;29;32;35;42;54;56;67;68;70;80;84;85;90;98;99
2036;03/01/2020;1;5;10;21;22;24;32;39;41;42;49;51;63;69;70;72;81;89;91;96
2037;07/01/2020;4;8;10;23;29;30;39;41;50;56;64;65;71;73;80;81;84;88;95;99
2038;10/01/2020;2;6;10;14;15;20;25;27;28;42;46;57;61;62;70;72;74;84;90;93
2039;14/01/2020;1;2;3;6;9;19;22;34;39;45;47;49;68;69;81;83;85;93;98;99
2040;17/01/2020;0;14;23;27;32;33;34;39;49;51;57;61;67;77;79;81;86;93;97;99
2041;21/01/2020;11;20;31;41;44;55;60;61;64;68;69;70;74;81;83;84;85;86;90;94
2042;24/01/2020;4;8;9;12;17;19;21;29;40;43;57;67;73;74;80;89;93;94;96;97
2043;28/01/2020;8;12;17;18;31;41;44;54;74;80;82;83;84;85;87;88;90;93;95;98
2044;31/01/2020;7;13;18;22;23;27;30;45;48;49;50;58;60;61;73;75;76;79;82;92
2045;04/02/2020;2;6;8;9;11;14;29;42;46;47;60;65;71;75;76;81;82;88;90;99
2046;07/02/2020;5;12;14;15;17;25;27;38;44;50;51;53;65;68;71;74;78;81;87;89
2047;11/02/2020;5;10;11;19;20;23;25;29;34;40;42;44;51;62;65;67;84;88;93;97
2048;14/02/2020;4;11;12;15;16;26;32;42;43;45;46;55;56;65;67;69;75;76;79;84
2049;18/02/2020;0;1;3;4;7;10;13;16;26;30;31;33;51;59;70;73;76;82;90;92
2050;21/02/2020;0;1;4;6;17;23;24;33;35;46;50;55;59;70;77;79;86;88;90;98
2051;26/02/2020;4;8;9;17;19;21;24;30;34;36;58;60;61;63;66;77;82;85;90;98
2052;28/02/2020;0;7;8;10;14;20;26;33;37;40;41;42;49;51;53;62;69;75;76;97
2053;03/03/2020;0;3;5;7;8;13;16;18;20;24;30;36;59;60;61;62;72;75;91;94
2054;06/03/2020;3;6;9;16;18;21;26;30;35;44;56;57;62;63;65;71;79;82;90;95
2055;10/03/2020;5;9;13;20;23;34;41;49;57;61;65;69;72;76;79;80;84;86;92;98
2056;13/03/2020;2;6;13;14;18;20;25;27;38;54;59;60;61;67;68;76;77;83;86;96
2057;17/03/2020;1;6;24;43;47;50;56;60;68;71;75;76;78;80;82;83;85;89;97;98
2058;20/03/2020;2;4;8;21;24;25;26;27;31;42;45;63;64;68;78;82;86;88;95;97
2059;24/03/2020;9;12;25;26;29;31;35;39;45;46;51;55;58;62;70;72;73;92;96;97
2060;27/03/2020;13;17;33;34;37;38;39;44;50;52;56;57;62;65;66;68;76;79;91;93
2061;31/03/2020;0;6;22;25;31;32;40;41;42;46;55;56;62;68;69;72;83;86;94;98
2062;03/04/2020;7;9;10;15;18;19;21;26;29;35;39;42;48;54;58;66;69;78;88;90
2063;07/04/2020;2;4;5;8;9;13;19;20;21;36;46;61;76;81;87;90;91;92;93;95
2064;11/04/2020;1;2;3;4;5;6;7;11;18;33;37;41;49;56;57;62;67;72;82;99
2065;14/04/2020;1;4;8;11;13;16;19;22;27;31;38;46;47;51;61;66;69;86;90;99
2066;17/04/2020;0;3;5;15;30;31;41;55;56;57;58;64;67;71;73;75;81;83;84;99
2067;20/04/2020;3;14;21;41;51;55;56;63;64;77;79;81;82;84;85;89;90;91;92;96
2068;24/04/2020;0;3;14;21;36;37;44;47;49;50;52;56;58;60;61;68;70;73;88;89
2069;28/04/2020;2;3;4;7;8;11;16;23;25;30;34;43;49;54;64;65;67;68;81;91
2070;02/05/2020;10;12;14;21;30;37;41;42;44;47;48;51;54;58;60;69;76;82;98;99
2071;05/05/2020;0;11;23;24;25;28;29;36;38;41;42;60;74;80;85;86;88;90;95;99
2072;08/05/2020;10;17;18;19;25;26;43;48;49;53;56;69;74;77;80;83;86;87;90;96
2073;12/05/2020;0;5;8;12;14;17;20;24;26;29;30;42;51;59;64;70;71;76;79;92
2074;15/05/2020;4;7;13;16;20;34;45;47;52;54;55;56;58;60;65;72;91;92;95;96
2075;19/05/2020;0;11;12;14;21;25;26;30;35;36;46;53;56;58;60;66;69;78;85;87
2076;22/05/2020;0;3;6;10;16;25;33;34;44;51;52;53;56;67;77;81;83;87;97;99
2077;26/05/2020;11;12;16;17;20;21;22;23;24;25;27;28;39;50;52;62;73;85;92;94
2078;29/05/2020;0;5;14;15;22;24;26;28;30;42;43;50;53;55;58;59;68;78;96;99
2079;02/06/2020;6;31;34;36;39;43;44;45;51;52;54;62;63;64;65;69;72;78;79;84
2080;05/06/2020;1;7;9;11;12;20;29;31;39;41;42;54;55;59;67;69;72;73;74;87
2081;09/06/2020;0;1;3;4;18;23;29;30;43;48;50;57;63;73;79;80;86;87;94;95
2082;12/06/2020;5;13;19;20;25;28;42;44;49;54;55;57;66;68;76;78;84;86;89;90
2083;16/06/2020;5;9;12;14;24;29;32;41;44;54;57;66;68;72;74;76;89;90;93;94
2084;19/06/2020;9;12;14;17;20;23;24;27;34;43;46;47;51;59;65;72;73;78;89;94
2085;23/06/2020;2;8;13;15;25;29;32;35;39;40;42;44;50;54;61;64;65;66;71;73
2086;26/06/2020;3;14;19;20;21;23;24;27;29;32;40;47;48;50;53;56;65;69;71;76
2087;30/06/2020;1;4;7;9;11;23;24;30;36;37;47;51;52;56;59;65;67;75;82;95
2088;03/07/2020;2;4;11;12;14;15;26;28;31;38;39;43;53;67;69;70;75;82;87;94
2089;07/07/2020;3;8;15;17;18;23;24;38;39;42;53;59;69;76;77;81;86;88;91;93
2090;10/07/2020;4;5;8;16;17;18;20;22;24;25;27;33;40;52;63;81;85;86;91;93
2091;14/07/2020;8;14;22;26;28;31;33;35;42;43;44;49;50;52;53;64;78;89;91;96
2092;17/07/2020;6;9;10;20;28;31;52;53;55;57;59;60;61;63;64;69;71;78;80;98
2093;21/07/2020;10;13;17;18;24;31;32;34;39;45;48;49;58;62;64;66;71;76;88;91
2094;24/07/2020;4;24;29;31;35;48;49;54;57;58;64;68;74;82;89;90;92;94;96;97
2095;28/07/2020;4;5;13;14;15;22;25;34;43;51;52;54;58;60;63;76;84;88;90;97
2096;31/07/2020;2;5;8;14;21;28;33;36;38;46;47;53;60;62;65;71;72;81;82;97
2097;04/08/2020;0;8;10;22;33;36;48;49;50;52;54;58;64;66;67;71;86;89;91;98
2098;07/08/2020;0;2;10;13;18;23;25;36;38;41;53;60;62;64;68;71;76;83;93;94
2099;11/08/2020;1;4;19;28;29;31;32;38;40;42;43;46;59;64;80;84;85;86;90;99
2100;14/08/2020;9;11;12;18;26;38;39;42;48;49;63;67;70;72;74;77;82;87;93;97
2101;18/08/2020;1;6;8;11;12;13;20;22;23;34;36;39;53;56;60;73;86;88;92;98
2102;21/08/2020;0;4;8;11;15;18;27;32;37;39;43;44;59;61;62;70;80;85;90;91
2103;25/08/2020;2;13;21;32;35;38;39;49;63;65;71;73;77;78;81;88;92;93;94;98
2104;28/08/2020;9;15;19;21;23;24;37;39;46;62;63;64;66;69;74;80;90;91;97;98
2105;01/09/2020;7;9;12;13;22;29;35;36;37;39;41;50;52;54;57;81;87;90;92;96
2106;04/09/2020;7;10;11;16;22;31;34;36;41;45;48;49;65;78;82;83;84;86;87;94
2107;08/09/2020;4;10;11;12;16;20;24;36;48;55;59;60;64;67;72;75;79;82;88;96
2108;11/09/2020;1;4;7;9;14;17;18;22;25;30;42;48;50;52;57;59;65;70;71;96
2109;15/09/2020;7;9;15;17;26;27;30;39;43;47;51;53;54;57;73;82;89;94;97;99
2110;18/09/2020;2;4;6;8;14;16;26;29;34;54;61;64;68;71;73;77;81;93;94;96
2111;22/09/2020;5;12;15;17;39;42;43;46;51;64;65;72;75;77;82;86;87;94;97;99
2112;25/09/2020;4;17;23;25;31;36;38;40;42;52;56;59;71;78;82;83;84;92;97;98
2113;29/09/2020;9;14;20;25;26;33;35;36;49;50;55;58;59;66;71;75;76;87;94;99
2114;02/10/2020;4;5;10;13;23;24;25;29;37;40;43;44;46;49;54;56;65;93;98;99
2115;06/10/2020;4;7;8;11;15;17;19;20;24;32;36;41;43;44;46;48;60;76;78;86
2116;09/10/2020;0;2;5;7;14;20;23;39;44;48;50;63;64;78;80;81;82;83;90;94
2117;13/10/2020;5;22;30;34;35;39;44;49;55;58;68;75;76;78;84;85;88;94;95;96
2118;16/10/2020;0;2;10;12;16;19;46;51;52;57;64;71;72;75;80;81;82;84;88;99
2119;20/10/2020;1;4;7;9;12;13;19;23;32;33;43;44;48;64;78;79;82;88;89;91
2120;23/10/2020;0;1;7;9;10;11;15;24;50;51;52;59;60;64;75;77;78;95;98;99
2121;27/10/2020;0;2;14;20;23;24;37;38;43;49;54;71;75;76;80;87;90;93;94;98
2122;30/10/2020;3;5;6;8;11;12;16;23;30;32;38;39;47;54;57;64;70;71;74;76
2123;03/11/2020;1;6;14;15;22;31;41;53;54;56;62;65;67;70;71;73;75;78;81;83
2124;06/11/2020;8;13;19;22;29;32;33;45;47;49;56;57;65;70;75;82;87;89;91;99
2125;10/11/2020;2;5;9;15;19;25;31;35;41;45;47;49;50;52;55;59;66;67;83;94
2126;13/11/2020;2;4;9;24;26;44;46;52;54;55;56;62;63;65;68;84;90;91;97;98
2127;17/11/2020;0;1;2;11;12;29;33;37;40;48;49;50;52;53;61;70;72;75;82;96
2128;20/11/2020;3;6;8;20;22;25;28;35;36;43;44;50;54;61;66;70;73;86;96;97
2129;24/11/2020;3;5;16;28;30;35;36;41;49;51;53;57;58;68;69;70;72;79;93;96
2130;27/11/2020;0;4;16;29;30;32;40;48;50;57;66;70;80;84;85;86;92;93;94;99
2131;01/12/2020;2;14;16;20;22;32;33;36;42;45;54;59;60;74;75;76;80;86;87;88
2132;04/12/2020;3;4;9;13;19;28;30;31;36;58;62;71;73;74;78;89;90;95;97;98
2133;08/12/2020;2;4;7;10;12;13;21;22;25;27;41;47;53;68;75;79;81;83;86;91
2134;11/12/2020;0;1;2;14;17;20;28;29;30;33;38;42;52;61;64;66;81;84;88;97
2135;15/12/2020;2;23;33;35;40;42;49;53;55;57;59;62;63;65;68;73;77;87;93;94
2136;18/12/2020;1;2;3;8;9;10;16;22;30;38;44;51;55;62;65;67;70;77;81;99
2137;22/12/2020;7;8;13;29;31;32;34;48;63;64;66;70;72;76;78;79;82;84;86;99
2138;26/12/2020;6;7;8;18;19;25;28;29;30;39;50;51;54;57;74;76;82;92;94;98
2139;29/12/2020;2;7;17;18;21;22;25;29;31;33;42;45;47;52;61;64;65;73;93;97
2140;02/01/2021;5;11;16;17;21;23;24;30;33;39;40;47;48;50;52;78;85;86;89;98
2141;05/01/2021;5;13;16;18;25;31;40;45;47;49;52;54;55;64;65;67;71;77;92;95
2142;08/01/2021;5;7;28;32;33;34;35;40;41;45;55;59;64;72;73;79;80;81;87;88
2143;12/01/2021;2;13;16;29;32;41;48;50;52;58;63;66;70;80;82;83;85;92;96;99
2144;15/01/2021;11;13;16;19;22;25;29;31;33;35;37;47;50;64;66;83;86;87;93;97
2145;19/01/2021;8;12;16;18;22;23;28;29;30;32;34;35;52;66;68;70;73;75;82;98
2146;22/01/2021;1;9;38;42;43;44;45;46;49;51;55;57;65;67;75;83;85;86;88;97
2147;26/01/2021;2;19;24;36;41;44;45;46;61;62;64;67;72;73;76;78;87;88;93;95
2148;29/01/2021;0;1;3;23;24;26;32;41;43;44;46;49;58;59;69;71;80;83;84;95
2149;02/02/2021;11;24;33;39;40;42;47;53;57;58;63;65;67;68;75;85;89;91;93;95
2150;05/02/2021;1;2;13;15;16;19;30;45;46;54;56;59;61;65;72;75;81;82;83;86
2151;09/02/2021;0;4;5;11;24;27;30;31;34;46;50;53;61;64;70;80;83;86;90;96
2152;12/02/2021;2;6;9;27;32;37;45;50;54;62;66;71;73;74;76;82;84;88;90;98
2153;17/02/2021;2;5;13;14;20;28;30;31;40;49;53;59;62;63;66;70;73;80;88;89
2154;19/02/2021;0;7;8;11;12;20;21;34;42;59;60;65;66;73;77;83;84;86;95;99
2155;23/02/2021;2;5;8;9;11;13;26;32;40;43;44;55;66;74;78;81;83;84;90;99
2156;26/02/2021;2;9;14;33;34;36;39;49;50;52;53;54;62;66;74;75;85;92;93;99
2157;02/03/2021;0;4;8;10;17;19;20;21;30;34;41;48;60;62;72;79;88;91;95;96
2158;05/03/2021;0;4;5;6;7;9;21;22;26;27;38;44;45;61;68;73;83;91;96;99
2159;09/03/2021;0;1;11;12;16;18;22;28;29;30;31;34;40;42;52;56;72;76;83;89
2160;12/03/2021;1;9;15;24;25;31;34;35;37;40;41;42;48;56;62;64;65;69;74;79
2161;16/03/2021;20;21;31;40;42;43;44;46;47;51;53;54;62;63;64;68;76;77;84;86
2162;19/03/2021;7;11;21;32;34;35;36;37;45;49;51;58;65;67;70;75;86;87;93;98
2163;23/03/2021;0;2;17;20;23;28;34;45;46;49;50;52;57;62;72;81;86;94;95;99
2164;26/03/2021;2;6;7;12;15;19;21;24;28;47;48;55;60;71;78;84;86;89;91;93
2165;30/03/2021;2;10;11;19;21;34;35;37;42;48;54;55;58;71;74;77;79;82;91;92
2166;03/04/2021;0;3;6;9;13;14;19;21;28;29;40;45;54;56;69;75;76;89;90;94
2167;06/04/2021;2;7;18;26;27;37;38;39;43;47;51;54;57;61;67;71;77;82;88;99
2168;09/04/2021;4;7;9;11;26;32;34;37;49;59;66;68;73;76;79;83;88;92;96;99
2169;13/04/2021;5;7;8;22;28;35;45;51;53;58;61;66;68;70;75;80;81;87;98;99
2170;16/04/2021;8;11;13;31;38;48;50;51;57;60;63;74;76;79;83;85;91;92;93;97
2171;20/04/2021;3;12;14;17;19;20;23;27;35;37;47;51;64;67;72;76;81;83;94;99
2172;23/04/2021;2;3;4;8;9;13;16;20;25;29;30;32;38;49;51;53;54;55;69;82
2173;27/04/2021;0;4;17;23;24;27;36;44;45;49;53;64;65;66;67;77;80;82;97;98
2174;30/04/2021;10;28;32;36;43;44;45;46;54;59;64;66;71;73;74;80;82;86;94;95
2175;04/05/2021;1;5;6;19;20;22;26;28;31;37;40;46;54;55;57;59;66;75;87;92
2176;07/05/2021;10;14;20;23;25;29;38;40;42;43;57;60;63;65;66;68;75;89;93;96
2177;11/05/2021;6;7;8;24;29;31;34;36;43;50;51;52;57;65;68;87;88;91;96;97
2178;14/05/2021;2;15;20;23;30;34;39;40;54;56;62;75;81;83;86;87;89;90;91;95
2179;18/05/2021;1;3;6;13;18;20;22;23;29;35;39;40;45;59;65;80;82;85;95;98
2180;21/05/2021;7;8;13;15;30;34;39;44;46;53;54;56;63;74;76;85;87;89;91;95
2181;25/05/2021;1;2;7;15;19;20;21;30;37;39;46;47;49;57;60;67;73;81;84;88
2182;28/05/2021;0;15;17;18;36;38;42;45;48;52;56;60;66;67;71;75;76;85;89;92
2183;01/06/2021;2;3;5;8;13;15;18;29;40;52;56;65;68;77;78;80;81;86;89;98
2184;04/06/2021;3;7;10;14;17;24;30;32;45;48;55;58;60;62;83;87;92;94;97;99
2185;08/06/2021;3;4;11;13;21;23;27;30;35;37;51;56;63;65;67;76;81;84;93;94
2186;11/06/2021;7;8;9;13;17;23;26;37;39;40;42;43;45;53;55;58;72;77;82;87
2187;15/06/2021;0;3;7;12;20;25;31;35;40;42;44;49;69;74;77;87;92;95;98;99
2188;18/06/2021;4;11;14;20;24;26;29;30;36;43;46;62;63;65;67;68;71;79;82;91
2189;22/06/2021;7;16;33;34;38;43;44;54;55;59;67;74;78;79;81;91;95;96;97;98
2190;25/06/2021;9;20;25;34;35;37;40;42;47;51;59;62;63;65;68;80;81;82;91;98
2191;29/06/2021;4;12;24;25;29;30;34;40;56;60;67;69;72;74;83;88;94;97;98;99
2192;02/07/2021;3;5;8;11;28;30;37;38;40;42;46;51;61;63;65;75;86;90;92;94
2193;06/07/2021;2;4;7;12;17;19;33;40;43;44;46;48;52;63;67;71;72;85;95;96
2194;09/07/2021;7;10;14;24;28;32;33;36;40;53;56;60;68;73;79;80;81;93;95;98
2195;13/07/2021;6;18;19;23;31;40;51;53;54;64;69;74;79;84;88;92;95;96;97;99
2196;16/07/2021;9;13;16;22;23;31;37;38;42;51;57;60;62;63;67;70;85;90;92;93
2197;20/07/2021;1;2;5;6;17;20;22;26;28;31;33;42;46;57;58;81;83;92;98;99
2198;23/07/2021;7;16;17;22;24;26;31;35;38;41;46;48;55;57;62;71;77;90;97;98
2199;27/07/2021;10;16;24;28;30;31;32;41;43;46;52;58;62;71;78;80;83;87;88;94
2200;30/07/2021;14;17;20;22;30;32;34;60;64;66;71;75;76;77;87;90;91;93;94;97
2201;03/08/2021;6;17;19;24;27;30;35;38;42;46;48;49;61;68;74;75;79;80;92;97
2202;06/08/2021;1;4;14;15;19;21;28;32;33;35;47;53;65;68;74;75;79;81;84;93
2203;10/08/2021;1;4;14;16;20;26;34;50;51;52;54;62;72;76;77;84;94;97;98;99
2204;13/08/2021;1;4;13;27;35;36;38;46;54;55;56;59;60;63;69;74;78;81;82;99
2205;17/08/2021;12;19;22;25;30;35;38;40;51;52;54;55;61;62;67;69;71;78;83;94
2206;20/08/2021;1;6;21;27;31;35;40;42;45;50;53;54;62;66;67;82;91;92;94;95
2207;24/08/2021;9;12;22;31;34;43;46;48;49;50;62;65;66;69;70;74;85;90;97;99
2208;27/08/2021;3;9;11;14;17;18;20;22;24;29;35;50;56;57;62;73;76;82;86;99
2209;31/08/2021;4;8;17;19;24;26;36;38;49;55;56;66;69;70;75;77;80;84;95;96
2210;03/09/2021;1;18;23;33;34;44;48;54;61;63;64;72;73;78;79;87;88;90;97;99
2211;08/09/2021;0;8;20;22;25;26;28;41;46;47;54;57;64;72;81;85;86;90;92;98
2212;10/09/2021;4;5;23;30;48;58;60;61;62;63;64;76;82;83;84;85;86;89;92;98
2213;14/09/2021;5;8;19;29;31;33;43;44;47;50;53;60;64;68;75;76;83;85;87;95
2214;17/09/2021;7;17;19;21;24;26;31;38;43;46;47;51;53;65;67;70;76;78;86;90
2215;21/09/2021;0;1;6;11;19;20;22;26;31;32;35;42;44;45;53;63;68;83;87;92
2216;24/09/2021;13;14;23;24;28;30;42;47;49;55;61;62;67;69;73;75;76;79;81;90
2217;28/09/2021;3;5;8;9;13;15;23;26;38;44;48;55;59;67;70;73;84;85;86;90
2218;01/10/2021;12;13;15;22;24;27;33;34;38;39;42;45;57;60;70;71;72;84;86;87
2219;04/10/2021;4;6;10;13;14;18;22;24;28;47;53;60;62;67;72;85;89;91;93;95
2220;06/10/2021;8;9;19;22;27;29;30;36;51;56;65;76;79;82;84;88;92;93;95;96
2221;08/10/2021;14;26;31;36;41;42;44;45;47;49;58;60;62;72;80;82;83;86;95;97
2222;11/10/2021;4;6;8;15;26;27;37;41;49;51;60;63;67;70;73;83;86;87;92;97
2223;13/10/2021;0;3;12;20;31;33;37;46;47;48;53;61;62;64;74;75;78;89;90;92
2224;15/10/2021;1;14;15;28;32;37;45;49;55;63;65;68;71;76;82;87;90;92;97;98
2225;18/10/2021;2;4;6;8;20;24;31;33;35;38;44;46;59;64;67;75;81;84;93;97
2226;20/10/2021;9;10;14;18;23;28;41;46;53;56;61;62;66;67;74;77;82;83;87;91
2227;22/10/2021;2;4;6;12;25;31;33;36;39;46;49;51;57;62;64;80;85;86;94;95
2228;25/10/2021;3;4;10;20;23;31;33;34;37;39;46;47;49;51;59;67;89;92;93;95
2229;27/10/2021;5;7;23;25;29;32;34;39;42;53;54;68;69;70;76;78;81;85;86;89
2230;29/10/2021;2;11;22;37;40;43;44;47;55;62;65;66;68;70;71;76;84;85;93;99
2231;01/11/2021;6;9;12;15;19;25;26;31;33;36;37;41;44;46;52;54;61;68;71;90
2232;03/11/2021;1;12;16;20;21;30;31;33;35;46;47;48;58;60;61;68;77;78;80;96
2233;05/11/2021;1;5;6;9;15;17;25;37;41;50;60;68;70;74;75;79;87;93;96;97
2234;08/11/2021;2;17;26;28;30;38;48;53;54;61;63;65;66;72;74;75;77;79;81;90
2235;10/11/2021;18;20;24;31;32;37;40;47;49;50;57;64;68;70;71;75;76;88;90;91
2236;12/11/2021;1;2;5;8;9;14;20;22;24;39;40;53;59;61;62;79;82;83;94;96
2237;17/11/2021;2;6;13;22;24;27;29;40;41;45;47;51;69;76;77;78;79;80;83;93
2238;19/11/2021;4;5;8;11;17;21;27;30;32;33;54;60;61;63;67;70;80;93;96;99
2239;22/11/2021;11;13;19;22;27;28;49;53;56;63;65;66;71;76;77;78;81;89;90;98
2240;24/11/2021;4;8;10;14;15;23;25;26;34;38;43;47;54;59;74;77;80;86;90;93
2241;26/11/2021;2;4;17;23;36;38;45;46;55;57;59;61;71;74;75;82;86;87;89;90
2242;29/11/2021;4;6;7;10;28;31;33;38;47;50;55;59;69;70;71;74;85;87;88;94
2243;01/12/2021;4;6;9;17;20;21;24;26;27;33;34;35;36;59;61;64;69;74;86;89
2244;03/12/2021;3;10;14;18;19;26;29;37;41;42;45;51;71;76;77;80;90;92;97;98
2245;06/12/2021;7;11;12;14;17;27;39;40;55;56;59;62;64;68;78;80;82;83;90;99
2246;08/12/2021;10;11;13;17;27;28;29;30;31;36;39;47;51;63;67;82;85;92;95;97
2247;10/12/2021;5;7;10;11;14;18;20;25;35;41;42;46;47;54;59;62;69;77;85;94
2248;13/12/2021;0;12;13;19;22;25;32;44;45;47;53;67;71;75;76;83;84;93;94;99
2249;15/12/2021;5;10;12;15;18;28;30;32;34;35;42;44;46;47;51;52;70;87;89;95
2250;17/12/2021;0;4;5;8;23;24;31;32;33;34;35;38;43;48;58;63;74;84;85;96
2251;20/12/2021;0;2;7;15;25;35;42;45;48;50;57;60;61;65;77;78;82;87;90;95
2252;22/12/2021;0;4;5;20;23;24;25;26;27;28;29;36;38;50;51;53;62;64;76;79
2253;24/12/2021;1;6;7;27;31;36;43;49;50;51;64;66;72;74;78;79;87;88;95;97
2254;27/12/2021;5;10;11;14;18;20;23;24;31;32;36;42;44;51;53;61;78;82;83;93
2255;29/12/2021;5;7;10;11;13;14;18;19;31;38;60;63;67;71;83;84;90;93;94;98
2256;31/12/2021;4;13;16;22;27;30;31;43;47;52;59;61;63;66;70;71;83;86;87;90
2257;03/01/2022;3;5;12;19;29;35;36;40;51;57;58;59;65;69;70;74;75;76;89;95
2258;05/01/2022;1;2;12;23;25;31;38;43;44;50;54;57;65;66;69;74;76;84;86;94
2259;07/01/2022;2;14;19;20;23;37;38;40;45;50;56;59;62;64;67;78;85;90;94;98
2260;10/01/2022;1;3;5;13;23;43;53;55;56;65;67;74;78;81;83;85;90;91;93;99
2261;12/01/2022;3;10;14;19;26;29;40;50;54;66;68;72;78;79;84;86;91;93;94;99
2262;14/01/2022;1;4;16;21;22;28;42;44;45;48;55;59;60;61;66;70;76;92;94;97
2263;17/01/2022;2;7;8;17;18;19;33;36;41;43;44;47;48;62;69;72;87;93;98;99
2264;19/01/2022;1;3;4;8;12;16;19;24;38;47;48;52;62;65;66;67;77;82;85;86
2265;21/01/2022;2;3;4;7;11;24;31;36;37;47;49;58;59;60;71;78;79;83;87;99
2266;24/01/2022;8;10;19;32;35;38;46;47;50;54;55;57;69;71;73;75;80;81;82;83
2267;26/01/2022;3;10;11;27;30;45;46;49;52;54;62;64;67;72;75;77;83;85;89;91
2268;28/01/2022;0;1;7;10;18;29;31;39;42;43;53;56;60;67;79;81;83;89;93;98
2269;31/01/2022;3;16;21;24;36;37;39;42;47;48;56;64;72;80;84;87;91;92;93;94
2270;02/02/2022;3;6;18;38;43;50;53;58;64;65;66;67;71;80;82;87;89;90;93;96
2271;04/02/2022;7;10;11;18;27;32;33;37;43;48;57;62;65;68;74;76;77;82;93;99
2272;07/02/2022;0;10;17;19;26;31;32;37;38;42;46;53;56;58;67;75;78;88;93;97
2273;09/02/2022;20;38;43;46;55;56;59;61;67;71;75;76;82;85;87;90;91;92;94;98
2274;11/02/2022;0;6;10;11;13;16;27;33;36;40;42;46;52;55;59;61;62;63;85;94
2275;14/02/2022;5;9;24;29;32;35;46;47;51;53;54;56;60;63;73;75;77;80;81;92
2276;16/02/2022;0;13;18;21;31;32;40;46;49;54;56;57;65;68;73;80;88;90;94;99
2277;18/02/2022;4;10;14;15;16;19;25;30;31;44;49;51;55;64;69;76;82;83;85;90
2278;21/02/2022;1;2;18;20;27;30;31;32;38;44;52;61;65;72;73;78;80;89;90;92
2279;23/02/2022;0;3;8;11;27;32;38;43;46;56;58;61;68;70;72;73;88;93;94;96
2280;25/02/2022;3;4;6;10;13;16;18;23;30;36;43;44;51;62;65;69;70;74;83;98
2281;02/03/2022;2;7;8;10;12;16;18;36;38;45;46;49;51;52;53;54;74;80;81;98
2282;04/03/2022;4;10;19;21;30;42;43;45;47;49;55;59;60;62;64;71;78;80;84;88
2283;07/03/2022;4;6;10;14;19;29;30;38;45;46;49;51;52;59;67;76;79;94;95;98
2284;09/03/2022;1;2;9;23;35;36;41;42;56;59;64;71;74;75;76;85;91;93;94;96
2285;11/03/2022;2;4;14;16;17;26;28;37;47;49;58;59;62;73;75;79;82;83;93;98
2286;14/03/2022;0;3;5;17;18;22;34;39;45;56;57;61;66;67;71;73;80;83;87;98
2287;16/03/2022;1;9;14;21;24;29;38;42;46;49;52;54;58;59;69;70;74;81;83;90
2288;18/03/2022;7;9;27;30;38;45;46;48;51;54;56;60;61;74;76;82;85;88;90;92
2289;21/03/2022;1;2;20;25;26;29;38;39;49;52;55;57;59;61;75;81;83;85;93;95
2290;23/03/2022;5;9;10;15;21;36;38;39;40;45;52;53;54;55;56;57;63;87;92;94
2291;25/03/2022;6;10;11;12;18;20;31;36;39;41;50;56;59;62;67;73;74;75;84;86
2292;28/03/2022;3;14;20;22;23;24;25;30;31;33;36;42;56;68;70;73;79;89;93;94
2293;30/03/2022;2;5;7;9;18;19;30;31;33;43;45;48;50;53;76;78;79;91;93;97
2294;01/04/2022;0;2;6;7;11;23;24;26;29;41;45;56;60;68;73;84;85;93;98;99
2295;04/04/2022;2;5;6;24;26;33;35;47;50;58;66;68;71;81;82;84;86;91;93;95
2296;06/04/2022;7;14;22;26;30;33;34;37;39;45;59;66;70;75;82;88;92;95;97;98
2297;08/04/2022;0;1;18;21;24;26;32;33;44;46;48;53;54;57;61;64;80;81;91;96
2298;11/04/2022;6;9;11;18;29;33;41;43;53;56;61;62;70;73;74;88;89;96;98;99
2299;13/04/2022;1;3;11;14;24;26;27;45;46;50;51;55;56;59;62;65;81;87;91;93
2300;16/04/2022;4;6;9;10;22;31;35;36;48;54;60;61;72;77;81;84;87;90;91;95
2301;18/04/2022;0;2;3;5;7;25;33;34;38;41;50;59;60;63;65;70;79;80;85;94
2302;20/04/2022;10;11;12;15;23;25;34;37;38;45;48;50;52;57;63;67;69;78;87;91
2303;22/04/2022;3;4;8;9;14;29;39;42;43;45;47;48;52;62;81;82;88;91;95;96
2304;25/04/2022;2;7;10;20;26;35;38;44;48;49;51;52;55;58;65;71;76;79;93;95
2305;27/04/2022;3;4;33;35;38;42;48;54;56;61;63;69;72;76;77;78;81;84;90;98
2306;29/04/2022;1;3;6;12;18;25;32;44;49;58;62;71;72;73;82;84;86;89;91;97
2307;02/05/2022;6;8;11;25;26;32;43;46;49;54;55;61;68;73;74;75;76;78;79;83
2308;04/05/2022;3;4;8;9;12;15;21;24;32;34;35;44;52;58;60;65;66;70;84;95
2309;06/05/2022;3;7;18;24;33;34;36;46;50;54;70;71;76;82;83;87;93;95;97;98
2310;09/05/2022;3;5;9;13;21;27;34;35;41;44;48;52;64;66;67;71;74;75;77;82
2311;11/05/2022;3;7;10;11;12;15;25;33;45;47;59;63;66;75;76;78;87;93;96;98
2312;13/05/2022;8;13;18;22;27;33;36;47;48;63;66;76;78;84;85;89;91;96;98;99
2313;16/05/2022;2;13;28;38;39;40;43;45;46;51;61;63;72;73;74;81;84;86;92;93
2314;18/05/2022;2;3;14;19;28;34;42;44;45;47;48;56;60;63;64;75;81;82;95;98
2315;20/05/2022;0;3;12;16;18;22;24;43;52;53;57;65;66;73;75;79;85;90;93;97
2316;23/05/2022;3;10;13;17;21;22;35;38;39;45;52;55;59;65;71;75;76;84;90;95
2317;25/05/2022;2;6;7;12;24;31;32;34;37;43;44;45;50;54;57;74;78;79;87;96
2318;27/05/2022;0;7;11;16;17;22;23;31;49;57;59;60;66;71;76;79;81;84;94;96
2319;30/05/2022;1;7;19;23;26;28;31;33;35;43;53;65;67;71;75;77;80;84;94;97
2320;01/06/2022;2;4;9;11;13;26;35;36;38;39;47;49;56;64;71;75;76;80;85;89
2321;03/06/2022;3;9;18;19;29;36;39;50;60;62;68;71;75;76;78;81;87;88;89;91
2322;06/06/2022;0;7;11;15;22;29;31;36;55;59;62;63;68;69;77;80;84;89;91;92
2323;08/06/2022;2;12;14;18;19;24;27;41;48;52;56;61;66;70;73;81;83;84;86;94
2324;10/06/2022;5;6;9;12;15;18;22;23;27;39;50;57;59;61;67;73;76;79;87;98
2325;13/06/2022;8;9;12;22;30;34;39;41;45;50;54;61;65;69;74;76;83;88;90;92
2326;15/06/2022;8;9;10;13;15;25;29;35;51;56;59;68;69;74;80;87;89;91;96;98
2327;17/06/2022;6;9;13;21;24;26;27;43;48;53;55;67;73;75;80;83;85;88;93;98
2328;20/06/2022;4;19;20;21;24;28;30;38;43;48;50;51;57;61;63;75;78;87;90;91
2329;22/06/2022;0;5;14;16;18;21;24;29;31;35;37;45;46;53;64;70;85;87;88;99
2330;24/06/2022;2;7;10;15;19;20;23;28;32;33;42;50;51;52;55;60;77;84;88;92
2331;27/06/2022;1;10;21;24;29;32;40;41;46;48;51;54;68;69;81;87;90;91;93;99
2332;29/06/2022;5;6;15;20;29;31;38;47;49;58;61;65;66;69;71;80;82;94;95;97
2333;01/07/2022;1;7;8;9;14;16;18;22;25;27;31;47;51;54;59;70;72;76;86;96
2334;04/07/2022;0;3;9;18;20;36;39;42;44;51;66;68;70;73;81;85;89;91;92;93
2335;06/07/2022;2;3;7;24;28;30;40;47;52;55;57;59;60;64;67;70;76;78;79;92
2336;08/07/2022;2;4;13;16;22;31;33;37;38;42;47;61;62;63;70;72;81;86;94;95
2337;11/07/2022;1;4;6;15;17;20;23;28;30;37;59;70;72;82;83;84;85;88;90;93
2338;13/07/2022;4;8;11;22;33;36;39;43;45;46;50;52;60;61;69;72;78;83;95;99
2339;15/07/2022;10;13;17;25;27;29;31;33;38;41;42;45;54;65;67;76;82;94;95;96
2340;18/07/2022;3;14;15;21;28;30;32;48;49;51;54;58;63;74;77;83;86;89;93;94
2341;20/07/2022;7;10;15;21;24;29;41;45;47;48;50;64;65;74;84;87;91;92;94;98
2342;22/07/2022;3;6;12;16;21;23;24;26;28;33;43;60;67;69;72;77;79;91;92;97
2343;25/07/2022;5;7;14;18;21;26;28;35;36;42;44;55;57;61;63;69;76;80;81;85
2344;27/07/2022;17;21;30;38;40;44;48;51;61;66;71;74;79;81;86;88;90;91;98;99
2345;29/07/2022;1;2;7;12;13;18;22;25;39;44;57;62;69;73;74;80;91;93;95;97
2346;01/08/2022;9;13;22;23;24;32;36;41;51;52;54;59;67;79;81;82;83;84;89;97
2347;03/08/2022;3;7;9;18;19;20;22;24;25;29;34;35;47;53;66;72;75;85;92;99
2348;05/08/2022;1;6;7;9;17;18;20;30;42;47;48;51;52;62;72;77;78;84;88;90
2349;08/08/2022;4;7;9;10;18;20;29;37;41;49;51;53;54;59;64;65;79;95;96;99
2350;10/08/2022;3;7;23;30;33;41;42;45;46;47;56;68;70;73;82;83;89;93;94;97
2351;12/08/2022;4;15;21;27;28;29;32;37;62;63;64;74;80;81;87;89;93;97;98;99
2352;15/08/2022;0;8;9;18;24;30;31;41;43;44;48;55;72;73;83;84;88;89;95;97
2353;17/08/2022;0;8;9;11;16;18;20;26;34;35;43;47;53;61;66;71;75;80;97;98
2354;19/08/2022;9;13;21;28;29;34;40;41;43;50;59;67;70;74;82;85;88;90;95;98
2355;22/08/2022;1;5;11;16;19;35;38;41;43;46;47;54;63;65;67;72;75;89;93;94
2356;24/08/2022;0;9;13;14;20;22;23;31;33;34;36;39;48;51;63;64;66;67;81;82
2357;26/08/2022;0;7;11;13;20;25;28;37;40;46;48;50;55;57;58;64;75;83;90;91
2358;29/08/2022;1;11;12;14;15;38;45;56;59;60;61;66;71;74;75;76;80;81;82;89
2359;31/08/2022;5;9;11;14;16;21;34;47;53;61;64;68;69;75;76;86;95;96;98;99
2360;02/09/2022;5;9;12;17;24;30;31;38;42;48;52;53;76;77;78;80;81;88;89;95
2361;05/09/2022;2;3;11;24;29;31;32;33;34;41;46;60;70;71;86;87;88;94;95;97
2362;08/09/2022;2;8;12;17;26;27;28;39;44;45;46;48;49;57;66;72;77;85;87;88
2363;09/09/2022;15;20;28;37;44;47;51;55;58;63;70;71;72;73;78;79;80;83;92;94
2364;12/09/2022;1;4;9;12;18;23;27;31;32;35;43;48;50;53;57;62;66;70;86;99
2365;14/09/2022;8;9;12;13;30;41;47;53;54;58;62;66;70;74;78;83;84;85;95;98
2366;16/09/2022;2;10;13;21;26;30;31;37;51;58;59;72;74;75;78;81;82;83;87;88
2367;19/09/2022;14;20;24;29;33;37;40;46;47;57;63;65;71;72;75;89;90;91;94;98
2368;21/09/2022;3;5;7;8;9;13;14;16;20;32;36;38;40;57;69;75;79;88;91;92
2369;23/09/2022;5;20;21;23;29;33;36;40;49;50;52;57;70;71;75;76;84;85;90;99
2370;26/09/2022;7;8;14;26;38;39;40;41;45;48;50;53;55;59;60;61;67;80;87;89
2371;28/09/2022;5;13;16;20;23;25;27;44;45;52;55;62;63;67;68;86;87;89;91;97
2372;30/09/2022;5;9;10;14;15;25;29;30;34;39;48;56;59;63;65;68;73;76;93;96
2373;03/10/2022;2;4;5;15;20;23;25;31;41;43;54;55;60;76;77;78;80;82;84;87
2374;05/10/2022;8;10;13;16;33;39;44;47;51;64;65;68;73;75;76;83;89;90;94;96
2375;07/10/2022;5;14;24;30;31;33;34;35;36;37;44;47;48;56;65;67;74;75;87;89
2376;10/10/2022;0;2;5;6;10;13;16;25;35;39;41;43;46;54;63;74;77;79;92;97
2377;13/10/2022;4;11;13;15;27;28;37;41;55;61;66;69;70;73;76;84;90;94;98;99
2378;14/10/2022;7;10;11;14;18;21;35;42;47;50;61;65;66;69;70;74;85;92;97;99
2379;17/10/2022;0;6;7;10;16;21;36;38;45;46;49;51;54;58;73;78;80;83;93;96
2380;19/10/2022;1;2;3;4;6;11;13;15;19;20;26;61;76;77;79;83;85;86;96;99
2381;21/10/2022;1;6;7;11;17;18;30;37;39;54;60;65;72;74;80;87;91;92;97;98
2382;24/10/2022;7;8;16;20;27;32;37;46;47;53;54;66;72;75;76;85;87;94;95;99
2383;26/10/2022;2;5;7;13;16;18;29;32;36;41;55;58;68;71;73;79;84;86;89;97
2384;28/10/2022;10;22;27;33;34;36;43;44;46;51;55;59;64;65;69;71;72;80;82;92
2385;31/10/2022;0;6;9;38;39;40;44;55;56;57;58;60;62;73;74;76;82;83;92;98
2386;03/11/2022;4;5;6;7;14;18;20;25;26;30;38;51;53;67;69;72;74;82;97;98
2387;04/11/2022;5;10;16;17;19;25;28;30;36;42;44;48;53;57;58;59;65;67;90;96
2388;07/11/2022;1;3;4;8;14;22;34;36;42;44;50;56;68;69;72;77;84;85;89;99
2389;09/11/2022;8;12;15;16;21;24;25;31;35;36;38;44;51;52;56;61;75;78;80;91
2390;11/11/2022;2;7;9;26;28;29;31;32;34;47;54;55;60;63;66;70;75;79;88;95
2391;14/11/2022;1;9;13;16;23;40;42;47;55;61;62;66;68;80;84;86;88;94;95;98
2392;16/11/2022;0;1;6;15;19;24;26;36;42;47;49;55;68;70;73;79;80;81;86;88
2393;18/11/2022;0;8;18;21;22;23;28;34;39;41;44;45;47;58;65;67;71;76;89;92
2394;21/11/2022;2;5;7;15;16;17;27;28;35;44;45;47;60;63;65;68;84;91;94;95
2395;23/11/2022;4;6;10;13;18;29;30;33;38;39;43;58;60;61;65;68;71;90;93;98
2396;25/11/2022;6;10;11;17;29;38;42;47;53;55;60;62;64;67;69;70;73;75;86;90
2397;28/11/2022;3;8;21;44;47;48;52;53;54;58;64;67;70;73;74;77;78;91;95;98
2398;30/11/2022;5;7;8;23;27;30;34;36;39;47;59;61;65;72;74;76;81;85;87;94
2399;02/12/2022;2;9;13;23;25;30;35;43;48;56;59;66;69;70;73;77;82;86;87;91
2400;05/12/2022;10;14;19;28;32;33;36;48;49;53;56;60;71;77;84;86;90;92;95;99
2401;07/12/2022;0;11;13;16;22;32;40;41;43;46;59;71;78;80;84;86;92;93;96;98
2402;09/12/2022;0;10;20;26;28;35;38;43;48;50;56;66;67;72;76;80;82;86;88;94
2403;12/12/2022;1;9;19;23;24;25;27;32;39;43;44;53;60;62;68;76;86;88;96;99
2404;14/12/2022;0;2;18;20;21;27;45;46;50;53;55;57;58;64;68;77;79;85;88;89
2405;16/12/2022;0;3;4;6;10;17;18;20;29;31;36;38;43;56;59;75;91;93;98;99
2406;19/12/2022;5;7;11;15;19;26;28;32;53;54;62;69;72;75;76;80;81;82;93;95
2407;21/12/2022;6;19;26;28;29;31;41;59;60;63;68;71;74;78;79;81;85;92;97;99
2408;23/12/2022;0;4;7;11;23;27;30;33;40;52;65;68;70;71;72;76;78;79;85;90
2409;26/12/2022;4;7;8;12;18;33;35;46;49;51;65;66;69;72;76;80;81;83;86;89
2410;28/12/2022;1;8;11;15;16;19;23;26;35;49;60;61;62;65;78;87;92;95;96;98
2411;30/12/2022;0;1;2;7;9;15;19;29;39;40;57;61;66;68;82;88;89;93;95;96
2412;02/01/2023;0;1;7;8;9;32;35;36;38;47;52;55;56;71;73;74;92;94;98;99
2413;04/01/2023;6;11;13;16;19;24;26;37;42;46;47;53;58;70;85;87;88;93;94;99
2414;06/01/2023;3;6;7;8;17;32;36;37;41;43;49;57;67;72;73;74;77;91;95;99
2415;09/01/2023;2;7;11;27;32;39;47;60;61;62;64;69;70;71;74;81;87;91;94;95
2416;11/01/2023;8;18;37;40;44;47;50;54;63;64;65;67;68;74;78;81;84;87;88;95
2417;13/01/2023;2;10;14;15;21;31;39;46;51;52;55;60;61;64;65;80;81;85;86;92
2418;16/01/2023;4;18;21;31;32;34;35;36;40;42;45;48;50;59;68;75;82;87;93;97
2419;18/01/2023;6;16;29;35;41;44;46;52;57;62;63;79;84;85;87;88;91;93;94;96
2420;20/01/2023;1;4;5;8;9;22;25;26;51;64;66;68;70;72;74;78;79;91;94;95
2421;23/01/2023;4;11;22;24;27;32;34;37;49;57;64;69;70;71;76;77;86;93;95;97
2422;25/01/2023;6;7;17;26;30;31;33;36;42;44;48;51;53;56;58;61;73;81;86;95
2423;27/01/2023;2;6;7;11;12;15;20;21;24;29;32;34;35;39;54;59;60;78;84;88
2424;30/01/2023;2;3;10;13;26;33;39;48;50;51;56;57;60;67;74;78;80;84;90;94
2425;01/02/2023;13;14;19;23;34;35;36;42;43;49;58;63;67;68;77;82;92;95;97;98
2426;03/02/2023;0;16;17;18;19;26;28;35;39;40;43;58;67;69;75;77;78;85;90;95
2427;06/02/2023;1;16;17;22;24;29;34;39;42;48;50;51;64;69;73;75;77;81;89;96
2428;08/02/2023;1;3;16;22;26;31;37;48;54;55;56;61;62;64;73;78;82;92;96;99
2429;10/02/2023;2;11;14;17;24;32;34;45;54;59;60;63;67;68;71;77;79;83;86;93
2430;13/02/2023;2;3;4;5;12;18;30;33;35;39;42;50;53;55;73;78;84;87;95;97
2431;15/02/2023;5;6;11;12;13;14;16;20;34;46;52;61;62;66;80;82;83;89;91;98
2432;17/02/2023;2;5;11;12;15;20;23;35;36;44;45;53;57;64;68;71;75;78;82;99
2433;22/02/2023;12;25;26;29;34;38;42;47;50;56;65;66;72;74;80;85;87;90;93;99
2434;24/02/2023;2;4;5;10;12;18;26;29;31;35;59;63;64;68;73;76;77;81;84;98
2435;27/02/2023;8;9;25;27;29;31;35;40;44;46;47;64;71;72;75;78;79;88;94;98
2436;01/03/2023;0;3;34;35;36;42;45;56;62;63;66;72;73;75;83;87;89;92;93;95
2437;03/03/2023;6;11;14;15;23;25;27;28;33;38;41;42;45;49;50;51;52;63;69;96
2438;06/03/2023;1;4;12;13;22;28;31;32;41;44;53;55;64;73;88;89;92;93;95;99
2439;08/03/2023;4;13;18;35;37;39;41;47;48;53;57;64;65;67;73;80;81;82;86;87
2440;10/03/2023;4;5;6;8;19;24;27;33;40;42;43;50;52;56;69;83;88;89;90;95
2441;13/03/2023;0;1;3;4;9;11;13;24;25;36;39;49;64;65;67;75;82;88;96;97
2442;15/03/2023;3;4;6;8;14;15;19;23;31;34;48;49;52;60;77;82;85;89;91;93
2443;17/03/2023;0;7;8;15;30;33;51;57;60;68;69;74;75;76;78;84;85;89;92;93
2444;20/03/2023;0;6;13;29;31;33;42;48;51;52;58;63;64;82;84;87;88;90;94;98
2445;22/03/2023;4;18;19;23;24;30;33;42;43;46;52;53;55;63;65;71;80;82;89;93
2446;24/03/2023;1;11;23;25;34;39;44;47;56;65;67;72;74;78;80;89;91;92;98;99
2447;27/03/2023;4;5;7;15;39;40;44;51;55;60;62;68;74;75;76;77;80;88;95;97
2448;29/03/2023;7;9;18;20;21;28;29;35;38;39;42;61;64;70;73;76;78;87;89;90
2449;31/03/2023;0;3;14;15;17;18;32;34;37;46;52;54;59;60;62;73;85;87;91;94
2450;03/04/2023;5;9;19;21;22;28;45;53;65;67;71;75;81;83;85;86;92;94;95;98
2451;05/04/2023;15;17;19;20;22;24;25;26;38;46;50;53;56;57;62;66;78;82;90;94
2452;08/04/2023;6;7;17;19;20;26;27;30;31;35;52;63;66;68;72;77;81;84;86;98
2453;10/04/2023;2;3;6;12;18;19;20;23;25;50;51;53;58;65;76;81;85;89;94;95
2454;12/04/2023;5;11;16;21;28;44;47;54;55;60;62;66;73;76;78;80;88;95;96;97
2455;14/04/2023;0;1;7;12;14;22;27;30;40;42;46;60;61;65;85;86;87;92;95;97
2456;17/04/2023;1;4;11;12;18;23;28;35;40;42;46;48;53;55;58;63;80;83;88;97
2457;19/04/2023;4;5;6;7;11;18;22;24;27;33;36;41;61;67;68;83;87;88;96;98
2458;22/04/2023;3;5;6;7;9;11;16;20;22;24;35;36;49;57;58;67;69;80;83;88
2459;24/04/2023;7;31;34;36;37;38;44;46;47;51;54;58;59;66;71;84;87;90;92;95
2460;26/04/2023;1;8;24;27;34;37;48;50;55;56;58;61;63;65;67;73;79;83;92;94
2461;28/04/2023;18;19;20;21;22;26;27;30;33;34;50;51;55;61;63;69;82;88;89;90
2462;02/05/2023;0;21;22;27;28;29;33;36;40;43;48;50;52;56;61;63;73;92;95;97
2463;03/05/2023;1;3;4;5;8;9;18;19;24;30;31;58;60;67;70;75;77;79;86;90
2464;05/05/2023;8;10;11;16;17;18;24;26;29;41;45;51;54;59;70;80;87;94;96;97
2465;08/05/2023;7;13;28;29;30;34;35;40;43;59;63;64;75;76;80;81;85;87;93;99
2466;10/05/2023;3;5;13;21;24;28;30;32;35;36;42;55;61;62;70;73;83;86;91;94
2467;12/05/2023;6;7;9;10;13;14;18;20;22;23;25;32;34;41;44;50;56;65;71;84
2468;15/05/2023;1;4;6;14;15;20;32;40;43;45;54;57;67;74;75;81;92;93;94;99
2469;17/05/2023;7;10;11;15;23;29;31;35;36;47;60;61;65;68;70;86;92;93;97;99
2470;19/05/2023;0;4;6;14;23;25;33;37;42;49;53;56;60;61;62;69;84;91;96;97
2471;22/05/2023;0;3;5;14;25;26;35;37;38;39;51;65;69;73;75;77;79;84;90;98
2472;24/05/2023;3;4;16;20;28;43;47;49;51;54;58;61;62;63;71;82;84;86;91;95
2473;26/05/2023;2;5;13;18;19;26;30;33;41;43;45;59;63;64;67;68;72;79;90;95
2474;29/05/2023;7;11;12;14;19;22;26;28;31;32;36;43;46;48;50;51;64;69;75;94
2475;31/05/2023;5;6;10;15;16;18;21;27;29;33;34;41;42;47;50;56;63;71;83;99
2476;02/06/2023;10;12;15;16;17;26;44;46;47;53;56;62;64;72;75;78;85;92;94;95
2477;05/06/2023;2;6;12;22;31;34;58;63;64;67;70;72;75;76;80;83;89;92;96;98
2478;07/06/2023;0;5;7;11;22;35;37;50;58;66;67;74;80;83;86;87;88;90;92;94
2479;09/06/2023;13;18;26;31;44;45;57;58;59;60;61;62;64;65;73;76;82;88;89;90
2480;12/06/2023;0;1;14;17;18;19;35;37;52;56;59;67;69;71;74;87;91;93;96;99
2481;14/06/2023;5;8;18;21;28;31;32;37;40;44;47;52;55;56;60;62;75;78;89;92
2482;16/06/2023;0;11;13;17;25;28;31;32;33;34;39;41;42;63;64;78;81;83;87;90
2483;19/06/2023;2;14;19;27;38;41;55;59;60;67;68;69;70;74;76;78;81;90;98;99
2484;21/06/2023;2;6;9;13;18;19;21;24;40;41;51;52;53;54;56;65;79;82;86;95
2485;23/06/2023;2;5;6;7;11;12;23;42;43;44;66;74;76;79;82;84;85;86;89;92
2486;26/06/2023;6;13;16;17;28;33;40;45;46;48;52;67;72;73;79;85;93;94;97;98
2487;28/06/2023;0;2;3;8;14;18;23;25;27;31;48;62;65;76;83;84;88;90;91;95
2488;30/06/2023;1;2;9;19;20;25;27;51;54;56;59;61;62;63;67;73;81;90;95;99
2489;03/07/2023;4;7;14;21;22;37;38;41;45;46;53;66;76;77;78;81;85;87;93;94
2490;05/07/2023;0;2;10;13;23;28;31;35;37;40;42;45;52;64;77;79;81;88;90;92
2491;07/07/2023;0;1;11;14;15;20;26;32;40;49;50;57;61;63;70;73;78;82;85;99
2492;10/07/2023;1;2;10;12;15;17;26;27;28;30;37;48;54;55;71;77;78;83;86;97
2493;12/07/2023;12;15;24;25;26;28;46;49;54;63;69;74;75;78;82;84;88;89;92;99
2494;14/07/2023;7;24;36;38;39;47;50;53;56;57;58;64;65;71;74;77;80;81;86;89
2495;17/07/2023;5;19;23;36;42;48;49;63;66;68;69;78;79;84;85;88;91;95;97;98
2496;19/07/2023;0;7;20;30;34;35;38;43;51;52;54;57;58;61;69;74;82;83;88;97
2497;21/07/2023;2;3;7;10;12;16;17;23;24;25;32;33;34;45;47;49;74;76;82;83
2498;24/07/2023;4;5;6;8;13;27;32;35;39;44;61;62;63;68;75;85;89;90;92;94
2499;26/07/2023;0;2;5;6;21;28;33;34;37;44;53;61;65;68;78;80;86;89;90;92
2500;28/07/2023;24;27;31;34;35;41;46;48;51;55;56;57;67;73;74;75;76;90;91;93
2501;31/07/2023;2;13;19;21;28;29;40;45;50;58;62;67;71;75;79;81;83;86;90;95
2502;02/08/2023;1;3;11;21;25;28;44;45;48;53;61;73;77;78;79;89;90;91;93;99
2503;04/08/2023;2;4;7;13;14;18;23;24;26;28;37;39;45;53;54;76;79;87;94;99
2504;07/08/2023;0;11;22;25;33;34;39;40;47;50;57;59;60;61;63;67;68;80;87;94
2505;09/08/2023;1;3;10;11;14;16;18;24;25;29;34;41;44;50;52;58;70;71;73;96
2506;11/08/2023;5;14;16;19;29;30;33;43;49;50;52;53;54;57;61;77;83;86;93;98
2507;14/08/2023;5;10;11;18;19;22;25;26;29;35;37;50;53;57;62;75;84;87;89;98
2508;16/08/2023;0;2;9;10;11;20;22;40;44;46;51;58;60;71;73;77;80;87;92;99
2509;18/08/2023;0;5;6;15;16;23;27;34;37;52;55;59;60;62;63;67;71;76;89;92
2510;21/08/2023;0;11;18;20;25;30;32;39;45;55;67;71;73;79;80;88;91;93;95;97
2511;23/08/2023;0;4;16;19;24;30;35;41;46;55;62;63;72;74;83;84;85;94;95;99
2512;25/08/2023;0;4;10;11;27;29;33;45;49;50;58;67;74;81;83;84;85;89;91;92
2513;28/08/2023;5;6;19;24;25;28;36;38;40;48;50;56;59;64;68;69;79;87;98;99
2514;30/08/2023;5;7;12;20;23;28;31;40;47;56;58;68;69;76;80;81;83;92;93;96
2515;01/09/2023;4;7;13;15;16;18;19;27;28;35;46;61;73;74;75;78;83;84;87;94
2516;04/09/2023;15;16;18;28;29;30;34;42;43;46;53;60;63;77;79;81;85;89;90;94
2517;06/09/2023;13;26;34;35;37;38;44;46;53;54;55;58;63;73;74;81;89;90;91;97
2518;08/09/2023;1;8;12;19;33;34;42;45;50;51;53;60;73;74;77;91;92;95;96;98
2519;11/09/2023;1;2;6;10;18;21;22;25;35;41;47;57;59;60;68;70;79;82;85;93
2520;13/09/2023;5;9;15;16;19;33;42;44;46;49;51;55;56;60;63;67;69;82;85;91
2521;15/09/2023;6;8;14;18;19;34;46;48;49;51;53;60;64;67;70;72;90;94;96;99
2522;18/09/2023;5;7;13;15;16;19;21;22;25;33;37;43;65;70;73;78;93;95;96;98
2523;20/09/2023;6;11;21;23;27;39;41;45;59;67;69;74;76;77;78;83;85;89;91;92
2524;22/09/2023;4;7;16;22;24;33;34;36;42;43;44;47;50;58;74;81;82;88;94;95
2525;25/09/2023;0;2;4;5;6;12;29;31;38;39;43;54;60;62;67;79;83;86;87;99
2526;27/09/2023;2;16;17;21;27;37;41;42;47;53;63;65;66;69;80;81;84;86;87;98
2527;29/09/2023;17;25;36;37;43;47;49;52;57;60;61;63;65;66;68;73;81;83;87;94
2528;02/10/2023;5;6;8;11;14;19;23;24;36;41;54;55;63;66;67;75;83;84;96;97
2529;04/10/2023;0;3;5;11;12;21;22;35;39;40;46;53;54;59;63;67;77;86;97;99
2530;06/10/2023;0;3;14;37;38;39;41;46;47;51;56;60;62;67;69;72;82;85;88;96
2531;09/10/2023;3;6;13;21;27;40;48;49;51;54;55;56;59;67;74;80;81;87;92;94
2532;11/10/2023;0;3;6;11;13;19;20;25;31;34;38;39;47;51;52;66;75;77;78;93
2533;13/10/2023;3;7;12;17;19;23;28;33;34;39;42;44;47;51;53;54;60;67;71;96
2534;16/10/2023;7;8;9;27;30;33;36;52;55;56;62;63;69;71;77;83;87;95;96;99
2535;18/10/2023;4;8;11;13;15;18;24;29;30;32;47;61;66;76;79;80;82;93;94;98
2536;20/10/2023;1;5;20;24;26;28;32;46;48;53;58;66;68;70;71;74;81;85;89;96
2537;23/10/2023;3;5;9;10;34;39;42;45;46;49;51;64;65;66;69;73;80;81;89;99
2538;25/10/2023;0;11;13;16;22;25;28;29;38;40;45;52;56;64;69;79;86;94;95;96
2539;27/10/2023;2;4;21;22;27;29;33;36;38;39;44;48;51;54;56;58;61;76;88;97
2540;30/10/2023;1;13;19;20;22;24;28;34;36;37;51;53;67;68;69;80;81;85;89;90
2541;01/11/2023;9;13;14;17;19;23;25;27;36;42;46;49;59;65;70;75;82;85;87;90
2542;03/11/2023;4;7;10;13;20;22;25;27;29;33;38;44;50;62;63;71;73;75;85;91
2543;06/11/2023;2;3;9;11;14;23;29;35;39;41;46;56;62;69;74;79;88;92;94;95
2544;08/11/2023;0;14;15;21;24;32;36;38;41;48;50;54;66;68;79;82;84;87;94;96
2545;10/11/2023;1;6;15;19;22;25;28;31;37;41;42;50;52;62;63;69;84;87;90;93
2546;13/11/2023;9;12;17;23;27;35;41;43;51;69;72;73;78;83;85;88;90;93;94;96
2547;16/11/2023;10;12;17;26;30;33;37;61;62;64;66;67;72;75;78;79;83;88;94;99
2548;17/11/2023;6;7;13;15;17;22;24;30;33;41;50;51;62;63;67;69;84;86;88;94
2549;20/11/2023;0;1;5;13;15;23;26;28;34;57;58;59;68;69;76;79;82;84;91;96
2550;22/11/2023;5;11;15;19;21;24;33;38;40;42;49;56;66;69;78;80;81;83;95;97
2551;24/11/2023;3;5;8;12;23;33;36;39;42;43;47;57;58;61;66;67;71;72;85;98
2552;27/11/2023;9;11;12;19;29;36;40;51;55;62;63;66;70;76;78;82;92;93;94;97
2553;29/11/2023;7;17;25;29;30;35;40;41;43;46;54;56;66;71;78;85;87;89;93;94
2554;01/12/2023;3;6;7;16;19;24;25;27;29;30;34;36;50;51;54;76;82;87;93;98
2555;04/12/2023;2;5;17;20;22;23;28;29;30;33;50;51;56;59;60;64;65;90;96;99
2556;06/12/2023;5;8;10;13;14;23;24;27;28;30;34;36;48;49;50;69;73;77;86;99
2557;08/12/2023;0;2;4;8;22;26;40;48;52;55;61;68;70;73;80;81;82;85;90;98
2558;11/12/2023;4;10;11;14;15;19;21;23;33;36;38;43;44;47;58;69;70;76;77;92
2559;13/12/2023;16;23;31;36;37;41;46;49;53;56;59;67;71;72;79;82;92;94;97;98
2560;15/12/2023;8;15;16;20;22;32;36;39;43;52;56;64;65;70;77;79;81;87;88;91
2561;18/12/2023;1;2;11;13;24;25;26;30;32;33;42;44;46;48;52;55;68;74;79;82
2562;20/12/2023;5;6;10;15;24;25;35;43;44;50;51;53;56;69;70;73;77;80;85;86
2563;22/12/2023;0;2;24;26;34;53;55;56;57;58;59;64;70;73;74;85;93;94;96;99
2564;26/12/2023;1;3;6;7;12;15;41;43;49;59;63;73;78;79;82;90;91;93;94;97
2565;27/12/2023;0;1;4;16;21;24;25;28;31;32;41;46;63;64;65;67;68;72;86;98
2566;29/12/2023;1;4;10;20;21;24;42;43;51;55;71;72;77;78;79;86;87;90;94;95
2567;03/01/2024;0;5;10;12;19;27;31;32;34;38;39;42;45;48;62;64;65;66;96;97
2568;05/01/2024;0;1;9;13;24;33;45;47;54;61;67;78;79;81;85;88;89;90;93;98
2569;08/01/2024;4;10;13;15;20;23;28;30;45;46;47;56;61;66;72;77;82;89;93;98
2570;10/01/2024;6;9;19;21;23;32;34;36;45;49;62;65;66;67;86;88;89;91;92;95
2571;12/01/2024;7;9;12;15;26;29;34;38;44;51;57;66;67;69;70;72;74;76;85;93
2572;15/01/2024;1;3;4;13;14;20;23;25;34;48;61;66;69;74;80;85;86;91;92;94
2573;17/01/2024;10;17;18;20;22;46;48;49;57;61;62;66;77;79;81;84;95;96;97;98
2574;19/01/2024;6;8;11;16;25;30;35;37;40;44;57;58;71;73;74;77;80;85;89;95
2575;22/01/2024;4;13;23;30;34;50;52;54;56;58;67;68;69;73;74;80;87;91;96;99
2576;24/01/2024;4;7;10;28;31;32;34;46;48;49;52;60;68;69;72;78;88;91;95;98
2577;26/01/2024;0;1;2;5;14;19;22;24;32;35;38;41;46;50;54;60;77;79;90;97
2578;29/01/2024;7;8;10;13;14;21;34;41;45;55;56;59;62;66;73;78;79;88;90;98
2579;31/01/2024;5;11;13;39;41;45;46;49;52;54;60;61;67;70;79;85;87;89;90;94
2580;02/02/2024;0;1;2;3;5;19;43;46;47;54;59;61;70;78;83;85;87;88;90;94
2581;05/02/2024;1;16;20;21;26;33;35;37;40;53;56;57;66;74;75;76;79;84;92;95
2582;07/02/2024;0;1;2;8;9;13;24;31;41;50;53;58;65;68;71;78;92;93;94;97
2583;09/02/2024;12;21;24;28;33;39;58;59;60;64;65;68;69;76;78;79;82;89;97;98
2584;14/02/2024;0;2;25;29;36;40;50;61;63;64;65;66;73;74;76;77;80;81;82;85
2585;16/02/2024;0;17;22;30;40;41;46;49;51;63;70;71;77;80;87;88;89;92;93;94
2586;19/02/2024;0;1;3;4;7;10;15;33;35;38;41;42;43;48;56;72;74;81;87;99
2587;21/02/2024;0;4;10;12;16;23;28;34;41;44;54;56;64;72;76;79;85;90;98;99
2588;23/02/2024;2;11;14;21;23;26;32;33;35;45;47;53;56;58;69;77;78;82;84;85
2589;26/02/2024;1;4;8;10;13;20;27;33;35;39;42;48;53;63;74;79;84;85;90;92
2590;28/02/2024;2;12;17;20;21;24;28;30;41;42;62;67;69;70;82;83;84;86;92;96
2591;01/03/2024;3;14;16;31;35;37;38;51;58;61;67;68;69;72;74;86;88;94;95;99
2592;04/03/2024;4;5;6;9;13;15;28;32;39;41;49;57;64;65;67;69;79;88;91;94
2593;06/03/2024;8;9;11;17;18;21;22;24;27;40;43;51;56;59;64;68;72;83;85;88
2594;08/03/2024;1;2;8;10;15;39;44;48;53;54;55;69;72;74;83;86;91;93;96;98
2595;11/03/2024;4;14;22;23;28;45;55;61;63;64;70;73;74;75;77;79;81;92;93;94
2596;13/03/2024;12;22;23;24;26;33;45;47;49;53;55;65;66;69;78;79;81;82;87;89
2597;15/03/2024;10;24;25;28;33;37;38;42;50;54;59;62;74;77;78;85;86;91;95;96
2598;18/03/2024;9;14;17;21;22;24;31;34;38;41;44;45;60;63;66;68;70;77;82;92
2599;20/03/2024;10;14;16;18;19;21;22;25;38;39;46;56;57;64;71;77;90;93;98;99
2600;22/03/2024;0;2;5;9;11;19;33;37;41;43;47;50;53;54;64;71;76;87;93;94
2601;25/03/2024;9;14;15;16;17;24;26;40;41;44;49;50;52;54;59;66;68;83;92;98
2602;27/03/2024;7;9;15;16;20;27;31;38;43;44;50;63;70;73;77;80;82;90;95;99
2603;01/04/2024;6;8;20;25;27;28;42;43;46;50;51;62;73;78;82;84;85;95;96;97
2604;03/04/2024;7;8;10;12;19;21;25;27;37;43;45;48;69;75;80;82;84;88;92;93
2605;05/04/2024;0;13;16;18;19;22;24;33;34;38;48;64;69;73;76;77;78;83;91;99
2606;08/04/2024;0;1;13;29;30;37;39;43;48;52;61;64;72;73;74;76;87;97;98;99
2607;10/04/2024;1;6;10;11;20;22;23;27;33;34;38;39;43;49;58;59;62;70;89;91
2608;12/04/2024;0;2;10;13;15;17;21;27;38;42;43;45;49;51;73;74;78;81;84;92
2609;15/04/2024;0;3;19;25;26;28;31;38;39;42;44;49;55;69;75;76;80;86;92;98
2610;17/04/2024;4;16;17;18;38;39;41;56;59;62;64;68;70;73;83;85;86;95;98;99
2611;19/04/2024;10;13;28;29;37;43;48;53;56;59;74;76;77;79;80;83;86;87;91;92
2612;22/04/2024;4;7;9;13;16;17;26;30;36;40;47;49;51;52;71;76;79;83;84;93
2613;24/04/2024;3;12;21;25;33;40;43;45;47;53;61;63;71;72;74;78;79;80;94;99
2614;26/04/2024;0;3;8;10;14;15;18;19;34;40;50;56;76;81;83;84;86;89;92;97
2615;29/04/2024;11;13;15;18;20;22;29;32;50;53;61;67;72;76;79;82;84;88;90;93
2616;03/05/2024;5;12;20;29;33;35;36;37;40;44;54;59;60;62;70;79;81;82;83;97
2617;06/05/2024;1;12;19;20;23;25;29;40;54;55;58;61;69;71;81;86;90;91;93;98
2618;08/05/2024;2;5;6;11;13;29;34;41;44;45;48;51;52;61;66;74;76;80;83;96
2619;10/05/2024;1;3;6;11;14;19;31;33;38;44;57;64;71;73;75;77;81;82;86;89
2620;13/05/2024;2;5;12;13;16;27;32;34;40;43;44;50;52;53;59;60;70;84;87;94
2621;15/05/2024;2;6;9;15;26;29;33;41;59;60;74;76;77;78;79;87;88;94;97;98
2622;17/05/2024;1;7;10;12;13;14;21;23;34;38;43;46;55;56;67;68;75;83;88;94
2623;20/05/2024;3;14;15;20;25;26;46;49;58;62;65;68;75;76;79;84;85;89;96;98
2624;22/05/2024;6;7;9;12;14;21;25;26;32;43;44;47;53;55;78;80;82;84;86;92
2625;24/05/2024;1;7;11;19;22;26;34;36;38;40;41;50;54;58;67;74;75;81;85;93
2626;27/05/2024;4;8;13;16;17;21;34;35;36;37;38;42;46;47;51;63;71;84;89;94
2627;29/05/2024;0;2;3;8;15;24;31;32;37;47;49;58;62;64;74;81;83;94;95;99
2628;31/05/2024;1;8;9;10;12;13;24;42;43;60;63;67;71;74;75;83;84;93;95;98
2629;03/06/2024;4;8;10;12;15;24;30;31;37;38;42;54;57;60;62;79;86;89;92;95
2630;05/06/2024;4;6;14;15;17;28;31;43;47;53;61;64;67;68;69;73;80;88;92;95
2631;07/06/2024;2;3;6;13;22;23;30;42;43;45;55;57;59;77;78;79;90;91;93;98
2632;10/06/2024;7;10;13;14;21;23;30;32;42;46;48;52;53;62;70;81;82;83;86;97
2633;12/06/2024;3;5;9;13;14;16;18;21;28;34;40;46;51;52;60;80;81;90;94;99
2634;14/06/2024;6;8;9;10;13;29;31;35;36;44;49;63;69;70;77;81;90;91;94;98
2635;17/06/2024;1;5;10;12;13;16;25;26;29;30;35;37;43;56;60;67;75;79;93;97
2636;19/06/2024;13;18;19;22;32;40;44;45;49;51;53;57;60;66;74;78;86;89;91;92
2637;21/06/2024;7;9;10;12;15;17;20;27;28;30;31;41;44;57;60;71;75;79;92;98
2638;24/06/2024;4;14;18;19;21;25;28;41;48;49;59;63;65;67;73;75;77;82;84;90
2639;26/06/2024;2;8;11;14;23;29;36;37;38;44;53;55;60;66;77;82;85;90;95;99
2640;28/06/2024;1;3;8;10;16;20;22;23;35;36;50;55;61;66;67;74;75;80;82;87
2641;01/07/2024;3;4;9;12;18;21;22;26;28;29;32;48;64;69;72;75;85;87;90;97
2642;03/07/2024;5;6;13;17;19;20;21;30;33;43;48;49;56;60;62;82;89;92;95;99
2643;05/07/2024;5;7;13;15;16;17;20;28;29;30;31;40;44;54;56;65;67;78;86;96
2644;08/07/2024;6;7;9;11;16;19;23;37;41;44;45;49;54;58;63;65;67;74;85;91
2645;10/07/2024;0;6;17;19;21;37;46;53;54;60;61;66;72;74;75;77;80;82;84;95
2646;12/07/2024;4;5;11;12;14;20;25;40;41;52;54;59;60;62;77;79;80;87;89;96
2647;15/07/2024;2;8;9;24;33;44;48;50;53;54;56;68;80;81;87;89;91;92;97;98
2648;17/07/2024;7;10;12;13;25;31;38;51;54;58;63;69;72;78;84;86;87;90;93;96
2649;19/07/2024;7;9;12;27;31;36;43;45;51;53;58;64;68;73;75;82;85;87;92;95
2650;22/07/2024;5;6;12;13;18;38;41;44;47;51;55;61;76;80;82;83;85;90;94;95
2651;24/07/2024;3;4;20;32;37;42;43;49;53;57;68;69;76;78;80;85;86;90;95;99
2652;26/07/2024;1;9;15;22;24;32;34;39;41;42;47;53;62;69;75;82;88;89;91;92
2653;29/07/2024;3;6;14;15;18;25;40;53;62;65;68;69;72;73;75;78;82;95;96;97
2654;31/07/2024;3;7;8;15;16;17;20;22;30;48;49;53;62;63;67;72;75;77;79;91
2655;02/08/2024;4;5;8;10;24;35;46;54;59;60;61;65;70;71;74;78;85;87;90;93
2656;05/08/2024;1;4;11;14;15;18;22;26;31;46;47;48;50;53;58;73;76;85;90;97
2657;07/08/2024;4;6;9;18;26;29;30;34;38;46;47;56;62;63;64;65;66;73;83;85
2658;09/08/2024;5;12;13;14;15;18;19;20;27;33;34;42;45;56;64;65;74;87;91;98
2659;12/08/2024;6;13;34;37;38;49;51;52;55;60;62;66;67;68;79;81;84;85;97;99
2660;14/08/2024;0;1;4;5;12;14;19;25;28;37;42;56;57;61;65;70;74;75;76;86
2661;16/08/2024;10;11;14;22;27;28;32;33;38;42;44;46;50;51;56;58;79;80;91;97
2662;19/08/2024;2;5;9;15;21;28;31;38;46;52;58;60;63;65;73;74;82;89;91;97
2663;21/08/2024;0;5;7;8;17;24;26;29;30;32;35;39;40;43;45;57;65;68;83;92
2664;23/08/2024;3;9;12;17;19;22;23;25;35;36;50;51;53;57;67;69;72;78;89;94
2665;26/08/2024;10;13;28;43;46;47;49;53;58;61;69;71;74;76;78;80;83;90;96;98
2666;28/08/2024;0;2;11;13;29;33;41;52;53;57;61;62;63;75;79;83;84;87;94;96
2667;30/08/2024;0;1;16;18;19;21;23;29;32;60;63;66;70;73;81;85;86;91;96;97
2668;02/09/2024;3;10;27;29;31;32;36;38;40;42;44;55;63;75;80;83;85;88;93;95
2669;04/09/2024;0;2;10;12;18;32;36;45;47;51;54;68;77;79;86;93;96;97;98;99
2670;06/09/2024;5;8;12;13;16;32;33;34;40;46;51;54;58;62;64;69;74;88;90;95
2671;09/09/2024;2;5;6;7;19;21;29;34;39;44;46;56;59;60;61;68;71;80;82;84
2672;11/09/2024;0;2;10;22;24;32;40;43;48;63;67;71;75;78;79;80;84;88;89;95
2673;13/09/2024;0;2;7;11;15;20;24;39;47;49;51;59;66;68;73;76;79;85;87;88
2674;16/09/2024;3;8;9;10;14;18;19;27;29;31;44;54;64;69;75;79;87;88;93;95
2675;18/09/2024;1;10;12;16;17;18;27;32;44;51;54;60;63;67;69;76;82;86;91;94
2676;20/09/2024;6;11;25;31;34;35;39;43;48;52;53;57;60;64;67;76;80;83;93;96
2677;23/09/2024;1;7;22;25;26;32;38;39;41;43;44;45;52;54;56;68;79;87;92;96
2678;25/09/2024;2;5;11;15;17;18;23;24;33;36;40;42;46;48;54;61;72;74;88;96
2679;27/09/2024;2;5;7;24;29;38;42;49;52;59;63;65;67;72;73;79;80;85;90;98
2680;30/09/2024;0;6;15;22;29;30;33;36;37;42;60;69;73;76;78;82;89;91;95;98
2681;02/10/2024;12;16;18;25;31;35;37;38;56;58;62;67;69;71;72;88;95;96;98;99
2682;04/10/2024;1;6;10;17;19;23;25;29;32;35;36;42;44;63;69;71;76;85;90;95
2683;07/10/2024;2;4;19;25;26;33;34;39;42;45;48;60;62;64;71;81;85;88;92;95
2684;09/10/2024;10;11;12;13;19;21;22;23;33;36;40;41;44;52;54;68;73;81;83;95
2685;11/10/2024;1;12;13;17;18;21;22;24;26;38;47;50;52;56;59;62;71;84;87;88
2686;14/10/2024;3;7;9;15;18;23;24;38;50;53;56;60;62;64;65;66;69;77;89;95
2687;16/10/2024;1;11;12;16;20;25;47;52;54;56;58;59;61;64;79;81;82;83;92;96
2688;18/10/2024;4;11;22;24;33;34;37;39;44;50;56;57;62;66;72;79;80;82;84;97
2689;21/10/2024;10;13;14;15;16;21;25;27;33;34;45;51;54;65;67;74;82;86;92;97
2690;23/10/2024;9;12;16;17;31;34;38;39;51;53;56;65;71;79;80;84;90;95;96;98
2691;25/10/2024;5;6;19;24;31;32;34;35;36;39;49;53;62;66;70;72;78;80;91;99
2692;28/10/2024;11;12;18;19;21;29;32;38;49;52;56;58;61;62;65;66;67;79;84;86
2693;30/10/2024;1;9;10;11;19;24;28;36;39;40;42;53;54;61;75;78;85;92;93;98
2694;01/11/2024;2;11;15;21;22;26;28;29;30;33;35;44;49;53;61;67;79;81;87;91
2695;04/11/2024;6;19;26;30;32;37;41;52;53;57;60;63;65;75;81;83;85;90;92;94
2696;06/11/2024;8;17;31;38;39;43;44;47;49;51;59;61;62;63;66;81;82;93;97;98
2697;08/11/2024;6;10;15;22;24;29;30;36;42;45;46;51;54;55;59;62;63;72;79;92
2698;11/11/2024;0;2;7;15;19;24;28;32;34;37;50;51;55;59;69;73;74;87;89;94
2699;13/11/2024;1;16;20;25;29;34;35;36;51;56;59;60;62;63;66;72;85;86;87;90
2700;18/11/2024;6;15;19;21;26;28;29;33;35;38;40;46;61;77;80;87;93;94;98;99
2701;22/11/2024;1;5;7;9;11;13;19;25;27;29;39;46;54;55;56;58;63;66;68;89
2702;25/11/2024;2;6;9;14;16;18;32;56;58;59;61;63;74;77;78;82;83;84;93;97
2703;27/11/2024;0;2;5;22;24;34;49;51;54;63;64;68;71;78;79;80;82;88;90;98
2704;29/11/2024;0;6;7;13;14;16;21;26;38;42;43;48;51;52;57;79;83;93;94;98
2705;02/12/2024;3;15;16;26;28;36;38;39;45;48;51;60;63;69;70;77;81;84;98;99
2706;04/12/2024;4;10;13;15;17;20;22;26;32;44;45;58;70;73;76;82;84;85;95;98
2707;06/12/2024;11;13;15;18;21;22;29;30;34;39;40;47;54;55;56;68;69;74;95;96
2708;09/12/2024;4;5;9;13;14;30;42;43;49;53;59;60;66;70;76;86;91;92;95;97
2709;11/12/2024;0;6;12;13;15;16;31;35;39;40;44;56;69;72;78;79;80;84;86;94
2710;13/12/2024;0;11;13;14;23;25;26;30;41;42;44;45;51;55;56;58;71;78;83;89
2711;16/12/2024;2;7;10;17;18;20;33;39;45;46;49;64;65;72;73;74;80;87;89;90
2712;18/12/2024;10;17;26;31;32;33;34;40;43;50;67;70;74;77;81;83;90;92;95;97
2713;20/12/2024;5;9;15;18;19;24;26;28;29;32;33;38;44;53;71;83;84;87;98;99
2714;23/12/2024;3;4;7;19;21;25;27;31;33;36;50;54;59;61;69;78;79;81;94;99
2715;27/12/2024;4;7;19;21;31;32;34;37;40;52;53;58;62;70;78;80;86;88;89;97
2716;30/12/2024;3;5;6;10;17;19;21;36;42;45;49;50;52;67;69;78;79;86;87;94
2717;03/01/2025;0;4;7;14;17;39;40;44;49;51;55;60;62;79;80;83;84;88;89;97
2718;06/01/2025;3;4;9;13;17;29;40;46;47;49;55;61;62;64;72;74;81;86;97;98
2719;08/01/2025;1;3;7;9;17;23;27;28;34;37;41;45;55;56;59;64;65;67;81;90
2720;10/01/2025;8;15;19;20;27;38;46;48;51;52;56;60;68;69;78;82;84;86;91;99
2721;13/01/2025;13;20;21;22;31;46;49;51;58;62;68;69;70;73;82;83;85;94;96;98
2722;15/01/2025;3;4;5;9;11;20;29;30;33;39;52;57;58;73;75;82;83;86;88;97
2723;17/01/2025;12;20;28;34;35;45;46;52;53;58;62;64;68;75;81;85;86;96;98;99
2724;20/01/2025;5;7;15;29;30;32;33;38;42;54;64;68;77;81;83;84;89;93;94;99
2725;22/01/2025;12;14;17;19;28;34;40;46;49;55;67;72;77;78;81;89;92;93;94;96
2726;24/01/2025;3;7;9;13;15;18;19;34;46;54;56;67;69;77;83;88;91;92;95;97
2727;27/01/2025;7;9;17;18;20;28;34;41;45;47;49;55;64;70;76;83;85;86;88;92
2728;29/01/2025;6;8;11;17;18;24;26;34;35;36;41;49;52;64;66;74;76;82;86;92
2729;31/01/2025;0;3;11;18;19;24;29;32;41;47;55;64;66;68;82;87;89;93;94;96
2730;03/02/2025;1;20;29;35;44;50;54;59;69;71;73;77;80;81;82;83;90;92;94;96
2731;05/02/2025;1;6;10;11;15;24;26;30;31;36;37;41;45;50;53;58;72;88;93;95
2732;07/02/2025;18;24;25;30;33;36;45;50;51;58;66;70;72;74;75;79;82;90;91;92
2733;10/02/2025;5;21;23;25;27;30;35;42;51;60;62;65;71;72;76;80;83;84;93;97
2734;12/02/2025;2;3;4;10;11;12;37;40;42;44;45;48;49;67;69;72;77;78;88;97
2735;14/02/2025;1;4;11;16;22;27;29;39;40;43;46;49;50;61;69;73;78;84;90;94
2736;17/02/2025;0;3;7;13;29;35;37;39;41;52;55;59;60;61;64;76;83;86;88;99
2737;19/02/2025;0;18;29;30;32;34;37;38;41;53;55;60;64;66;67;84;86;89;90;95
2738;21/02/2025;1;2;7;9;12;16;20;29;41;44;48;50;51;60;64;70;81;84;95;99
2739;24/02/2025;5;6;16;21;33;39;42;47;49;51;53;56;60;62;64;71;72;75;91;93
2740;26/02/2025;7;9;24;26;29;33;34;41;45;48;58;59;60;68;73;83;87;90;95;97
2741;28/02/2025;14;17;18;20;25;34;37;39;40;43;50;51;62;69;74;79;80;92;95;99
2742;05/03/2025;0;3;27;30;32;33;37;46;47;48;71;72;73;74;79;80;90;92;93;94
2743;07/03/2025;14;23;27;28;29;30;32;38;39;40;41;44;45;70;71;79;86;88;93;97
2744;10/03/2025;3;5;7;10;21;24;26;35;38;43;49;67;75;76;77;81;85;91;93;96
2745;12/03/2025;5;8;22;25;26;33;34;40;48;53;54;63;69;72;81;84;85;86;89;98
2746;14/03/2025;0;5;11;18;30;39;40;46;47;49;50;55;58;60;68;69;81;84;85;86
2747;17/03/2025;2;11;12;13;16;18;26;35;37;41;44;47;67;77;82;84;85;93;97;98
2748;19/03/2025;1;5;8;9;11;33;35;36;39;41;43;51;55;63;74;80;81;92;97;99
2749;21/03/2025;0;4;11;14;15;18;19;27;28;33;37;38;41;53;63;72;76;81;82;91
2750;24/03/2025;6;14;22;25;26;27;36;37;42;52;54;61;67;69;72;85;88;94;95;99
2751;26/03/2025;0;1;37;39;41;43;50;53;61;64;67;68;73;74;77;80;91;93;96;97
2752;28/03/2025;9;14;23;25;27;30;31;32;44;48;53;54;66;71;76;83;84;93;95;99
2753;31/03/2025;5;6;14;22;26;32;34;39;41;48;54;59;65;77;78;79;81;83;90;96
2754;02/04/2025;8;9;26;34;35;37;43;44;51;54;65;68;72;75;77;86;87;91;96;99
2755;04/04/2025;5;7;11;13;15;24;25;28;33;48;51;52;73;80;82;83;90;92;95;99
2756;07/04/2025;1;4;11;16;20;23;28;36;39;40;44;46;54;55;59;68;75;83;90;92
2757;09/04/2025;2;3;6;14;15;18;20;23;26;28;37;39;46;59;61;65;68;75;79;98
2758;11/04/2025;6;10;12;13;14;19;30;38;39;43;50;58;62;63;64;72;73;86;87;94
2759;14/04/2025;2;5;19;27;29;35;44;60;64;65;68;75;80;87;91;93;94;95;98;99
2760;16/04/2025;3;21;27;41;47;53;54;59;61;64;68;73;75;76;77;82;86;94;97;99
2761;23/04/2025;6;7;8;14;17;18;24;27;28;31;42;48;49;63;74;76;77;79;90;97
2762;25/04/2025;2;5;9;13;26;30;34;36;38;40;48;51;53;56;62;67;68;69;82;99
2763;28/04/2025;6;12;14;24;31;42;45;52;57;59;60;61;62;63;67;81;83;85;91;97
2764;30/04/2025;2;4;5;9;10;13;15;23;28;30;36;46;61;64;66;67;72;80;83;96
2765;02/05/2025;22;25;28;33;47;49;65;67;73;75;76;77;81;82;83;84;87;90;94;98
2766;05/05/2025;0;1;6;18;26;32;35;40;42;46;47;49;60;66;74;75;76;77;85;89
2767;07/05/2025;4;6;25;35;37;39;42;47;58;60;67;77;79;87;88;90;92;96;97;98
2768;09/05/2025;4;18;23;26;27;28;36;37;38;43;46;50;53;64;67;69;75;78;87;96
2769;12/05/2025;8;10;15;24;29;31;34;40;41;48;51;58;67;69;73;74;81;87;92;96
2770;14/05/2025;0;2;3;24;28;30;37;41;48;49;52;61;72;78;83;87;88;89;90;92
2771;16/05/2025;2;26;29;31;34;36;37;40;48;49;51;58;63;70;71;72;73;80;89;92
2772;19/05/2025;10;11;17;26;28;30;33;44;50;51;59;61;69;70;73;77;82;85;88;97
2773;21/05/2025;6;20;22;24;30;35;36;40;43;45;46;60;64;66;70;73;75;81;82;90
2774;23/05/2025;0;6;11;14;15;16;20;24;26;28;38;42;49;53;59;63;77;86;94;97
2775;26/05/2025;6;9;14;15;25;26;34;40;41;53;54;60;66;75;76;80;82;88;89;97
2776;28/05/2025;1;3;7;16;17;22;27;32;44;47;52;54;58;63;67;68;72;81;86;97
2777;30/05/2025;2;7;32;36;45;46;49;50;52;54;57;70;71;72;74;83;85;88;89;99
2778;02/06/2025;5;10;15;18;21;22;23;27;29;45;55;58;65;82;86;88;90;92;93;94
2779;04/06/2025;3;4;5;6;16;23;25;31;38;41;44;45;49;57;61;67;71;93;94;96
2780;06/06/2025;7;13;14;21;22;30;32;35;36;39;52;55;58;61;63;70;71;83;88;93
2781;09/06/2025;2;10;11;13;16;26;28;32;35;36;37;43;45;53;54;60;77;78;79;89
2782;11/06/2025;2;4;10;16;23;24;42;49;62;63;74;79;83;84;88;90;92;94;95;99
2783;13/06/2025;5;7;17;20;21;25;26;29;31;34;37;39;50;56;62;63;72;87;93;98
2784;16/06/2025;9;18;28;31;33;34;35;37;44;45;48;52;63;67;78;82;84;93;96;99
2785;18/06/2025;5;15;16;17;18;20;22;30;37;42;46;51;52;55;61;71;74;78;94;98
2786;20/06/2025;0;5;11;19;28;31;32;41;44;45;47;51;54;56;59;72;77;82;84;91
2787;23/06/2025;1;3;6;8;11;16;20;24;28;30;32;34;35;36;55;56;58;71;90;96
2788;25/06/2025;5;14;17;21;41;42;49;53;57;64;66;68;76;79;80;84;86;91;93;97
2789;27/06/2025;5;20;22;25;31;35;39;50;51;55;57;65;66;68;71;72;75;82;91;98
2790;30/06/2025;0;6;8;11;21;25;26;32;45;47;56;64;69;71;74;84;85;89;92;94
2791;02/07/2025;5;8;9;21;30;35;44;46;48;51;55;59;66;76;79;88;90;97;98;99
2792;04/07/2025;1;4;6;12;19;22;29;30;36;43;48;54;55;57;62;68;70;95;97;99
2793;07/07/2025;8;13;14;24;26;29;33;35;37;40;48;52;67;69;71;73;88;89;94;99
2794;09/07/2025;2;4;10;15;16;19;25;39;43;47;56;57;66;69;78;85;88;89;91;94
2795;11/07/2025;0;2;6;14;16;26;27;29;31;32;40;42;45;60;64;70;73;78;88;97
2796;14/07/2025;4;20;21;22;23;28;29;32;34;38;43;47;49;63;67;69;73;77;83;94
2797;16/07/2025;4;7;12;15;19;22;33;34;36;43;44;50;59;67;70;81;84;87;90;96
2798;18/07/2025;1;5;12;13;14;24;29;30;35;36;38;41;55;60;75;78;82;85;90;98
2799;21/07/2025;1;4;7;11;16;24;25;28;37;40;53;57;59;63;65;69;71;76;84;95
2800;23/07/2025;2;3;7;16;23;26;30;34;37;43;44;46;48;50;60;71;75;76;88;94
2801;25/07/2025;3;4;5;8;13;25;39;49;55;58;61;68;74;80;81;86;89;95;98;99
2802;28/07/2025;10;13;14;22;27;39;49;60;65;74;75;77;79;80;83;87;92;95;98;99
2803;30/07/2025;0;3;12;13;15;16;26;28;30;41;50;55;56;60;66;68;69;71;82;91
2804;01/08/2025;4;11;13;15;31;32;33;36;40;44;49;52;67;69;77;87;88;91;96;98
2805;04/08/2025;1;3;4;12;13;14;15;27;33;40;43;47;52;58;60;68;77;81;91;94
2806;06/08/2025;6;12;18;20;24;26;36;38;44;46;61;62;71;81;85;90;92;94;95;96
2807;08/08/2025;13;22;25;28;35;37;42;44;48;50;51;58;69;70;78;80;94;95;97;99
2808;11/08/2025;3;11;12;15;25;26;27;31;32;39;52;57;58;65;72;74;80;83;84;97
2809;13/08/2025;8;17;19;23;25;30;41;48;50;53;65;71;72;75;81;84;88;95;96;99
2810;15/08/2025;3;4;6;8;20;22;28;33;37;44;53;54;55;58;61;63;73;77;82;95
2811;18/08/2025;5;22;28;33;37;44;46;47;48;54;55;57;68;70;77;79;81;87;92;96
2812;20/08/2025;2;6;7;17;20;22;25;32;37;43;49;55;58;71;74;79;81;83;87;95
2813;22/08/2025;7;9;16;20;36;40;47;50;54;58;66;74;76;77;80;84;86;89;90;99
2814;25/08/2025;2;5;18;19;22;25;26;28;31;35;40;43;65;71;72;73;79;81;93;96
2815;27/08/2025;1;4;5;8;9;32;38;43;52;53;58;62;63;64;68;78;79;86;88;89
2816;29/08/2025;8;13;14;21;26;28;31;34;43;44;50;52;54;64;73;74;78;84;90;91
2817;01/09/2025;0;1;4;9;16;20;26;35;49;54;65;72;73;84;85;87;93;94;97;98
2818;03/09/2025;3;4;8;15;30;31;32;34;52;53;55;57;58;62;71;72;79;86;89;93
2819;05/09/2025;0;13;16;19;24;28;35;38;44;46;52;53;62;69;71;75;77;79;86;89
2820;08/09/2025;0;1;2;16;18;22;29;30;35;37;41;47;50;65;67;70;75;86;93;97
2821;10/09/2025;8;16;17;19;23;25;30;36;40;44;48;51;64;66;77;83;88;94;95;98
2822;12/09/2025;12;13;18;20;29;34;37;38;41;50;52;58;60;70;72;74;76;89;90;99
2823;15/09/2025;2;8;9;12;13;17;18;26;41;44;61;67;76;77;79;80;82;84;87;90
2824;17/09/2025;2;4;8;13;14;23;24;32;42;43;44;48;49;64;67;68;80;85;87;93
2825;19/09/2025;3;28;29;30;38;45;50;53;54;57;59;60;61;62;80;83;84;89;91;95
2826;22/09/2025;9;10;15;16;17;24;25;26;31;32;41;42;45;48;71;72;79;84;87;95
2827;24/09/2025;10;11;17;18;19;24;27;31;37;42;43;57;58;64;66;71;85;93;94;95
2828;26/09/2025;3;5;10;17;22;23;29;39;48;56;57;63;67;71;74;82;84;87;94;99
2829;29/09/2025;2;7;9;16;22;24;27;40;45;57;62;64;65;72;75;86;90;94;96;98
2830;01/10/2025;0;12;14;18;22;23;25;29;30;33;34;49;55;67;71;80;83;84;92;93
2831;03/10/2025;4;5;7;15;16;24;25;28;38;41;43;47;61;64;69;70;77;81;85;87
2832;06/10/2025;3;14;18;20;22;23;25;30;40;47;49;53;63;66;82;87;90;92;93;98
2833;08/10/2025;15;19;22;30;33;40;44;46;49;54;57;61;66;70;71;75;81;82;97;99
2834;10/10/2025;9;13;27;40;41;42;43;47;53;61;62;65;66;67;72;77;88;92;93;94
2835;13/10/2025;7;8;24;27;29;33;40;46;49;50;66;68;75;81;82;86;88;92;98;99
2836;15/10/2025;15;20;24;26;27;46;47;50;51;54;55;56;58;59;66;82;85;88;90;99
2837;17/10/2025;1;6;8;10;11;15;19;22;38;43;50;61;62;65;69;74;77;84;85;99
2838;20/10/2025;5;6;12;16;23;24;31;34;35;36;43;53;58;63;82;85;86;87;97;99
2839;22/10/2025;2;9;13;23;26;38;45;48;51;56;61;69;73;76;77;83;87;93;95;98
2840;24/10/2025;3;4;7;19;22;24;30;32;38;39;42;43;46;47;50;51;62;68;72;95
2841;27/10/2025;0;7;8;10;13;16;24;26;31;37;39;41;42;43;52;57;70;73;75;82
2842;29/10/2025;5;6;10;11;12;21;25;27;35;44;48;54;63;64;67;75;76;83;84;86
2843;31/10/2025;1;5;19;24;27;30;38;43;47;52;54;57;61;62;73;74;85;92;94;96
2844;03/11/2025;1;2;5;14;16;26;31;32;34;49;51;54;61;66;70;77;91;95;96;97
2845;05/11/2025;16;21;30;31;37;39;44;53;54;58;68;69;73;75;81;83;85;86;90;96
2846;07/11/2025;12;13;14;16;25;28;33;39;41;42;53;60;67;68;73;74;76;92;93;97
2847;10/11/2025;0;5;7;13;20;23;25;26;27;43;44;48;51;55;70;71;72;73;82;97
2848;12/11/2025;1;2;7;8;19;21;25;27;37;38;47;49;52;59;64;66;74;85;88;92
2849;14/11/2025;11;16;18;23;25;34;35;39;42;53;54;58;60;66;67;71;74;88;90;91
2850;17/11/2025;1;15;18;28;31;32;34;41;52;58;61;62;64;68;71;72;75;83;85;91
2851;19/11/2025;2;8;15;20;24;25;30;34;37;40;43;51;60;62;67;77;81;85;87;94
2852;21/11/2025;1;2;4;6;17;20;21;25;33;37;38;43;53;55;67;75;83;90;94;99
2853;24/11/2025;11;27;37;41;43;52;53;57;60;62;66;68;71;73;77;79;82;87;90;95
2854;26/11/2025;2;4;5;7;18;25;26;28;37;38;40;42;50;54;57;68;73;76;88;89
2855;28/11/2025;3;8;12;15;20;29;42;43;45;47;50;53;62;67;73;75;81;86;87;96
2856;01/12/2025;0;2;4;8;9;10;12;14;15;42;43;53;67;69;72;79;85;93;98;99
2857;03/12/2025;4;12;13;20;22;26;30;34;36;52;69;74;77;80;82;87;92;95;96;99
2858;05/12/2025;1;3;6;8;9;20;24;25;43;44;52;58;61;66;67;77;88;89;90;93
2859;08/12/2025;2;11;12;14;17;19;20;28;31;32;41;51;55;68;73;75;77;90;98;99
2860;10/12/2025;0;1;5;6;9;12;14;22;25;29;31;34;39;47;66;67;72;79;80;98
2861;12/12/2025;4;13;17;22;29;32;36;46;50;57;66;71;75;77;81;86;89;90;95;99
2862;15/12/2025;1;3;4;6;16;18;25;27;28;35;42;54;59;63;74;76;80;88;93;97
2863;17/12/2025;18;28;29;30;32;37;47;60;61;71;72;78;81;82;85;87;88;89;93;96
2864;19/12/2025;1;4;15;17;18;22;23;32;37;40;42;71;73;77;79;81;84;96;98;99
2865;22/12/2025;2;17;25;34;40;41;46;49;52;55;57;63;71;75;76;80;84;88;97;99
2866;24/12/2025;7;16;17;18;23;24;38;41;44;45;50;52;56;58;66;75;76;80;90;94
2867;26/12/2025;4;5;11;22;27;28;34;36;38;44;47;48;51;62;65;66;72;87;89;93
2868;29/12/2025;3;18;19;24;25;26;28;31;41;48;62;63;68;73;81;85;88;92;94;96
2869;01/01/2026;1;11;18;22;27;32;36;37;44;45;47;53;66;70;77;84;86;92;93;95
2870;02/01/2026;4;6;12;13;25;28;29;38;40;43;44;48;53;60;65;67;68;72;84;92
2871;05/01/2026;1;5;9;10;12;14;20;22;28;30;31;51;55;67;74;80;86;87;93;97
2872;07/01/2026;1;10;12;14;16;18;21;27;47;53;57;58;61;69;70;76;80;81;89;90
2873;09/01/2026;2;3;5;10;11;19;23;24;38;39;49;50;57;60;62;74;75;80;86;92
2874;12/01/2026;1;4;11;15;18;32;36;37;43;44;45;46;48;50;66;76;78;80;81;86
2875;14/01/2026;9;11;12;24;27;32;34;44;51;53;54;55;67;69;71;75;80;81;88;97
2876;16/01/2026;2;22;29;30;36;37;41;48;51;55;67;68;69;75;82;85;89;90;91;95
2877;19/01/2026;2;4;5;9;17;18;21;24;36;42;43;52;60;62;69;72;85;86;91;99
2878;21/01/2026;1;5;14;17;30;33;41;42;49;52;55;65;68;77;79;81;84;90;93;95
2879;23/01/2026;5;11;14;15;19;21;28;32;53;57;58;61;64;68;78;79;84;86;92;98
2880;26/01/2026;10;23;24;26;27;38;39;40;42;46;47;51;58;59;67;69;87;89;94;96
2881;28/01/2026;5;7;10;16;24;25;27;33;47;48;50;60;64;74;79;83;84;85;88;99
2882;30/01/2026;1;3;6;9;14;15;16;19;23;31;32;41;44;63;64;66;71;77;91;97
2883;02/02/2026;3;5;13;16;21;28;33;35;40;43;47;53;61;63;71;73;76;77;81;89
2884;04/02/2026;0;3;8;14;23;30;32;37;38;41;45;55;58;60;71;74;77;78;80;91
2885;06/02/2026;0;10;13;14;18;27;32;42;43;44;49;52;55;60;61;69;73;76;81;82
2886;09/02/2026;1;3;5;12;13;28;35;48;49;50;72;74;75;76;77;80;81;82;90;92
2887;11/02/2026;0;2;4;5;13;14;20;30;36;49;69;76;77;78;81;85;88;90;96;97
2888;13/02/2026;4;10;18;21;24;36;40;43;44;51;59;65;67;76;80;82;83;87;93;97
2889;18/02/2026;0;2;9;13;15;16;24;33;38;39;43;57;60;65;67;69;77;85;88;92
2890;20/02/2026;1;13;20;23;26;28;30;48;55;56;67;69;73;82;87;88;89;90;95;96
2891;23/02/2026;2;10;11;22;26;29;30;32;36;44;46;48;53;55;57;61;72;86;96;97
2892;25/02/2026;9;13;28;32;40;42;45;48;57;59;61;64;66;70;75;76;77;78;80;92
2893;27/02/2026;0;2;5;6;16;23;29;32;39;43;44;51;53;61;67;68;89;93;98;99
2894;02/03/2026;4;6;12;15;17;19;24;27;32;38;40;47;52;63;71;74;75;78;80;84
2895;04/03/2026;1;16;22;23;27;29;30;32;42;44;45;55;58;66;79;88;89;90;91;97
2896;06/03/2026;9;11;12;13;24;25;26;28;31;34;36;39;42;43;53;75;76;78;83;87
2897;09/03/2026;9;11;19;24;25;31;38;43;46;47;48;66;69;70;73;83;84;88;90;94
2898;11/03/2026;0;2;4;6;11;15;20;28;37;39;45;51;52;53;59;62;73;75;79;97
2899;13/03/2026;23;26;27;29;31;37;49;52;55;58;61;71;74;79;82;88;89;95;96;97
2900;16/03/2026;4;11;14;26;27;29;30;35;40;41;43;58;62;64;83;90;92;95;96;98
2901;18/03/2026;5;6;9;12;13;16;25;35;37;38;44;45;54;61;62;69;73;79;95;99
2902;20/03/2026;5;12;21;25;29;31;33;36;46;47;50;54;58;60;61;66;68;72;78;83
2903;23/03/2026;10;12;18;24;37;43;45;49;50;53;54;61;70;72;75;82;89;93;95;98
2904;25/03/2026;9;22;41;43;44;45;52;55;57;62;69;72;75;77;79;87;91;93;96;99
2905;27/03/2026;6;7;9;14;17;22;29;32;36;40;52;54;55;67;69;73;74;78;91;98
2906;30/03/2026;0;2;4;6;10;11;12;19;26;31;37;43;45;54;73;74;76;79;91;97
2907;01/04/2026;0;1;4;5;9;25;27;28;34;36;53;58;67;69;72;80;82;93;94;96
2908;06/04/2026;0;5;11;14;15;20;22;26;32;38;43;46;53;58;72;77;93;94;96;97
2909;08/04/2026;6;10;12;14;15;18;21;23;31;40;45;47;55;69;70;73;77;87;91;93
2910;10/04/2026;0;5;6;7;10;14;16;23;28;51;53;54;55;60;67;75;80;83;86;96
2911;13/04/2026;1;8;10;13;17;20;27;29;31;33;36;39;42;47;49;55;61;68;79;98
2912;15/04/2026;2;4;5;22;35;41;47;53;56;60;63;68;69;81;83;84;88;91;93;95
2913;17/04/2026;3;4;9;14;17;19;23;25;28;30;48;49;53;54;63;68;74;76;89;96
2914;20/04/2026;3;9;12;29;38;39;43;48;49;60;63;68;74;78;79;83;85;89;94;98
2915;22/04/2026;0;1;5;10;18;20;21;33;41;45;48;61;64;66;72;74;75;78;87;95
2916;24/04/2026;3;4;5;6;8;15;17;22;23;24;29;37;40;43;50;62;64;82;87;88
2917;27/04/2026;3;4;5;7;9;17;20;23;27;31;42;44;47;51;65;85;90;95;98;99
2918;29/04/2026;7;8;9;10;14;20;26;29;38;42;47;56;68;72;84;85;86;87;91;99
2919;04/05/2026;6;7;26;27;32;40;41;45;49;59;60;61;67;76;80;84;87;88;92;97
2920;06/05/2026;1;9;14;43;44;49;51;54;55;57;79;82;87;90;91;92;93;97;98;99
2921;08/05/2026;1;6;18;26;33;41;47;49;55;61;64;69;71;72;74;75;78;91;92;93
2922;11/05/2026;2;4;10;18;28;32;34;36;46;47;61;65;66;69;76;86;88;91;93;99
2923;13/05/2026;2;5;6;10;11;14;18;31;33;47;48;61;63;68;77;79;82;88;93;95
2924;15/05/2026;0;4;5;12;13;22;25;26;31;48;53;55;67;69;78;82;84;85;88;99
2925;18/05/2026;0;11;12;14;24;31;33;41;45;62;63;68;69;71;72;75;77;89;92;98
2926;20/05/2026;1;2;9;11;19;27;35;43;50;61;64;65;69;72;74;75;82;89;91;93
2927;22/05/2026;3;4;6;11;29;31;44;45;46;51;53;57;60;67;68;69;76;78;84;91
2928;25/05/2026;7;12;18;22;24;35;37;42;58;59;61;63;71;74;75;77;79;91;98;99
2929;27/05/2026;14;15;16;19;27;43;50;51;54;57;60;68;71;72;83;85;87;89;90;93
2930;29/05/2026;3;6;10;12;14;15;17;21;22;27;37;39;40;41;43;47;48;50;64;73
2931;01/06/2026;1;16;30;32;45;49;52;56;60;62;64;71;73;75;78;82;84;86;93;96
2932;03/06/2026;0;1;5;12;14;21;27;33;47;55;63;66;67;68;69;70;73;77;82;91
2933;05/06/2026;0;4;9;10;12;19;23;25;27;33;36;37;41;49;61;65;76;81;88;96
2934;08/06/2026;11;12;19;23;27;30;31;41;45;52;54;55;72;83;84;87;89;94;96;99
2935;10/06/2026;6;9;15;18;29;36;40;51;54;60;73;75;76;77;79;88;89;90;97;99
2936;12/06/2026;0;17;24;26;27;30;32;34;35;47;52;54;57;64;66;76;78;84;85;99
2937;15/06/2026;2;5;9;14;26;35;42;52;54;55;63;67;68;71;78;80;88;89;93;95
2938;17/06/2026;0;13;14;17;18;21;23;30;32;39;53;64;67;68;70;71;85;89;95;99
2939;20/06/2026;9;11;14;17;19;20;28;30;45;49;54;64;65;67;70;76;81;89;95;96
2940;22/06/2026;0;12;15;21;24;26;29;32;35;36;40;42;48;54;55;57;68;69;72;77
2941;25/06/2026;0;1;2;5;11;13;22;25;26;29;40;45;46;47;61;65;71;77;85;88
2942;26/06/2026;2;15;18;20;27;29;35;43;48;51;63;69;74;76;78;81;84;96;98;99
2943;29/06/2026;3;9;10;11;13;14;18;23;29;32;51;64;65;70;78;84;85;87;95;96
2944;01/07/2026;12;20;24;29;35;37;38;46;53;60;63;75;79;80;82;86;90;91;96;98
2945;03/07/2026;0;4;5;7;10;14;18;22;24;40;46;47;57;59;64;74;76;81;84;97
2946;06/07/2026;1;3;15;17;20;22;30;31;35;40;45;51;53;59;64;65;72;82;86;89
2947;08/07/2026;1;8;11;18;24;26;27;29;30;39;42;53;55;58;59;60;72;87;91;95
2948;10/07/2026;0;4;6;9;17;18;20;25;34;36;37;43;51;54;68;84;85;88;97;98
2949;13/07/2026;2;3;7;9;15;19;21;23;59;62;66;67;70;77;79;84;91;92;93;98
2950;15/07/2026;0;4;7;9;11;23;25;26;29;36;44;48;64;65;68;73;74;78;83;90
2951;17/07/2026;7;8;10;12;13;14;16;17;33;34;37;39;44;46;48;56;61;62;80;82
2952;20/07/2026;3;7;15;17;20;21;23;28;30;46;48;56;60;61;65;69;77;91;92;95
2953;22/07/2026;0;1;10;11;16;17;29;30;31;38;56;57;65;75;88;89;90;95;96;98
2954;24/07/2026;0;7;10;12;16;21;37;39;47;48;62;66;74;81;84;85;87;90;93;99
2955;27/07/2026;3;5;10;12;16;17;20;29;35;36;40;46;47;48;53;71;73;79;81;85
2956;29/07/2026;8;18;22;23;30;31;32;42;43;49;59;63;64;66;69;75;78;80;84;89
2957;31/07/2026;0;1;9;10;12;13;18;25;35;37;38;46;54;72;79;80;82;83;84;91
2958;03/08/2026;3;4;7;11;12;21;26;33;38;71;73;74;78;80;84;88;89;92;94;95
2959;05/08/2026;5;8;10;12;22;27;33;35;36;43;49;50;56;61;63;64;65;70;74;93
